Title,EnglishTitle,PageLink,MapLink,Kaartlaag,Geometry,Entity,GPTConfidence,GPTReasoningSummary,GPTError
Corporatiebezit AFWC 2020,Housing association property AFWC 2020,https://maps.amsterdam.nl/open_geodata/?k=208,https://maps.amsterdam.nl/afwc_2020,AFWC_2020,PlainVectorRegion,ObjectDS,0.92,"Polygon features mark identifiable housing association property parcels/buildings, not a tessellated reporting zone. The decisive rule is object: these are bounded real-world properties with ownership/house counts.",
Archeologische beerputten,Archaeological cesspits,https://maps.amsterdam.nl/open_geodata/?k=273,https://maps.amsterdam.nl/archeologie,ARCHEO_BEERPUT_VONDST,PointDS,ObjectDS,0.96,"Point features mark individual archaeological cesspits/finds at specific addresses, so the geometry is PointDS and the main entity is identifiable real-world objects rather than amounts or events.",
Archeologische waterbodems,Archaeological water soils,https://maps.amsterdam.nl/open_geodata/?k=274,https://maps.amsterdam.nl/archeologie,ARCHEO_WATERBODEMS,PointDS,ObjectDS,0.92,"The layer is a point FeatureCollection of archaeological finds/locations. Each point marks a distinct object or find spot (object codes, photos, descriptions), so PointDS + ObjectDS fits best.",
Archeologische vindplaatsen,Archaeological sites,https://maps.amsterdam.nl/open_geodata/?k=101,https://maps.amsterdam.nl/archeologie,ARCHEOVINDPLAATSEN,PlainVectorRegion,ObjectDS,0.95,"Polygon features mark individual archaeological sites/vindplaatsen with names, addresses, and descriptions; they are selected bounded objects, not a tessellation or full-area coverage.",
Barbecue,Barbecue,https://maps.amsterdam.nl/open_geodata/?k=319,https://maps.amsterdam.nl/bbq,BBQ,PlainVectorRegion,ObjectDS,0.95,"Polygon regions mark named parks and green spaces with BBQ rules; these are identifiable bounded objects, not a tessellated reporting layer or full-area coverage.",
Beschermde stads- en dorpsgezichten,Conservation areas,https://maps.amsterdam.nl/open_geodata/?k=125,https://maps.amsterdam.nl/cultuurhistorie,BESCHERMDESTADSGEZICHTEN,PlainVectorRegion,ObjectDS,0.92,"Polygon areas are named protected city/district conservation zones, not a full tessellation or reporting lattice. Main meaning is identifiable bounded heritage areas, so ObjectDS with PlainVectorRegion.",
Wilde bijen,Wild bees,https://maps.amsterdam.nl/open_geodata/?k=135,https://maps.amsterdam.nl/bijen,BIJEN,PointDS,ObjectDS,0.92,"Point features represent bee observation locations; each point is a distinct real-world observed place/object, not a network, amount, or event layer.",
Honingbijen,Honey bees,https://maps.amsterdam.nl/open_geodata/?k=136,https://maps.amsterdam.nl/honingbijen,BIJEN_HONING,PointDS,AmountDS,0.99,"Point features represent honey bee locations/apiaries, and the decisive attribute is numeric quantity (Aantal_volken / Aantal_kasten), so this is a point-based amount layer.",
Bodemkwaliteit,Soil quality,https://maps.amsterdam.nl/open_geodata/?k=57,https://maps.amsterdam.nl/bodemkwaliteit,BODEMKWALITEIT,VectorTessellation,CoverageDS,0.91,"Polygon layer classifying Amsterdam soil quality into zone categories (e.g., Zone 1–7, saneringsgebied) across the study area, so it is a tessellated full-area thematic coverage.",
Bomen (deel 1),Trees (part 1),https://maps.amsterdam.nl/open_geodata/?k=254,https://maps.amsterdam.nl/bomen,BOMEN,PointDS,ObjectDS,0.99,"Point geometry with 70,000 individually identified trees (tree number, species, height, owner/manager) indicates distinct real-world objects, not measures or events.",
Bomen (deel 2),Trees (part 2),https://maps.amsterdam.nl/open_geodata/?k=255,https://maps.amsterdam.nl/bomen,BOMEN_2,PointDS,ObjectDS,0.99,"Point features representing individual trees; each point is a distinct real-world object, so PointDS + ObjectDS.",
Bomen (deel 3),Trees (part 3),https://maps.amsterdam.nl/open_geodata/?k=256,https://maps.amsterdam.nl/bomen,BOMEN_3,PointDS,ObjectDS,0.99,"Point features represent individual trees (distinct, countable real-world objects), so Geometry is PointDS and Entity is ObjectDS.",
Bomen (deel 4),Trees (part 4),https://maps.amsterdam.nl/open_geodata/?k=257,https://maps.amsterdam.nl/bomen,BOMEN_4,PointDS,ObjectDS,0.99,"Point features represent individual trees identified by tree number and species, so this is a point object layer (not network, event, or amount).",
Buurtcompost,Neighborhood compost,https://maps.amsterdam.nl/open_geodata/?k=228,https://maps.amsterdam.nl/buurtcompost,BUURTCOMPOST,PointDS,ObjectDS,0.96,"Point features marking individual neighborhood compost locations; each point is a distinct real-world facility/object, not a measurement or event.",
Cameragebieden,Camera areas,https://maps.amsterdam.nl/open_geodata/?k=149,https://maps.amsterdam.nl/overlast,CAMERAGEBIEDEN,PlainVectorRegion,ObjectDS,0.87,"Polygon areas named as camera areas; they are selected bounded regions, not a full tessellation. By the object/area rule, these named bounded zones are best classified as ObjectDS.",
Canadese populieren,Canadian poplars,https://maps.amsterdam.nl/open_geodata/?k=232,https://maps.amsterdam.nl/canadese_populieren,CANADESE_POPULIEREN,PointDS,ObjectDS,0.99,"Point locations for individual trees; each feature is a distinct real-world object (a Canadian poplar), not a measurement or event. Classified by point geometry + object rule.",
Sensoren Crowd Monitoring Systeem Amsterdam,Sensors Crowd Monitoring System Amsterdam,https://maps.amsterdam.nl/open_geodata/?k=264,https://maps.amsterdam.nl/cmsa,CROWDSENSOREN,PointDS,ObjectDS,0.98,Point features representing identifiable crowd-monitoring sensors/cameras; not a network or measure. Decisive rule: point geometry + real-world objects.,
Cultuurhistorische verkenningen,Cultural historic explorations,https://maps.amsterdam.nl/open_geodata/?k=126,https://maps.amsterdam.nl/cultuurhistorie,CULTUURHISTORIE_VERKENNINGEN,PlainVectorRegion,PatchDS,0.9,"Polygon areas represent selected cultural-historical exploration zones, not a full tessellation or reporting units; best fits bounded area patches.",
Duizendknoop,Knotweed,https://maps.amsterdam.nl/open_geodata/?k=247,https://maps.amsterdam.nl/duizendknoop,DUIZENDKNOOP,PointDS,PatchDS,0.95,"Point features mark knotweed occurrences/patches, not a reporting or full-coverage layer; the decisive rule is bounded phenomenon patch at point locations.",
Ecopassages,Ecopassages,https://maps.amsterdam.nl/open_geodata/?k=63,https://maps.amsterdam.nl/ecopassages,ECOPASSAGES,PointDS,ObjectDS,0.97,Point features marking ecopassage problem/solution locations; main meaning is identifiable real-world objects/locations rather than measurements or events.,
Energie - Potentiele gebieden windenergie,Energy - Potential areas of wind energy,https://maps.amsterdam.nl/open_geodata/?k=96,https://maps.amsterdam.nl/energie_zonwind,ENERGIE_WINDVISIE,PlainVectorRegion,PatchDS,0.91,"Polygon areas mark selected potential wind-energy sites, not a full tessellation or reporting units. The decisive rule is patch-like bounded zones with numeric attributes for capacity/output, so PlainVectorRegion + PatchDS.",
Verkiezingen Europarlement 2019,Elections Europarliament 2019,https://maps.amsterdam.nl/open_geodata/?k=282,https://maps.amsterdam.nl/europarlement2019,EP19,PointDS,ObjectDS,0.98,"Point geometry with 744 voting-location features; each point is a distinct real-world stemlocatie (polling place), so this is best classified as ObjectDS rather than measures or events.",
Eikenprocessierups (nesten),Oak processionary caterpillar (nesting),https://maps.amsterdam.nl/open_geodata/?k=67,https://maps.amsterdam.nl/eikenprocessierups,EPR_NESTEN,PointDS,ObjectDS,0.97,"Point layer marking individual trees/brood nests tied to Boom_IDs; each point is a distinct real-world object, not a measurement or event. The decisive rule is point geometry with object-like entities.",
Fietstaxi - gebieden,Pedicabs - areas,https://maps.amsterdam.nl/open_geodata/?k=140,https://maps.amsterdam.nl/fietstaxi,FIETSTAXI,VectorTessellation,CoverageDS,0.95,"Polygon layer of pedicab areas that partitions the city into allowed/forbidden zones; this is a full-area thematic classification, so VectorTessellation + CoverageDS.",
Fietstaxi - standplaatsen,Pedicabs - pitches,https://maps.amsterdam.nl/open_geodata/?k=141,https://maps.amsterdam.nl/fietstaxi,FIETSTAXI_STANDPLAATSEN,PointDS,ObjectDS,0.97,"Point features mark specific pedicab/coach stand locations; the decisive rule is point geometry + identifiable real-world objects/facilities, not amounts or events.",
Niet-woonfuncties (Functiekaart),Non-residential functions (Function Map),https://maps.amsterdam.nl/open_geodata/?k=49,https://maps.amsterdam.nl/functiekaart,FUNCTIEKAART,PointDS,ObjectDS,0.94,"Point features each mark a distinct non-residential object/building with address and function attributes; this is an object layer, not a measurement or event layer.",
Functiemix,Function mix,https://maps.amsterdam.nl/open_geodata/?k=310,https://maps.amsterdam.nl/functiemix,FUNCTIEMIX,VectorTessellation,CoverageDS,0.98,Polygon layer of block/street units classified by function-mix percentages (WON/VZN/WRK); this is a tessellation and the main meaning is a full-area thematic coverage classification.,
Wijken,Neighborhoods,https://maps.amsterdam.nl/open_geodata/?k=200,https://maps.amsterdam.nl/gebiedsindeling,GEBIED_BUURTCOMBINATIES,VectorTessellation,LatticeDS,0.98,"Neighborhood polygons form a near-complete partition of Amsterdam; the decisive rule is tessellation. The layer is a reporting/administrative unit layer (buurtcombinaties) with codes and area, so LatticeDS fits.",
Wijken excl.water,Neighborhoods excl.water,https://maps.amsterdam.nl/open_geodata/?k=201,https://maps.amsterdam.nl/gebiedsindeling,GEBIED_BUURTCOMBINATIES_EXWATER,VectorTessellation,LatticeDS,0.98,"Neighborhood polygons covering Amsterdam’s area (excl. water) form a near-complete partition, and the attributes identify reporting units with codes and area; this matches tessellation + lattice.",
Buurten,Neighborhoods,https://maps.amsterdam.nl/open_geodata/?k=198,https://maps.amsterdam.nl/gebiedsindeling,GEBIED_BUURTEN,VectorTessellation,LatticeDS,0.99,"Neighborhood polygons form a near-complete partition of Amsterdam, so the geometry is a tessellation. They are reporting/statistical units with codes and area attributes, so the entity is LatticeDS.",
Buurten excl.water,Neighborhoods excl.water,https://maps.amsterdam.nl/open_geodata/?k=199,https://maps.amsterdam.nl/gebiedsindeling,GEBIED_BUURTEN_EXWATER,VectorTessellation,LatticeDS,0.98,"Neighborhood polygons form a near-complete partition of Amsterdam, and the layer is a reporting/statistical unit map (buurten) with codes and area attributes, so tessellation + lattice.",
Stadsdelen,City districts,https://maps.amsterdam.nl/open_geodata/?k=202,https://maps.amsterdam.nl/gebiedsindeling,GEBIED_STADSDELEN,VectorTessellation,LatticeDS,0.98,"City districts are administrative reporting units that partition Amsterdam, so the geometry is a tessellation and the entity is a lattice (district units with attached attributes like area).",
Stadsdelen excl.water,City districts excl.water,https://maps.amsterdam.nl/open_geodata/?k=203,https://maps.amsterdam.nl/gebiedsindeling,GEBIED_STADSDELEN_EXWATER,VectorTessellation,LatticeDS,0.97,"City districts are administrative reporting units that partition Amsterdam; the polygons form a tessellation, so this is a lattice/reporting-unit layer.",
22 Gebieden,22 Areas,https://maps.amsterdam.nl/open_geodata/?k=204,https://maps.amsterdam.nl/gebiedsindeling,GEBIEDEN22,VectorTessellation,LatticeDS,0.97,Polygon layer of 22 named Amsterdam areas that functions as a complete area partition; decisive rules are tessellation and reporting-unit style area division (Gebied/Stadsdeel codes with area attributes).,
22 Gebieden excl.water,22 Areas excluding water,https://maps.amsterdam.nl/open_geodata/?k=205,https://maps.amsterdam.nl/gebiedsindeling,GEBIEDEN22_EXWATER,VectorTessellation,LatticeDS,0.94,"Polygon areas named by Amsterdam districts/areas with codes and area fields; they form a near-complete area division, so this is a tessellation of reporting units (gebiedsindeling).",
25 Praktijkgebieden,25 Practice areas,https://maps.amsterdam.nl/open_geodata/?k=268,https://maps.amsterdam.nl/gebiedsindeling,GEBIEDEN25,VectorTessellation,LatticeDS,0.98,Polygon areas named as practice areas and tied to stadsdeel codes indicate a partition of Amsterdam into reporting/administrative units; this matches tessellation and the reporting-unit (lattice) rule.,
25 Praktijkgebieden excl.water,25 Practice areas excluding water,https://maps.amsterdam.nl/open_geodata/?k=269,https://maps.amsterdam.nl/gebiedsindeling,GEBIEDEN25_EXWATER,VectorTessellation,LatticeDS,0.98,"Polygons represent Amsterdam practice areas that subdivide the city into reporting units, with area attributes; this fits tessellation + lattice.",
Geluidscontouren industrie,Noise contours industry,https://maps.amsterdam.nl/open_geodata/?k=263,https://maps.amsterdam.nl/geluid2,GELUID_INDUSTRIE,PlainVectorRegion,ContourDS,0.96,"Polygon regions represent industrial noise contour zones (50 dB etc.); this is an isoline/interval-style contour layer, not a tessellation or reporting unit layer.",
Geluidscontouren luchtvaart,Noise contours air traffic,https://maps.amsterdam.nl/open_geodata/?k=252,https://maps.amsterdam.nl/geluid,GELUID_LUCHTVAART_LDEN,PlainVectorRegion,ContourDS,0.97,"Polygon bands represent noise contour intervals (55-60, 60-65, 65-70, >70 dB), so this is a contour/interval map; the regions do not form a reporting tessellation, so Geometry is PlainVectorRegion.",
Geluidscontouren verkeer (deel 1),Noise contours traffic (part 1),https://maps.amsterdam.nl/open_geodata/?k=267,https://maps.amsterdam.nl/geluid1,GELUID_VERKEER,VectorTessellation,ContourDS,0.99,"Polygon features form contour bands for traffic noise levels (dB classes), so the layer is a tessellated contour map rather than isolated patches or reporting units.",
Geluidscontouren verkeer (deel 2),Noise contours traffic (part 2),https://maps.amsterdam.nl/open_geodata/?k=134,https://maps.amsterdam.nl/geluid,GELUID_VERKEER_2,VectorTessellation,ContourDS,0.98,"Polygon regions form a contour-style tessellation of noise bands (e.g., 50-55 dB, 55-60 dB), so the geometry is VectorTessellation and the entity is ContourDS.",
Verkiezingen Gemeenteraad 2018,Elections Municipality 2018,https://maps.amsterdam.nl/open_geodata/?k=250,https://maps.amsterdam.nl/gemeenteraad2018,GEMEENTERAAD2018,PointDS,AmountDS,0.99,"Point features represent voting locations (Stembureau/Stemlocatie), and the main meaning is numeric election results and turnout counts/percentages, so PointDS + AmountDS.",
Groene daken,Green roofs,https://maps.amsterdam.nl/open_geodata/?k=51,https://maps.amsterdam.nl/groene_daken,GROENE_DAKEN,PointDS,ObjectDS,0.97,"Point features marking individual green roof locations by address; the layer is about identifiable real-world objects (green roofs), not a network or measurement field.",
Grondgebruik 2017,Land use 2017,https://maps.amsterdam.nl/open_geodata/?k=152,https://maps.amsterdam.nl/grondgebruik,GRONDGEBRUIK_2017,VectorTessellation,CoverageDS,0.98,Land use 2017 is an area-wide thematic classification of polygon classes that together partition the city; this matches tessellation geometry and coverage entity.,
Historische bebouwing,Historical buildings,https://maps.amsterdam.nl/open_geodata/?k=118,https://maps.amsterdam.nl/archeologie,HISTORISCHE_BEBOUWING,PointDS,ObjectDS,0.98,"Point geometries mark individual historical buildings/structures (e.g., churches, gates, monasteries), so this is a set of identifiable real-world objects rather than measurements or events.",
Hoe groot is Amsterdam,How big is Amsterdam,https://maps.amsterdam.nl/open_geodata/?k=166,https://maps.amsterdam.nl/hoegroot,HOEGROOT,VectorTessellation,LatticeDS,0.94,"The layer uses polygons for municipality areas, which are reporting/administrative units rather than isolated patches. By the tessellation and reporting-unit rules, Geometry is VectorTessellation and Entity is LatticeDS.",
Honden uitren- en verbodsgebieden,Dogs run and ban areas,https://maps.amsterdam.nl/open_geodata/?k=245,https://maps.amsterdam.nl/honden,HONDEN,VectorTessellation,CoverageDS,0.95,"Polygons form a citywide set of dog-rule areas, and the layer classifies area-wide restrictions/permissions rather than reporting units or individual objects; this matches a tessellation-style coverage map.",
Hoofdgroenstructuur (HGS),Main Green Structure,https://maps.amsterdam.nl/open_geodata/?k=55,https://maps.amsterdam.nl/hoofdgroenstructuur,HOOFDGROENSTRUCTUUR,PlainVectorRegion,ObjectDS,0.92,"Polygon regions are individual named green areas in Amsterdam’s Main Green Structure, not a full tessellation; the decisive rule is object-like bounded areas (parks, cemeteries, corridors) rather than reporting units or coverage.",
Iepen particulier,Elm trees - private,https://maps.amsterdam.nl/open_geodata/?k=330,https://maps.amsterdam.nl/iepen,IEPEN_PARTICULIER,PointDS,ObjectDS,0.99,"Point features represent individual elm trees ('Iepen particulier'); this is a set of identifiable real-world objects, not amounts or events.",
Jongeren- en Studentenhuisvesting,Youth and Student Housing,https://maps.amsterdam.nl/open_geodata/?k=115,https://maps.amsterdam.nl/jongerenstudentenhuisvesting,JONGERENSTUDENTENHUISVESTING,PointDS,AmountDS,0.98,"Point features mark housing locations, and the key attribute is Aantal_woningen (number of dwellings), so the decisive rule is point data with numeric magnitude = AmountDS.",
Kastanjebloedingsziekte,Chestnut bleeding disorder,https://maps.amsterdam.nl/open_geodata/?k=93,https://maps.amsterdam.nl/kastanjes,KASTANJES,PointDS,ObjectDS,0.98,"Point features mark individual chestnut trees; the layer is about identifiable real-world objects, not counts or coverage. The decisive rule is point geometry -> ObjectDS.",
Klimaat - Droogte,Climate - Drought,https://maps.amsterdam.nl/open_geodata/?k=317,https://maps.amsterdam.nl/klimaatadaptatie,KLIMAAT_DROOGTE,PointDS,PointMeasuresDS,0.98,"Point features with numeric fields for ground level and groundwater depth; the layer is a sampled measurement of a continuous phenomenon at locations, so PointDS + PointMeasuresDS.",
Klimaat - Overstroming,Climate - Flood,https://maps.amsterdam.nl/open_geodata/?k=318,https://maps.amsterdam.nl/klimaatadaptatie,KLIMAAT_OVERSTROMING,VectorTessellation,CoverageDS,0.97,"Polygon layer of flood risk classes (chance/depth) covering the area as a thematic classification, so it fits tessellation geometry and full-area coverage.",
Markten,Markets,https://maps.amsterdam.nl/open_geodata/?k=123,https://maps.amsterdam.nl/markten,MARKTEN,PointDS,ObjectDS,0.97,"Point geometry with named market locations; each point is a distinct real-world market object/place, so ObjectDS fits best.",
Groene monumenten,Green monuments,https://maps.amsterdam.nl/open_geodata/?k=68,https://maps.amsterdam.nl/monumentaal_groen,MONUMENTAAL_GROEN,PointDS,ObjectDS,0.97,"Point geometry with named, countable green monuments/park objects; not a network or amount. Each point denotes a distinct real-world monument object.",
Monumentale bomen,Monumental trees,https://maps.amsterdam.nl/open_geodata/?k=59,https://maps.amsterdam.nl/monumentaal_groen,MONUMENTALE_BOMEN,PointDS,ObjectDS,0.99,"Point features mark individual monumental trees, which are distinct real-world objects rather than measurements or events.",
Monumenten,Monuments,https://maps.amsterdam.nl/open_geodata/?k=155,https://maps.amsterdam.nl/monumenten,MONUMENTEN,PointDS,ObjectDS,0.99,"Point geometry with each point representing a distinct monument/object (monument status, name, address). Decisive rule: identifiable real-world objects.",
Muurplanten,Quay wall plants,https://maps.amsterdam.nl/open_geodata/?k=106,https://maps.amsterdam.nl/muurplanten,MUURPLANTEN,PointDS,ObjectDS,0.91,"Point geometry with 1530 plant observations; each point marks a distinct quay-wall plant record/species occurrence rather than a measure or event, so ObjectDS fits best.",
NO2 metingen 4-weken,NO2 measurements 4 weeks,https://maps.amsterdam.nl/open_geodata/?k=331,https://maps.amsterdam.nl/no2,NO2_4WEKEN,VectorTessellation,AmountDS,0.97,"Polygon layer of 3292 areas keyed by code/year, representing NO2 measurement values over time. The polygons act as a tessellation/reporting-unit layer, and the main meaning is a numeric magnitude (NO2 concentration), so AmountDS.",
NO2 metingen locaties,NO2 measurements locations,https://maps.amsterdam.nl/open_geodata/?k=308,https://maps.amsterdam.nl/no2,NO2_LOCATIES,PointDS,ObjectDS,0.97,Point geometry with 302 named NO2 measurement locations; decisive rule is point locations representing distinct monitoring sites/objects rather than a field or event.,
Oergeul,Primeval gulch,https://maps.amsterdam.nl/open_geodata/?k=242,https://maps.amsterdam.nl/oergeul,OERGEUL,PlainVectorRegion,PatchDS,0.82,Polygon features do not form a full tessellation; the layer is a bounded area map of primeval gulch zones. The decisive rule is patch/selected area rather than reporting unit or coverage.,
Oergeul - sonderingen,Primeval gulch - soundings,https://maps.amsterdam.nl/open_geodata/?k=243,https://maps.amsterdam.nl/oergeul,OERGEUL_SONDERINGEN,PointDS,PointMeasuresDS,0.98,"Point soundings/boreholes are sampled measurement locations, and the key attributes are depth/elevation values (e.g., Top_Pleistoceen), so this is PointDS with PointMeasuresDS.",
Ontwikkelbuurten,Development neighbourhoods,https://maps.amsterdam.nl/open_geodata/?k=279,https://maps.amsterdam.nl/ontwikkelbuurten,ONTWIKKELBUURTEN,PlainVectorRegion,ObjectDS,0.92,"Polygon regions that are named development neighbourhoods, not a full tessellation for statistical reporting. Best fit is object-like bounded areas (development neighbourhoods) rather than coverage or lattice.",
Openbare toiletten,Public toilets,https://maps.amsterdam.nl/open_geodata/?k=240,https://maps.amsterdam.nl/openbare_toiletten,OPENBARE_TOILETTEN,PointDS,ObjectDS,0.98,Point features mark individual public toilet locations; the decisive rule is distinct real-world objects represented by points.,
Overnachtingsbeleid,Overnight policy,https://maps.amsterdam.nl/open_geodata/?k=227,https://maps.amsterdam.nl/overnachtingsbeleid,OVERNACHTINGSBELEID,VectorTessellation,ExistenceDS,0.87,"Polygon features are neighbourhood/area units that partition Amsterdam, so Geometry is tessellation. The layer marks where overnight/hotel policy is allowed or not allowed by area (SELECTIE TENZIJ/NIET), so the main meaning is Boolean presence/permission status, fitting ExistenceDS.",
Parkeernormen Auto,Parking standards Cars,https://maps.amsterdam.nl/open_geodata/?k=239,https://maps.amsterdam.nl/parkeernormen,PARKEERNORMEN,VectorTessellation,CoverageDS,0.95,"Polygon layer of parking standards categories; the regions are a tessellated area-wide thematic classification, so use VectorTessellation and CoverageDS.",
"Parken, plantsoenen en recreatief groen",City parks en public green,https://maps.amsterdam.nl/open_geodata/?k=99,https://maps.amsterdam.nl/stadsparken,PARKPLANTSOENGROEN,PlainVectorRegion,ObjectDS,0.97,"Polygon/multipolygon features represent named parks and green spaces, not a full tessellation. The decisive rule is object: each polygon is an identifiable park or public green asset, with area as an attribute.",
Postcode4-buurten,Zipcode4 shapes,https://maps.amsterdam.nl/open_geodata/?k=192,https://maps.amsterdam.nl/postcode,PC4_BUURTEN,VectorTessellation,LatticeDS,0.98,"Polygons are postcode areas that partition the city, so geometry is a tessellation. The decisive entity rule is reporting/statistical units: postcode4 zones are aggregation units with area attributes (Opp_m2).",
Postcode4-buurten excl. water,Zipcode4 shapes excl. water,https://maps.amsterdam.nl/open_geodata/?k=193,https://maps.amsterdam.nl/postcode,PC4_BUURTEN_EXWATER,VectorTessellation,LatticeDS,0.98,"Polygon postcode areas form a near-complete partition of Amsterdam, so geometry is tessellation. The decisive entity rule is reporting/statistical units: postcode4 areas with area attribute, so LatticeDS.",
Postcode6-vlakken BAG,Zipcode6 shapes,https://maps.amsterdam.nl/open_geodata/?k=191,https://maps.amsterdam.nl/postcode,PC6_VLAKKEN_BAG,VectorTessellation,LatticeDS,0.99,"Polygon postcode6 areas intended as a complete territorial partition; the decisive rule is reporting/statistical units, so this is a lattice.",
Plusnetten en Hoofdnetten,Plus and Main networks infrastructure,https://maps.amsterdam.nl/open_geodata/?k=233,https://maps.amsterdam.nl/plushoofdnetten,PLUSHOOFDNETTEN,LineDS,ObjectDS,0.97,"LineString road/transport infrastructure layer; the decisive rule is network-like line features, but the allowed entity set lacks NetworkDS, so these are best treated as identifiable linear objects (roads/networks) rather than areas or counts.",
Plusnetten Voetgangersgebied,Plusnetworks pedestrians,https://maps.amsterdam.nl/open_geodata/?k=84,https://maps.amsterdam.nl/plushoofdnetten,PLUSHOOFDNETTEN_VOETGEBIED,PlainVectorRegion,CoverageDS,0.96,"Polygons are selected pedestrian-area regions rather than a complete tessellation. The key attribute is a categorical area-wide classification (plein_park: Park/Plein), so this is a coverage-style thematic layer.",
Privacy - Masten,Privacy - Masts,https://maps.amsterdam.nl/open_geodata/?k=304,https://maps.amsterdam.nl/privacy,PRIVACY_AISMASTEN,PointDS,ObjectDS,0.97,"Point features with named locations (e.g., bridges, sluices, buildings) indicate distinct real-world objects; the decisive rule is point geometry plus object-like place names.",
Privacy - Overig,Privacy - Other,https://maps.amsterdam.nl/open_geodata/?k=306,https://maps.amsterdam.nl/privacy,PRIVACY_OVERIG,PointDS,ObjectDS,0.92,"Point geometry with each point marking a distinct privacy-related investigation/type entry; treated as identifiable objects rather than measurements, events, or amounts.",
Privacy - Wagenparkscan,Privacy - Car fleet scan,https://maps.amsterdam.nl/open_geodata/?k=305,https://maps.amsterdam.nl/privacy,PRIVACY_WAGENPARKSCAN,PointDS,ObjectDS,0.95,"Point features mark specific scan locations along streets; the decisive rule is point geometry with each point representing a distinct real-world location/object rather than an amount, event, or network.",
Verkiezingen Provinciale Staten 2019,Elections Provinces 2019,https://maps.amsterdam.nl/open_geodata/?k=280,https://maps.amsterdam.nl/provincialestaten2019,PS19,PointDS,AmountDS,0.98,"Point features mark voting locations/precinct results, and the main meaning is numeric election counts and percentages (amounts) rather than objects or events.",
Rainproof - Hoog grondwater,Rainproof - High groundwater,https://maps.amsterdam.nl/open_geodata/?k=290,https://maps.amsterdam.nl/rainproof,RAINPROOF_DRAINAGE,PlainVectorRegion,ExistenceDS,0.92,"Polygon regions mark drainage feasibility zones, not a full tessellation or reporting grid; the decisive rule is Boolean presence/absence of drainage possibility (Mogelijk/Niet mogelijk), so ExistenceDS.",
Rainproof - Hydro-eenheden,Rainproof - Hydro units,https://maps.amsterdam.nl/open_geodata/?k=289,https://maps.amsterdam.nl/rainproof,RAINPROOF_HYDRO_EENHEDEN,PlainVectorRegion,PatchDS,0.9,"Polygons are selected hydro unit areas, not a full tessellation of Amsterdam. The layer is about Rainproof solution areas/units by ID, so the decisive rule is bounded selected regions -> PatchDS.",
Rainproof - Knelpunten,Rainproof - Bottlenecks,https://maps.amsterdam.nl/open_geodata/?k=288,https://maps.amsterdam.nl/rainproof,RAINPROOF_KNELPUNTEN,PlainVectorRegion,PatchDS,0.95,"Polygon areas mark specific rainproof bottleneck zones with descriptions of local water accumulation; they are selected problem areas, not a full tessellation or reporting units, so PatchDS.",
Rainproof - Polderriool,Rainproof - Polder sewerage,https://maps.amsterdam.nl/open_geodata/?k=291,https://maps.amsterdam.nl/rainproof,RAINPROOF_POLDERRIOOL,PlainVectorRegion,ObjectDS,0.87,"Polygon features are selected locations rather than a tessellation; the layer names specific polder sewerage sites/objects (Locatie), so ObjectDS is the best fit.",
Religie,Religion,https://maps.amsterdam.nl/open_geodata/?k=314,https://maps.amsterdam.nl/religie,RELIGIE,PointDS,ObjectDS,0.98,"Point features mark distinct religious buildings/places (churches, mosques, temples), so the layer is best read as identifiable objects rather than measures or events.",
Voetpaden breedte,Sidewalks width,https://maps.amsterdam.nl/open_geodata/?k=299,https://maps.amsterdam.nl/sidewalks,SIDEWALKS,LineDS,AmountDS,0.97,"Line geometries represent sidewalk segments, and the main attribute is sidewalk width (a numeric magnitude) with obstacle/space-claim counts. This fits a line-based AmountDS rather than a network-routing layer.",
Snorfiets naar de rijbaan,Mopeds on the roadway,https://maps.amsterdam.nl/open_geodata/?k=265,https://maps.amsterdam.nl/snorfietsnaarrijbaan,SNORFIETSLIJNEN,LineDS,ObjectDS,0.96,"Line geometry with named street segments and road-side directions; this is a set of identifiable linear road-related objects, not a network flow layer.",
Openbare Sportplekken,Public playgrounds,https://maps.amsterdam.nl/open_geodata/?k=56,https://maps.amsterdam.nl/sport,SPORT_OPENBAAR,PointDS,ObjectDS,0.98,"Point features for public playground/sport facilities; each point is a distinct real-world object/facility, so use ObjectDS.",
Stadslandbouw (locaties),City farming (locations),https://maps.amsterdam.nl/open_geodata/?k=62,https://maps.amsterdam.nl/stadslandbouw,STADSLANDBOUW_PUNT,PointDS,ObjectDS,0.99,"Point locations of city farming sites with names/addresses; each point is a distinct real-world place/facility, so PointDS + ObjectDS.",
Stadslandbouw (terreinen),City farming (terrains),https://maps.amsterdam.nl/open_geodata/?k=76,https://maps.amsterdam.nl/stadslandbouw,STADSLANDBOUW_VLAK,PlainVectorRegion,ObjectDS,0.95,"Polygon features are individual named city farming sites, not a full tessellation. The decisive rule is object: each bounded area is a distinct real-world facility/park, so ObjectDS fits better than patch or coverage.",
Stadsloods,City pilot,https://maps.amsterdam.nl/open_geodata/?k=66,https://maps.amsterdam.nl/stadsloods,STADSLOODS,PointDS,ObjectDS,0.97,Point geometry with named initiatives/activities and years; the decisive rule is point-based identifiable objects/places rather than measures or events.,
Stadsstraten,Major streets,https://maps.amsterdam.nl/open_geodata/?k=275,https://maps.amsterdam.nl/stadsstraat,STADSSTRAAT,LineDS,ObjectDS,0.92,"LineString features define a line layer, and the decisive rule is major street features: connected road objects rather than a network flow or numeric measure.",
Stadswarmtekoude - transport,District heating cooling - transport,https://maps.amsterdam.nl/open_geodata/?k=224,https://maps.amsterdam.nl/stadswarmtekoude,STADSWARMTEKOUDE_TRANSPORT,LineDS,AmountDS,0.97,"Line geometry and the title/attributes indicate district heating/cooling transport infrastructure; by the network rule this is a transport/utility line system, with status categories as supporting attributes.",
Stadswarmtekoude - wijk,District heating cooling - neighbourhood,https://maps.amsterdam.nl/open_geodata/?k=301,https://maps.amsterdam.nl/stadswarmtekoude,STADSWARMTEKOUDE_WIJK,PlainVectorRegion,PatchDS,0.89,"Polygon areas mark district heating/cooling zones with construction/operation status; they are selected bounded service areas, not a reporting tessellation or full-area coverage, so PlainVectorRegion + PatchDS.",
Woningbouwplannen - Strategische ruimte en Verkenning,Housing plans - Strategic space,https://maps.amsterdam.nl/open_geodata/?k=226,https://maps.amsterdam.nl/woningbouwplannen,STRATEGISCHERUIMTE,PlainVectorRegion,AmountDS,0.96,"Polygon project areas for housing plans; not a full tessellation, so PlainVectorRegion. Main meaning is numeric housing capacity (Aantal_woningen_max), so AmountDS.",
Streekproducten,Local farming products,https://maps.amsterdam.nl/open_geodata/?k=58,https://maps.amsterdam.nl/streekproducten,STREEKPRODUCTEN,PointDS,ObjectDS,0.98,"Point features marking named local farming product businesses/places; classification follows point geometry and identifiable real-world objects (not amounts, events, or network).",
Tram- en metrolijnen 2018,Tram and metro lines 2018,https://maps.amsterdam.nl/open_geodata/?k=321,https://maps.amsterdam.nl/trammetro,TRAMMETRO_LIJNEN_2018,LineDS,EventDS,0.96,"LineString features represent tram and metro routes, so geometry is LineDS. By the network/route-system rule, the main phenomenon is connected transport lines rather than objects or areas.",
Tram- en metrolijnen 2020,Tram and metro lines 2020,https://maps.amsterdam.nl/open_geodata/?k=220,https://maps.amsterdam.nl/trammetro,TRAMMETRO_LIJNEN_2020,LineDS,ObjectDS,0.97,"LineString geometry and the layer title indicate tram and metro lines; this is a connected transport network, but among the allowed entity labels the best fit is ObjectDS for distinct linear features.",
Tramhaltes en metrostations 2018,Tram stops and metro stations 2018,https://maps.amsterdam.nl/open_geodata/?k=322,https://maps.amsterdam.nl/trammetro,TRAMMETRO_PUNTEN_2018,PointDS,ObjectDS,0.99,"Point geometry and the layer is a list of tram stops and metro stations, so the decisive rule is object points representing real-world transit facilities.",
Tramhaltes en metrostations 2020,Tram stops and metro stations 2020,https://maps.amsterdam.nl/open_geodata/?k=221,https://maps.amsterdam.nl/trammetro,TRAMMETRO_PUNTEN_2020,PointDS,ObjectDS,0.99,"Point geometry with named tram stops and metro stations; each point is a distinct transit facility/object, not a measurement or event.",
Verkeerslichten,Traffic lights,https://maps.amsterdam.nl/open_geodata/?k=61,https://maps.amsterdam.nl/verkeerslichten,VERKEERSLICHTEN,PointDS,ObjectDS,0.98,"Point features represent individual traffic light intersections/objects; not a network, amount, or event. Decisive rule: point geometry with identifiable real-world objects.",
Verkeersprognoses,Traffic prognosis,https://maps.amsterdam.nl/open_geodata/?k=253,https://maps.amsterdam.nl/verkeersprognoses,VERKEERSPROGNOSE,LineDS,AmountDS,0.98,"Line geometries represent road links in a traffic prognosis network, and the attributes are numeric traffic volumes by time period; network/amount rules apply.",
Verkiezingen Tweede Kamer 2017,Elections Parliament 2017,https://maps.amsterdam.nl/open_geodata/?k=217,https://maps.amsterdam.nl/verkiezingen2017,VERKIEZINGEN2017,PointDS,AmountDS,0.98,"Point features mark election polling places, and the main meaning is numeric vote/turnout magnitude at each location (amount-based election results).",
Vervangen bomen,Tree replacement,https://maps.amsterdam.nl/open_geodata/?k=296,https://maps.amsterdam.nl/vervangen_bomen,VERVANGENBOMEN,PointDS,ObjectDS,0.98,"Point features mark individual trees with ID, species, planting year, and size classes; this is a set of identifiable real-world objects, not a network or amount.",
Verkeersinformatiesystemen,Traffic Information Systems,https://maps.amsterdam.nl/open_geodata/?k=182,https://maps.amsterdam.nl/vis,VIS,PointDS,ObjectDS,0.98,"Point features representing identifiable traffic information system devices (e.g., cameras, displays, sensors); this is an object layer, not a measurement or event layer.",
Verkeersinformatiesystemen - BFA,Traffic Information Systems - BFA,https://maps.amsterdam.nl/open_geodata/?k=266,https://maps.amsterdam.nl/vis,VIS_BFA,PointDS,ObjectDS,0.98,Point features marking individual traffic information system installations (BFA devices); decisive rule is identifiable real-world objects at point locations.,
Broedende vogels,Breeding birds,https://maps.amsterdam.nl/open_geodata/?k=87,https://maps.amsterdam.nl/vogels,VOGELS,PointDS,AmountDS,0.94,"Point features mark bird nesting locations, and the main meaning is numeric magnitude via per-year counts (Aantal_2011–2020), so this is PointDS with AmountDS.",
Vondelpark zitbanken,Vondelpark benches,https://maps.amsterdam.nl/open_geodata/?k=248,https://maps.amsterdam.nl/vondelpark_zitbanken,VONDELPARK_ZITBANKEN,PointDS,ObjectDS,0.99,"Point features mark individual benches in Vondelpark; the decisive rule is identifiable real-world object, not measurement or event.",
Walkability,Walkability,https://maps.amsterdam.nl/open_geodata/?k=298,https://maps.amsterdam.nl/walkability,WALKABILITY,LineDS,AmountDS,0.97,"LineString street segments indicate LineDS. The layer rates walkability and crowding with ordinal magnitude categories (e.g., goed, matig, druk), so the main meaning is an amount/intensity classification rather than objects or events.",
Wandkunst,Wall art,https://maps.amsterdam.nl/open_geodata/?k=272,https://maps.amsterdam.nl/wandkunst,WANDKUNST,PointDS,ObjectDS,0.98,"Point geometry with 226 distinct wall-art artworks at building addresses; each feature is an identifiable real-world object, so ObjectDS fits best.",
Welstandniveaus bebouwing,Wealth levels building,https://maps.amsterdam.nl/open_geodata/?k=173,https://maps.amsterdam.nl/welstand,WELSTAND_NIVEAUS,VectorTessellation,CoverageDS,0.95,"Polygon layer of area-wide welstandniveaus; the regions form a thematic classification over the study area, so this is a tessellation with coverage semantics.",
Welstandsystemen bebouwing,Wealth systems building,https://maps.amsterdam.nl/open_geodata/?k=174,https://maps.amsterdam.nl/welstand,WELSTAND_SYSTEMEN,VectorTessellation,CoverageDS,0.96,Polygon layer of building/urban style systems that categorizes the whole area into thematic classes; this fits a near-complete tessellation and a full-area coverage classification.,
Amsterdam onder vuur in WOII,Amsterdam under attack in WWII,https://maps.amsterdam.nl/open_geodata/?k=100,https://maps.amsterdam.nl/woii,WOII,PointDS,EventDS,0.98,Point features mark WWII attack/incidents at addresses; the decisive rule is point geometry with event-based meaning (something that happened at a place and date).,
Woningbouwplannen,Housing plans,https://maps.amsterdam.nl/open_geodata/?k=142,https://maps.amsterdam.nl/woningbouwplannen,WONINGBOUWPLANNEN,PlainVectorRegion,PatchDS,0.91,"Polygon areas represent individual housing project/planning zones, not a full tessellation or reporting grid. Main meaning is bounded development plan patches with housing counts as attributes, so PatchDS fits best.",
Zelfbouwkavels,Do-it-yourself plots,https://maps.amsterdam.nl/open_geodata/?k=60,https://maps.amsterdam.nl/zelfbouwkavels,ZELFBOUWKAVELS,PointDS,ObjectDS,0.97,"Point features mark individual self-build plot projects/locations; the layer is about identifiable real-world objects (project sites), not measurements or events.",
Zonnepanelen op erfgoed,Solar panels on heritage,https://maps.amsterdam.nl/open_geodata/?k=320,https://maps.amsterdam.nl/zonnedaken_erfgoed,ZONNEDAKEN_ERFGOED,VectorTessellation,CoverageDS,0.94,"Polygon layer uses a near-area-wide categorical classification by Categorie (historical/attention classes), so the decisive rule is full-area thematic classification -> CoverageDS; polygons function as a tessellation of mapped areas.",
Zonnepanelen,Solar panels,https://maps.amsterdam.nl/open_geodata/?k=251,https://maps.amsterdam.nl/zonnepanelen,ZONNEPANELEN2017,PointDS,AmountDS,0.97,"Point features represent solar panel locations; attributes are numeric counts and capacity (gedetecteerde_panelen, vermogen), so the decisive rule is point data with main meaning as amount.",
Zwemwater,Swimming water,https://maps.amsterdam.nl/open_geodata/?k=218,https://maps.amsterdam.nl/zwemwater,ZWEMWATER,PointDS,ObjectDS,0.98,"Point features mark named swimming locations and facilities (e.g., beaches, pools), so the layer is best treated as identifiable objects rather than measures or events.",
