Title,EnglishTitle,PageLink,MapLink,Kaartlaag,Geometry,Entity
Corporatiebezit AFWC 2020,Housing association property AFWC 2020,https://maps.amsterdam.nl/open_geodata/?k=208,https://maps.amsterdam.nl/afwc_2020,AFWC_2020,PlainVectorRegion,ObjectDS
Archeologische beerputten,Archaeological cesspits,https://maps.amsterdam.nl/open_geodata/?k=273,https://maps.amsterdam.nl/archeologie,ARCHEO_BEERPUT_VONDST,PointDS,ObjectDS
Archeologische waterbodems,Archaeological water soils,https://maps.amsterdam.nl/open_geodata/?k=274,https://maps.amsterdam.nl/archeologie,ARCHEO_WATERBODEMS,PointDS,ObjectDS
Archeologische vindplaatsen,Archaeological sites,https://maps.amsterdam.nl/open_geodata/?k=101,https://maps.amsterdam.nl/archeologie,ARCHEOVINDPLAATSEN,PlainVectorRegion,ObjectDS
Barbecue,Barbecue,https://maps.amsterdam.nl/open_geodata/?k=319,https://maps.amsterdam.nl/bbq,BBQ,PlainVectorRegion,ObjectDS
Beschermde stads- en dorpsgezichten,Conservation areas,https://maps.amsterdam.nl/open_geodata/?k=125,https://maps.amsterdam.nl/cultuurhistorie,BESCHERMDESTADSGEZICHTEN,PlainVectorRegion,ObjectDS
Wilde bijen,Wild bees,https://maps.amsterdam.nl/open_geodata/?k=135,https://maps.amsterdam.nl/bijen,BIJEN,PointDS,AmountDS
Honingbijen,Honey bees,https://maps.amsterdam.nl/open_geodata/?k=136,https://maps.amsterdam.nl/honingbijen,BIJEN_HONING,PointDS,AmountDS
Bodemkwaliteit,Soil quality,https://maps.amsterdam.nl/open_geodata/?k=57,https://maps.amsterdam.nl/bodemkwaliteit,BODEMKWALITEIT,PlainVectorRegion,PatchDS
Bomen (deel 1),Trees (part 1),https://maps.amsterdam.nl/open_geodata/?k=254,https://maps.amsterdam.nl/bomen,BOMEN,PointDS,ObjectDS
Bomen (deel 2),Trees (part 2),https://maps.amsterdam.nl/open_geodata/?k=255,https://maps.amsterdam.nl/bomen,BOMEN_2,PointDS,ObjectDS
Bomen (deel 3),Trees (part 3),https://maps.amsterdam.nl/open_geodata/?k=256,https://maps.amsterdam.nl/bomen,BOMEN_3,PointDS,ObjectDS
Bomen (deel 4),Trees (part 4),https://maps.amsterdam.nl/open_geodata/?k=257,https://maps.amsterdam.nl/bomen,BOMEN_4,PointDS,ObjectDS
Buurtcompost,Neighborhood compost,https://maps.amsterdam.nl/open_geodata/?k=228,https://maps.amsterdam.nl/buurtcompost,BUURTCOMPOST,PointDS,ObjectDS
Cameragebieden,Camera areas,https://maps.amsterdam.nl/open_geodata/?k=149,https://maps.amsterdam.nl/overlast,CAMERAGEBIEDEN,PlainVectorRegion,ExistenceDS
Canadese populieren,Canadian poplars,https://maps.amsterdam.nl/open_geodata/?k=232,https://maps.amsterdam.nl/canadese_populieren,CANADESE_POPULIEREN,PointDS,ObjectDS
Sensoren Crowd Monitoring Systeem Amsterdam,Sensors Crowd Monitoring System Amsterdam,https://maps.amsterdam.nl/open_geodata/?k=264,https://maps.amsterdam.nl/cmsa,CROWDSENSOREN,PointDS,ObjectDS
Cultuurhistorische verkenningen,Cultural historic explorations,https://maps.amsterdam.nl/open_geodata/?k=126,https://maps.amsterdam.nl/cultuurhistorie,CULTUURHISTORIE_VERKENNINGEN,PlainVectorRegion,EventDS
Duizendknoop,Knotweed,https://maps.amsterdam.nl/open_geodata/?k=247,https://maps.amsterdam.nl/duizendknoop,DUIZENDKNOOP,PointDS,ObjectDS
Ecopassages,Ecopassages,https://maps.amsterdam.nl/open_geodata/?k=63,https://maps.amsterdam.nl/ecopassages,ECOPASSAGES,PointDS,ObjectDS
Energie - Potentiele gebieden windenergie,Energy - Potential areas of wind energy,https://maps.amsterdam.nl/open_geodata/?k=96,https://maps.amsterdam.nl/energie_zonwind,ENERGIE_WINDVISIE,PlainVectorRegion,AmountDS
Verkiezingen Europarlement 2019,Elections Europarliament 2019,https://maps.amsterdam.nl/open_geodata/?k=282,https://maps.amsterdam.nl/europarlement2019,EP19,PointDS,ObjectDS
Eikenprocessierups (nesten),Oak processionary caterpillar (nesting),https://maps.amsterdam.nl/open_geodata/?k=67,https://maps.amsterdam.nl/eikenprocessierups,EPR_NESTEN,PointDS,ObjectDS
Fietstaxi - gebieden,Pedicabs - areas,https://maps.amsterdam.nl/open_geodata/?k=140,https://maps.amsterdam.nl/fietstaxi,FIETSTAXI,PlainVectorRegion,PatchDS
Fietstaxi - standplaatsen,Pedicabs - pitches,https://maps.amsterdam.nl/open_geodata/?k=141,https://maps.amsterdam.nl/fietstaxi,FIETSTAXI_STANDPLAATSEN,PointDS,ObjectDS
Niet-woonfuncties (Functiekaart),Non-residential functions (Function Map),https://maps.amsterdam.nl/open_geodata/?k=49,https://maps.amsterdam.nl/functiekaart,FUNCTIEKAART,PointDS,ObjectDS
Functiemix,Function mix,https://maps.amsterdam.nl/open_geodata/?k=310,https://maps.amsterdam.nl/functiemix,FUNCTIEMIX,PlainVectorRegion,PatchDS;AmountDS
Wijken,Neighborhoods,https://maps.amsterdam.nl/open_geodata/?k=200,https://maps.amsterdam.nl/gebiedsindeling,GEBIED_BUURTCOMBINATIES,VectorTessellation,LatticeDS
Wijken excl.water,Neighborhoods excl.water,https://maps.amsterdam.nl/open_geodata/?k=201,https://maps.amsterdam.nl/gebiedsindeling,GEBIED_BUURTCOMBINATIES_EXWATER,VectorTessellation,LatticeDS
Buurten,Neighborhoods,https://maps.amsterdam.nl/open_geodata/?k=198,https://maps.amsterdam.nl/gebiedsindeling,GEBIED_BUURTEN,VectorTessellation,LatticeDS
Buurten excl.water,Neighborhoods excl.water,https://maps.amsterdam.nl/open_geodata/?k=199,https://maps.amsterdam.nl/gebiedsindeling,GEBIED_BUURTEN_EXWATER,VectorTessellation,LatticeDS
Stadsdelen,City districts,https://maps.amsterdam.nl/open_geodata/?k=202,https://maps.amsterdam.nl/gebiedsindeling,GEBIED_STADSDELEN,VectorTessellation,LatticeDS
Stadsdelen excl.water,City districts excl.water,https://maps.amsterdam.nl/open_geodata/?k=203,https://maps.amsterdam.nl/gebiedsindeling,GEBIED_STADSDELEN_EXWATER,VectorTessellation,LatticeDS
22 Gebieden,22 Areas,https://maps.amsterdam.nl/open_geodata/?k=204,https://maps.amsterdam.nl/gebiedsindeling,GEBIEDEN22,VectorTessellation,LatticeDS
22 Gebieden excl.water,22 Areas excluding water,https://maps.amsterdam.nl/open_geodata/?k=205,https://maps.amsterdam.nl/gebiedsindeling,GEBIEDEN22_EXWATER,VectorTessellation,LatticeDS
25 Praktijkgebieden,25 Practice areas,https://maps.amsterdam.nl/open_geodata/?k=268,https://maps.amsterdam.nl/gebiedsindeling,GEBIEDEN25,VectorTessellation,LatticeDS
25 Praktijkgebieden excl.water,25 Practice areas excluding water,https://maps.amsterdam.nl/open_geodata/?k=269,https://maps.amsterdam.nl/gebiedsindeling,GEBIEDEN25_EXWATER,VectorTessellation,LatticeDS
Geluidscontouren industrie,Noise contours industry,https://maps.amsterdam.nl/open_geodata/?k=263,https://maps.amsterdam.nl/geluid2,GELUID_INDUSTRIE,PlainVectorRegion,ContourDS
Geluidscontouren luchtvaart,Noise contours air traffic,https://maps.amsterdam.nl/open_geodata/?k=252,https://maps.amsterdam.nl/geluid,GELUID_LUCHTVAART_LDEN,PlainVectorRegion,ContourDS
Geluidscontouren verkeer (deel 1),Noise contours traffic (part 1),https://maps.amsterdam.nl/open_geodata/?k=267,https://maps.amsterdam.nl/geluid1,GELUID_VERKEER,PlainVectorRegion,ContourDS
Geluidscontouren verkeer (deel 2),Noise contours traffic (part 2),https://maps.amsterdam.nl/open_geodata/?k=134,https://maps.amsterdam.nl/geluid,GELUID_VERKEER_2,PlainVectorRegion,ContourDS
Verkiezingen Gemeenteraad 2018,Elections Municipality 2018,https://maps.amsterdam.nl/open_geodata/?k=250,https://maps.amsterdam.nl/gemeenteraad2018,GEMEENTERAAD2018,PointDS,ObjectDS
Groene daken,Green roofs,https://maps.amsterdam.nl/open_geodata/?k=51,https://maps.amsterdam.nl/groene_daken,GROENE_DAKEN,PointDS,ObjectDS
Grondgebruik 2017,Land use 2017,https://maps.amsterdam.nl/open_geodata/?k=152,https://maps.amsterdam.nl/grondgebruik,GRONDGEBRUIK_2017,VectorTessellation,CoverageDS
Historische bebouwing,Historical buildings,https://maps.amsterdam.nl/open_geodata/?k=118,https://maps.amsterdam.nl/archeologie,HISTORISCHE_BEBOUWING,PointDS,ObjectDS
Hoe groot is Amsterdam,How big is Amsterdam,https://maps.amsterdam.nl/open_geodata/?k=166,https://maps.amsterdam.nl/hoegroot,HOEGROOT,PlainVectorRegion,ObjectDS
Honden uitren- en verbodsgebieden,Dogs run and ban areas,https://maps.amsterdam.nl/open_geodata/?k=245,https://maps.amsterdam.nl/honden,HONDEN,PlainVectorRegion,PatchDS
Hoofdgroenstructuur (HGS),Main Green Structure,https://maps.amsterdam.nl/open_geodata/?k=55,https://maps.amsterdam.nl/hoofdgroenstructuur,HOOFDGROENSTRUCTUUR,PlainVectorRegion,ObjectDS
Iepen particulier,Elm trees - private,https://maps.amsterdam.nl/open_geodata/?k=330,https://maps.amsterdam.nl/iepen,IEPEN_PARTICULIER,PointDS,ObjectDS
Jongeren- en Studentenhuisvesting,Youth and Student Housing,https://maps.amsterdam.nl/open_geodata/?k=115,https://maps.amsterdam.nl/jongerenstudentenhuisvesting,JONGERENSTUDENTENHUISVESTING,PointDS,ObjectDS
Kastanjebloedingsziekte,Chestnut bleeding disorder,https://maps.amsterdam.nl/open_geodata/?k=93,https://maps.amsterdam.nl/kastanjes,KASTANJES,PointDS,ObjectDS
Klimaat - Droogte,Climate - Drought,https://maps.amsterdam.nl/open_geodata/?k=317,https://maps.amsterdam.nl/klimaatadaptatie,KLIMAAT_DROOGTE,PointDS,PointMeasuresDS
Klimaat - Overstroming,Climate - Flood,https://maps.amsterdam.nl/open_geodata/?k=318,https://maps.amsterdam.nl/klimaatadaptatie,KLIMAAT_OVERSTROMING,VectorTessellation,CoverageDS
Markten,Markets,https://maps.amsterdam.nl/open_geodata/?k=123,https://maps.amsterdam.nl/markten,MARKTEN,PointDS,ObjectDS
Groene monumenten,Green monuments,https://maps.amsterdam.nl/open_geodata/?k=68,https://maps.amsterdam.nl/monumentaal_groen,MONUMENTAAL_GROEN,PointDS,ObjectDS
Monumentale bomen,Monumental trees,https://maps.amsterdam.nl/open_geodata/?k=59,https://maps.amsterdam.nl/monumentaal_groen,MONUMENTALE_BOMEN,PointDS,ObjectDS
Monumenten,Monuments,https://maps.amsterdam.nl/open_geodata/?k=155,https://maps.amsterdam.nl/monumenten,MONUMENTEN,PointDS,ObjectDS
Muurplanten,Quay wall plants,https://maps.amsterdam.nl/open_geodata/?k=106,https://maps.amsterdam.nl/muurplanten,MUURPLANTEN,PointDS,ObjectDS
NO2 metingen 4-weken,NO2 measurements 4 weeks,https://maps.amsterdam.nl/open_geodata/?k=331,https://maps.amsterdam.nl/no2,NO2_4WEKEN,PointDS,PointMeasuresDS
NO2 metingen locaties,NO2 measurements locations,https://maps.amsterdam.nl/open_geodata/?k=308,https://maps.amsterdam.nl/no2,NO2_LOCATIES,PointDS,ObjectDS
Oergeul,Primeval gulch,https://maps.amsterdam.nl/open_geodata/?k=242,https://maps.amsterdam.nl/oergeul,OERGEUL,PlainVectorRegion,PatchDS
Oergeul - sonderingen,Primeval gulch - soundings,https://maps.amsterdam.nl/open_geodata/?k=243,https://maps.amsterdam.nl/oergeul,OERGEUL_SONDERINGEN,PointDS,PointMeasuresDS;EventDS
Ontwikkelbuurten,Development neighbourhoods,https://maps.amsterdam.nl/open_geodata/?k=279,https://maps.amsterdam.nl/ontwikkelbuurten,ONTWIKKELBUURTEN,PlainVectorRegion,ObjectDS
Openbare toiletten,Public toilets,https://maps.amsterdam.nl/open_geodata/?k=240,https://maps.amsterdam.nl/openbare_toiletten,OPENBARE_TOILETTEN,PointDS,ObjectDS
Overnachtingsbeleid,Overnight policy,https://maps.amsterdam.nl/open_geodata/?k=227,https://maps.amsterdam.nl/overnachtingsbeleid,OVERNACHTINGSBELEID,VectorTessellation,CoverageDS
Parkeernormen Auto,Parking standards Cars,https://maps.amsterdam.nl/open_geodata/?k=239,https://maps.amsterdam.nl/parkeernormen,PARKEERNORMEN,VectorTessellation,CoverageDS
"Parken, plantsoenen en recreatief groen",City parks en public green,https://maps.amsterdam.nl/open_geodata/?k=99,https://maps.amsterdam.nl/stadsparken,PARKPLANTSOENGROEN,PlainVectorRegion,ObjectDS
Postcode4-buurten,Zipcode4 shapes,https://maps.amsterdam.nl/open_geodata/?k=192,https://maps.amsterdam.nl/postcode,PC4_BUURTEN,VectorTessellation,LatticeDS
Postcode4-buurten excl. water,Zipcode4 shapes excl. water,https://maps.amsterdam.nl/open_geodata/?k=193,https://maps.amsterdam.nl/postcode,PC4_BUURTEN_EXWATER,VectorTessellation,LatticeDS
Postcode6-vlakken BAG,Zipcode6 shapes,https://maps.amsterdam.nl/open_geodata/?k=191,https://maps.amsterdam.nl/postcode,PC6_VLAKKEN_BAG,PlainVectorRegion,ObjectDS
Plusnetten en Hoofdnetten,Plus and Main networks infrastructure,https://maps.amsterdam.nl/open_geodata/?k=233,https://maps.amsterdam.nl/plushoofdnetten,PLUSHOOFDNETTEN,LineDS,NetworkDS
Plusnetten Voetgangersgebied,Plusnetworks pedestrians,https://maps.amsterdam.nl/open_geodata/?k=84,https://maps.amsterdam.nl/plushoofdnetten,PLUSHOOFDNETTEN_VOETGEBIED,PlainVectorRegion,PatchDS
Privacy - Masten,Privacy - Masts,https://maps.amsterdam.nl/open_geodata/?k=304,https://maps.amsterdam.nl/privacy,PRIVACY_AISMASTEN,PointDS,ObjectDS
Privacy - Overig,Privacy - Other,https://maps.amsterdam.nl/open_geodata/?k=306,https://maps.amsterdam.nl/privacy,PRIVACY_OVERIG,PointDS,ObjectDS
Privacy - Wagenparkscan,Privacy - Car fleet scan,https://maps.amsterdam.nl/open_geodata/?k=305,https://maps.amsterdam.nl/privacy,PRIVACY_WAGENPARKSCAN,PointDS,ObjectDS
Verkiezingen Provinciale Staten 2019,Elections Provinces 2019,https://maps.amsterdam.nl/open_geodata/?k=280,https://maps.amsterdam.nl/provincialestaten2019,PS19,PointDS,EventDS
Rainproof - Hoog grondwater,Rainproof - High groundwater,https://maps.amsterdam.nl/open_geodata/?k=290,https://maps.amsterdam.nl/rainproof,RAINPROOF_DRAINAGE,PlainVectorRegion,PatchDS
Rainproof - Hydro-eenheden,Rainproof - Hydro units,https://maps.amsterdam.nl/open_geodata/?k=289,https://maps.amsterdam.nl/rainproof,RAINPROOF_HYDRO_EENHEDEN,PlainVectorRegion,ObjectDS
Rainproof - Knelpunten,Rainproof - Bottlenecks,https://maps.amsterdam.nl/open_geodata/?k=288,https://maps.amsterdam.nl/rainproof,RAINPROOF_KNELPUNTEN,PlainVectorRegion,ObjectDS
Rainproof - Polderriool,Rainproof - Polder sewerage,https://maps.amsterdam.nl/open_geodata/?k=291,https://maps.amsterdam.nl/rainproof,RAINPROOF_POLDERRIOOL,PlainVectorRegion,PatchDS
Religie,Religion,https://maps.amsterdam.nl/open_geodata/?k=314,https://maps.amsterdam.nl/religie,RELIGIE,PointDS,ObjectDS
Voetpaden breedte,Sidewalks width,https://maps.amsterdam.nl/open_geodata/?k=299,https://maps.amsterdam.nl/sidewalks,SIDEWALKS,LineDS,NetworkDS
Snorfiets naar de rijbaan,Mopeds on the roadway,https://maps.amsterdam.nl/open_geodata/?k=265,https://maps.amsterdam.nl/snorfietsnaarrijbaan,SNORFIETSLIJNEN,LineDS,NetworkDS
Openbare Sportplekken,Public playgrounds,https://maps.amsterdam.nl/open_geodata/?k=56,https://maps.amsterdam.nl/sport,SPORT_OPENBAAR,PointDS,ObjectDS
Stadslandbouw (locaties),City farming (locations),https://maps.amsterdam.nl/open_geodata/?k=62,https://maps.amsterdam.nl/stadslandbouw,STADSLANDBOUW_PUNT,PointDS,ObjectDS
Stadslandbouw (terreinen),City farming (terrains),https://maps.amsterdam.nl/open_geodata/?k=76,https://maps.amsterdam.nl/stadslandbouw,STADSLANDBOUW_VLAK,PlainVectorRegion,ObjectDS
Stadsloods,City pilot,https://maps.amsterdam.nl/open_geodata/?k=66,https://maps.amsterdam.nl/stadsloods,STADSLOODS,PointDS,ObjectDS
Stadsstraten,Major streets,https://maps.amsterdam.nl/open_geodata/?k=275,https://maps.amsterdam.nl/stadsstraat,STADSSTRAAT,LineDS,NetworkDS
Stadswarmtekoude - transport,District heating cooling - transport,https://maps.amsterdam.nl/open_geodata/?k=224,https://maps.amsterdam.nl/stadswarmtekoude,STADSWARMTEKOUDE_TRANSPORT,LineDS,NetworkDS
Stadswarmtekoude - wijk,District heating cooling - neighbourhood,https://maps.amsterdam.nl/open_geodata/?k=301,https://maps.amsterdam.nl/stadswarmtekoude,STADSWARMTEKOUDE_WIJK,PlainVectorRegion,PatchDS
Woningbouwplannen - Strategische ruimte en Verkenning,Housing plans - Strategic space,https://maps.amsterdam.nl/open_geodata/?k=226,https://maps.amsterdam.nl/woningbouwplannen,STRATEGISCHERUIMTE,PlainVectorRegion,ObjectDS
Streekproducten,Local farming products,https://maps.amsterdam.nl/open_geodata/?k=58,https://maps.amsterdam.nl/streekproducten,STREEKPRODUCTEN,PointDS,ObjectDS
Tram- en metrolijnen 2018,Tram and metro lines 2018,https://maps.amsterdam.nl/open_geodata/?k=321,https://maps.amsterdam.nl/trammetro,TRAMMETRO_LIJNEN_2018,LineDS,NetworkDS
Tram- en metrolijnen 2020,Tram and metro lines 2020,https://maps.amsterdam.nl/open_geodata/?k=220,https://maps.amsterdam.nl/trammetro,TRAMMETRO_LIJNEN_2020,LineDS,NetworkDS
Tramhaltes en metrostations 2018,Tram stops and metro stations 2018,https://maps.amsterdam.nl/open_geodata/?k=322,https://maps.amsterdam.nl/trammetro,TRAMMETRO_PUNTEN_2018,PointDS,ObjectDS
Tramhaltes en metrostations 2020,Tram stops and metro stations 2020,https://maps.amsterdam.nl/open_geodata/?k=221,https://maps.amsterdam.nl/trammetro,TRAMMETRO_PUNTEN_2020,PointDS,ObjectDS
Verkeerslichten,Traffic lights,https://maps.amsterdam.nl/open_geodata/?k=61,https://maps.amsterdam.nl/verkeerslichten,VERKEERSLICHTEN,PointDS,ObjectDS
Verkeersprognoses,Traffic prognosis,https://maps.amsterdam.nl/open_geodata/?k=253,https://maps.amsterdam.nl/verkeersprognoses,VERKEERSPROGNOSE,LineDS,NetworkDS
Verkiezingen Tweede Kamer 2017,Elections Parliament 2017,https://maps.amsterdam.nl/open_geodata/?k=217,https://maps.amsterdam.nl/verkiezingen2017,VERKIEZINGEN2017,PointDS,ObjectDS
Vervangen bomen,Tree replacement,https://maps.amsterdam.nl/open_geodata/?k=296,https://maps.amsterdam.nl/vervangen_bomen,VERVANGENBOMEN,PointDS,ObjectDS
Verkeersinformatiesystemen,Traffic Information Systems,https://maps.amsterdam.nl/open_geodata/?k=182,https://maps.amsterdam.nl/vis,VIS,PointDS,ObjectDS
Verkeersinformatiesystemen - BFA,Traffic Information Systems - BFA,https://maps.amsterdam.nl/open_geodata/?k=266,https://maps.amsterdam.nl/vis,VIS_BFA,PointDS,ObjectDS
Broedende vogels,Breeding birds,https://maps.amsterdam.nl/open_geodata/?k=87,https://maps.amsterdam.nl/vogels,VOGELS,PointDS,ObjectDS
Vondelpark zitbanken,Vondelpark benches,https://maps.amsterdam.nl/open_geodata/?k=248,https://maps.amsterdam.nl/vondelpark_zitbanken,VONDELPARK_ZITBANKEN,PointDS,ObjectDS
Walkability,Walkability,https://maps.amsterdam.nl/open_geodata/?k=298,https://maps.amsterdam.nl/walkability,WALKABILITY,LineDS,NetworkDS;ObjectDS
Wandkunst,Wall art,https://maps.amsterdam.nl/open_geodata/?k=272,https://maps.amsterdam.nl/wandkunst,WANDKUNST,PointDS,ObjectDS
Welstandniveaus bebouwing,Wealth levels building,https://maps.amsterdam.nl/open_geodata/?k=173,https://maps.amsterdam.nl/welstand,WELSTAND_NIVEAUS,VectorTessellation,CoverageDS
Welstandsystemen bebouwing,Wealth systems building,https://maps.amsterdam.nl/open_geodata/?k=174,https://maps.amsterdam.nl/welstand,WELSTAND_SYSTEMEN,VectorTessellation,CoverageDS
Amsterdam onder vuur in WOII,Amsterdam under attack in WWII,https://maps.amsterdam.nl/open_geodata/?k=100,https://maps.amsterdam.nl/woii,WOII,PointDS,EventDS
Woningbouwplannen,Housing plans,https://maps.amsterdam.nl/open_geodata/?k=142,https://maps.amsterdam.nl/woningbouwplannen,WONINGBOUWPLANNEN,PlainVectorRegion,ObjectDS
Zelfbouwkavels,Do-it-yourself plots,https://maps.amsterdam.nl/open_geodata/?k=60,https://maps.amsterdam.nl/zelfbouwkavels,ZELFBOUWKAVELS,PointDS,ObjectDS
Zonnepanelen op erfgoed,Solar panels on heritage,https://maps.amsterdam.nl/open_geodata/?k=320,https://maps.amsterdam.nl/zonnedaken_erfgoed,ZONNEDAKEN_ERFGOED,PlainVectorRegion,ObjectDS
Zonnepanelen,Solar panels,https://maps.amsterdam.nl/open_geodata/?k=251,https://maps.amsterdam.nl/zonnepanelen,ZONNEPANELEN2017,PointDS,AmountDS
Zwemwater,Swimming water,https://maps.amsterdam.nl/open_geodata/?k=218,https://maps.amsterdam.nl/zwemwater,ZWEMWATER,PointDS,ObjectDS
