Title;EnglishTitle;PageLink;MapLink;Kaartlaag;Geometry;Entity;MapDescriptionTitle;MapDescription;MapDescriptionSource
3D Basisvoorziening;3D Tiles Gebouwen;https://api.pdok.nl/kadaster/3d-basisvoorziening/ogc/v1?f=json;https://api.pdok.nl/kadaster/3d-basisvoorziening/ogc/v1/collections/gebouwen?f=html;pdok_3d_basisvoorziening_gebouwen_9a27dabe;;;3D Tiles Gebouwen;"Service description: De 3D Basisvoorziening is een verzameling van ruimtelijke bestanden die hoogte informatie bevatten. Deze bestanden (collecties) worden op verschillende manieren gegenereerd. Er zijn acht collecties beschikbaar.  De 3D Basisvoorziening kan gebruikt worden op schaalniveaus tussen 1:500 en 1:10.000. De bestanden zijn o.a. gebaseerd op topografie uit de Basisregistratie Grootschalige Topografie (BGT), de gebouwen uit de Basisregistratie Adressen en Gebouwen (BAG), en hoogtes uit luchtfotobeelden en het Actueel Hoogtebestand Nederland (AHN).  Meer informatie over deze dataset en overige producten zoals het downloaden van deze dataset voor analysedoeleinden of een 3D Viewer zijn te vinden op de website van PDOK en in de productbeschrijving.

Collection description: De 3D Tiles Gebouwen worden gegenereerd door met behulp van de BAG-geometrie de gebouwen te modelleren in LoD 2.2. Waar geen AHN gegevens beschikbaar zijn, worden de gebouwen weergegeven in LoD 1.3. De 3D Tiles Gebouwen zijn beschikbaar in het (OGC) 3D Tiles formaat ten behoeve van visualisatie doeleinden. Deze wordt alleen aangeboden in de meest recent beschikbare jaargang, zie tabel 1 in de productbeschrijving.

Keywords: 3D, 3D Basisbestand, 3Dtiles, AHN, DSM, DTM, bag, basisvoorziening, cesium, gebouwen, gebouwen (bagpandid), glTF, glb, hoogte attributen, panden, terreinen, water, wegen";PDOK OGC API Features landing page and collection metadata
3D Basisvoorziening;3D Tiles Terreinen;https://api.pdok.nl/kadaster/3d-basisvoorziening/ogc/v1?f=json;https://api.pdok.nl/kadaster/3d-basisvoorziening/ogc/v1/collections/terreinen?f=html;pdok_3d_basisvoorziening_terreinen_43fcfcad;;;3D Tiles Terreinen;"Service description: De 3D Basisvoorziening is een verzameling van ruimtelijke bestanden die hoogte informatie bevatten. Deze bestanden (collecties) worden op verschillende manieren gegenereerd. Er zijn acht collecties beschikbaar.  De 3D Basisvoorziening kan gebruikt worden op schaalniveaus tussen 1:500 en 1:10.000. De bestanden zijn o.a. gebaseerd op topografie uit de Basisregistratie Grootschalige Topografie (BGT), de gebouwen uit de Basisregistratie Adressen en Gebouwen (BAG), en hoogtes uit luchtfotobeelden en het Actueel Hoogtebestand Nederland (AHN).  Meer informatie over deze dataset en overige producten zoals het downloaden van deze dataset voor analysedoeleinden of een 3D Viewer zijn te vinden op de website van PDOK en in de productbeschrijving.

Collection description: De 3D Tiles Terreinen (inclusief wegen en water) worden gegenereerd op basis van BGT-geometrieën op maaiveld niveau. De 3D Tiles Terreinen zijn beschikbaar in het (OGC) 3D Tiles formaat ten behoeve van visualisatie doeleinden. Deze wordt alleen aangeboden in de meest recent beschikbare jaargang, zie tabel 1 in de productbeschrijving.

Keywords: 3D, 3D Basisbestand, 3Dtiles, AHN, DSM, DTM, basisvoorziening, bgt, cesium, gebouwen, gebouwen (bagpandid), glTF, glb, hoogte attributen, terreinen, terreinen (bgt_fysiekvoorkomen, bronhouder), water, wegen";PDOK OGC API Features landing page and collection metadata
3D Basisvoorziening;3D Objecten Gebouwen;https://api.pdok.nl/kadaster/3d-basisvoorziening/ogc/v1?f=json;https://api.pdok.nl/kadaster/3d-basisvoorziening/ogc/v1/collections/basisbestand_gebouwen?f=html;pdok_3d_basisvoorziening_basisbestand_gebouwen_632185d3;;;3D Objecten Gebouwen;"Service description: De 3D Basisvoorziening is een verzameling van ruimtelijke bestanden die hoogte informatie bevatten. Deze bestanden (collecties) worden op verschillende manieren gegenereerd. Er zijn acht collecties beschikbaar.  De 3D Basisvoorziening kan gebruikt worden op schaalniveaus tussen 1:500 en 1:10.000. De bestanden zijn o.a. gebaseerd op topografie uit de Basisregistratie Grootschalige Topografie (BGT), de gebouwen uit de Basisregistratie Adressen en Gebouwen (BAG), en hoogtes uit luchtfotobeelden en het Actueel Hoogtebestand Nederland (AHN).  Meer informatie over deze dataset en overige producten zoals het downloaden van deze dataset voor analysedoeleinden of een 3D Viewer zijn te vinden op de website van PDOK en in de productbeschrijving.

Collection description: Deze collectie bevat 3D objecten voor gebouwen in LoD 2.2. Waar geen AHN gegevens beschikbaar zijn, worden de gebouwen weergegeven in LoD 1.3. Het geleverde formaat (CityJSON) is geschikt voor analyse doeleinden in GIS programmatuur. Voor BIM software is een IFC converter beschikbaar. Deze bestanden worden jaarlijks geactualiseerd.

Keywords: 3D Basisbestand, AHN, Attributen gebouwen: bagpandid, bouwjaar, objectid, DSM, DTM, gebouwen, hoogte attributen, terreinen, water, wegen";PDOK OGC API Features landing page and collection metadata
3D Basisvoorziening;3D Objecten Gebouwen en Terreinen;https://api.pdok.nl/kadaster/3d-basisvoorziening/ogc/v1?f=json;https://api.pdok.nl/kadaster/3d-basisvoorziening/ogc/v1/collections/basisbestand_gebouwen_terreinen?f=html;pdok_3d_basisvoorziening_basisbestand_gebouwen_terreinen_3bede8d7;;;3D Objecten Gebouwen en Terreinen;"Service description: De 3D Basisvoorziening is een verzameling van ruimtelijke bestanden die hoogte informatie bevatten. Deze bestanden (collecties) worden op verschillende manieren gegenereerd. Er zijn acht collecties beschikbaar.  De 3D Basisvoorziening kan gebruikt worden op schaalniveaus tussen 1:500 en 1:10.000. De bestanden zijn o.a. gebaseerd op topografie uit de Basisregistratie Grootschalige Topografie (BGT), de gebouwen uit de Basisregistratie Adressen en Gebouwen (BAG), en hoogtes uit luchtfotobeelden en het Actueel Hoogtebestand Nederland (AHN).  Meer informatie over deze dataset en overige producten zoals het downloaden van deze dataset voor analysedoeleinden of een 3D Viewer zijn te vinden op de website van PDOK en in de productbeschrijving.

Collection description: Deze collectie bevat 3D objecten voor gebouwen (met attribuut informatie), terreinen, water en wegen. Het geleverde formaat (CityJSON) is geschikt voor analyse doeleinden in GIS programmatuur. Voor BIM software is een IFC converter beschikbaar. Deze bestanden worden jaarlijks geactualiseerd.

Keywords: 3D Basisbestand, AHN, Attributen gebouwen: bagpandid, bouwjaar, objectid, Attributen terreinen: bgt_fysiekvoorkomen, bronhouder, objectid, DSM, DTM, gebouwen, hoogte attributen, terreinen, water, wegen";PDOK OGC API Features landing page and collection metadata
3D Basisvoorziening;2D Objecten Gebouwen met hoogte attributen;https://api.pdok.nl/kadaster/3d-basisvoorziening/ogc/v1?f=json;https://api.pdok.nl/kadaster/3d-basisvoorziening/ogc/v1/collections/hoogtestatistieken_gebouwen?f=html;pdok_3d_basisvoorziening_hoogtestatistieken_gebouwen_a9d6283b;;;2D Objecten Gebouwen met hoogte attributen;"Service description: De 3D Basisvoorziening is een verzameling van ruimtelijke bestanden die hoogte informatie bevatten. Deze bestanden (collecties) worden op verschillende manieren gegenereerd. Er zijn acht collecties beschikbaar.  De 3D Basisvoorziening kan gebruikt worden op schaalniveaus tussen 1:500 en 1:10.000. De bestanden zijn o.a. gebaseerd op topografie uit de Basisregistratie Grootschalige Topografie (BGT), de gebouwen uit de Basisregistratie Adressen en Gebouwen (BAG), en hoogtes uit luchtfotobeelden en het Actueel Hoogtebestand Nederland (AHN).  Meer informatie over deze dataset en overige producten zoals het downloaden van deze dataset voor analysedoeleinden of een 3D Viewer zijn te vinden op de website van PDOK en in de productbeschrijving.

Collection description: Deze collectie bevat 2D geometrieën van gebouwen met uitgebreide attribuut gegevens over pandhoogte in GeoPackage formaat, via bagpandid te koppelen met 3D Objecten Gebouwen. Deze bestanden worden jaarlijks geactualiseerd.

Keywords: 2D, 3D Basisbestand, AHN, Attributen o.a: bagpandid, pandstatus, bouwjaar, lod, hoogte maaiveld, dakhoogten, daktype, DSM, DTM, gebouwen, geopackage, hoogte attributen, terreinen, water, wegen";PDOK OGC API Features landing page and collection metadata
3D Basisvoorziening;Digitaal Terreinmodel (DTM);https://api.pdok.nl/kadaster/3d-basisvoorziening/ogc/v1?f=json;https://api.pdok.nl/kadaster/3d-basisvoorziening/ogc/v1/collections/digitaalterreinmodel?f=html;pdok_3d_basisvoorziening_digitaalterreinmodel_4cde734e;;;Digitaal Terreinmodel (DTM);"Service description: De 3D Basisvoorziening is een verzameling van ruimtelijke bestanden die hoogte informatie bevatten. Deze bestanden (collecties) worden op verschillende manieren gegenereerd. Er zijn acht collecties beschikbaar.  De 3D Basisvoorziening kan gebruikt worden op schaalniveaus tussen 1:500 en 1:10.000. De bestanden zijn o.a. gebaseerd op topografie uit de Basisregistratie Grootschalige Topografie (BGT), de gebouwen uit de Basisregistratie Adressen en Gebouwen (BAG), en hoogtes uit luchtfotobeelden en het Actueel Hoogtebestand Nederland (AHN).  Meer informatie over deze dataset en overige producten zoals het downloaden van deze dataset voor analysedoeleinden of een 3D Viewer zijn te vinden op de website van PDOK en in de productbeschrijving.

Collection description: Het DTM wordt gegenereerd op basis van AHN. Dit is een terreinmodel van heel Nederland, waarbij de maaiveld terreinhoogte ter plaatse van gebouwen en water wordt geïnterpoleerd. Het 3D DTM is beschikbaar in het Quantized Mesh formaat voor gebruik in Cesium clients. Het bevat geen attribuut informatie. . Deze wordt alleen aangeboden in de meest recent beschikbare jaargangen van AHN, zie tabel 1 in de productbeschrijving.

Keywords: 3D, 3D Basisbestand, 3D Basisvoorziening, AHN, DSM, DTM, cesium, gebouwen, hoogte attributen, quantized mesh, terreinen, water, wegen";PDOK OGC API Features landing page and collection metadata
3D Basisvoorziening;Digitaal Oppervlakte Model (DSM) 20 cm;https://api.pdok.nl/kadaster/3d-basisvoorziening/ogc/v1?f=json;https://api.pdok.nl/kadaster/3d-basisvoorziening/ogc/v1/collections/digitaaloppervlaktemodel_20cm?f=html;pdok_3d_basisvoorziening_digitaaloppervlaktemodel_20cm_c076fad0;;;Digitaal Oppervlakte Model (DSM) 20 cm;"Service description: De 3D Basisvoorziening is een verzameling van ruimtelijke bestanden die hoogte informatie bevatten. Deze bestanden (collecties) worden op verschillende manieren gegenereerd. Er zijn acht collecties beschikbaar.  De 3D Basisvoorziening kan gebruikt worden op schaalniveaus tussen 1:500 en 1:10.000. De bestanden zijn o.a. gebaseerd op topografie uit de Basisregistratie Grootschalige Topografie (BGT), de gebouwen uit de Basisregistratie Adressen en Gebouwen (BAG), en hoogtes uit luchtfotobeelden en het Actueel Hoogtebestand Nederland (AHN).  Meer informatie over deze dataset en overige producten zoals het downloaden van deze dataset voor analysedoeleinden of een 3D Viewer zijn te vinden op de website van PDOK en in de productbeschrijving.

Collection description: Het Digital Surface Model (DSM) representeert het aardoppervlak van Nederland inclusief objecten en vegetatie, gemaakt op basis van regelmatige puntenwolken aan de hand van luchtfoto's, in LASZip formaat. Dit DSM bevat een afstand tussen punten van minimaal 20 cm. Deze wordt alleen aangeboden in de meest recent beschikbare jaargang, zie tabel 1 in de productbeschrijving.

Keywords: 3D, 3D Basisbestand, 3D Basisvoorziening, AHN, DSM, DTM, gebouwen, hoogte attributen, laszip, puntenwolk, terreinen, water, wegen";PDOK OGC API Features landing page and collection metadata
3D Basisvoorziening;Digitaal Oppervlakte Model (DSM) 8 cm;https://api.pdok.nl/kadaster/3d-basisvoorziening/ogc/v1?f=json;https://api.pdok.nl/kadaster/3d-basisvoorziening/ogc/v1/collections/digitaaloppervlaktemodel_8cm?f=html;pdok_3d_basisvoorziening_digitaaloppervlaktemodel_8cm_4b488666;;;Digitaal Oppervlakte Model (DSM) 8 cm;"Service description: De 3D Basisvoorziening is een verzameling van ruimtelijke bestanden die hoogte informatie bevatten. Deze bestanden (collecties) worden op verschillende manieren gegenereerd. Er zijn acht collecties beschikbaar.  De 3D Basisvoorziening kan gebruikt worden op schaalniveaus tussen 1:500 en 1:10.000. De bestanden zijn o.a. gebaseerd op topografie uit de Basisregistratie Grootschalige Topografie (BGT), de gebouwen uit de Basisregistratie Adressen en Gebouwen (BAG), en hoogtes uit luchtfotobeelden en het Actueel Hoogtebestand Nederland (AHN).  Meer informatie over deze dataset en overige producten zoals het downloaden van deze dataset voor analysedoeleinden of een 3D Viewer zijn te vinden op de website van PDOK en in de productbeschrijving.

Collection description: Het Digital Surface Model (DSM) representeert het aardoppervlak van Nederland inclusief objecten en vegetatie, gemaakt op basis van regelmatige puntenwolken aan de hand van luchtfoto's, in LASZip formaat. Dit DSM bevat een afstand tussen punten van minimaal 8 cm. Deze wordt alleen aangeboden in de meest recent beschikbare jaargang, zie tabel 1 in de productbeschrijving.

Keywords: 3D, 3D Basisbestand, 3D Basisvoorziening, AHN, DSM, DTM, gebouwen, hoogte attributen, laszip, puntenwolk, terreinen, water, wegen";PDOK OGC API Features landing page and collection metadata
3D Geluid;Bodemvlakken (2D);https://api.pdok.nl/kadaster/3d-geluid/ogc/v1?f=json;https://api.pdok.nl/kadaster/3d-geluid/ogc/v1/collections/bodemvlakken?f=html;pdok_3d_geluid_bodemvlakken_852bcf21;;;Bodemvlakken (2D);"Service description: Berekening aan geluid vanwege weg- en railverkeer en industrie vereisen een 3D omgevingsmodel. Op deze pagina vindt u datasets om u te ondersteunen met het opstellen van het model. De dataset is in opdracht van het  Ministerie van Infrastructuur en Waterstaat opgezet door een samenwerking tussen het Kadaster, RIVM en de TU Delft. Bij het samenstellen is gebruik gemaakt van de BAG, BGT en het AHN. Hierbij is grote zorg besteed om de databestanden zoveel  als mogelijk aan te laten sluiten bij de fysieke werkelijkheid, maar er kunnen geen rechten aan ontleend worden. Zie voor meer informatie de uitgebreide productbeschrijving.  Er zijn een drie soorten bestanden: hoogte, bodemvlakken en gebouwen. Deze zijn terug te vinden onder 'collections'.

Collection description: Deze collectie bevat polygonen met de bodemfactor als attribuutwaarde. Meer informatie is te vinden in de productbeschrijving. De data is zowel landsdekkend in één zip bestand te downloaden, maar ook per kaartblad. Voor het downloaden per kaartblad selecteer in het dropdown menu de gewenste BAG peildatum (jaar). Selecteer vervolgens op de kaart het gewenste kaartblad. Inzoomen kan met de scrolfunctie van uw muis. Vervolgens vindt u in de tabel onder de kaart een link om het bijbehorende zip-bestand te downloaden.

Keywords: 3D Geluid, 3D Geluidsmodel, AHN, Actueel Hoogtebestand Nederland, BAG, BGT, Basisregistratie Adressen en Gebouwen, Basisregistratie Grootschalige Topografie, Bodemvlakken, Gebouwen, Geluidsberekening, Kadaster, Omgevingsmodel, Puntenwolken, Topografie";PDOK OGC API Features landing page and collection metadata
3D Geluid;Gebouwen (2D + hoogte);https://api.pdok.nl/kadaster/3d-geluid/ogc/v1?f=json;https://api.pdok.nl/kadaster/3d-geluid/ogc/v1/collections/gebouwen?f=html;pdok_3d_geluid_gebouwen_188a806b;;;Gebouwen (2D + hoogte);"Service description: Berekening aan geluid vanwege weg- en railverkeer en industrie vereisen een 3D omgevingsmodel. Op deze pagina vindt u datasets om u te ondersteunen met het opstellen van het model. De dataset is in opdracht van het  Ministerie van Infrastructuur en Waterstaat opgezet door een samenwerking tussen het Kadaster, RIVM en de TU Delft. Bij het samenstellen is gebruik gemaakt van de BAG, BGT en het AHN. Hierbij is grote zorg besteed om de databestanden zoveel  als mogelijk aan te laten sluiten bij de fysieke werkelijkheid, maar er kunnen geen rechten aan ontleend worden. Zie voor meer informatie de uitgebreide productbeschrijving.  Er zijn een drie soorten bestanden: hoogte, bodemvlakken en gebouwen. Deze zijn terug te vinden onder 'collections'.

Collection description: De gebouwen uit het BAG zijn voorzien van hoogteinformatie vanuit het Actueel Hoogtebestand Nederland (AHN) en vanuit luchtfoto's. Gebouwen met hoogteinformatie vanuit het AHN zijn opgeknipt bij grote hoogtesprongen binnen het gebouw. Meer informatie is te vinden in de productbeschrijving. De data is zowel landsdekkend in één zip bestand te downloaden, maar ook per kaartblad. Voor het downloaden per kaartblad selecteer in het dropdown menu de gewenste BAG peildatum (jaar). Selecteer vervolgens op de kaart het gewenste kaartblad. Inzoomen kan met de scrolfunctie van uw muis. Vervolgens vindt u in de tabel onder de kaart een link om het bijbehorende zipbestand te downloaden.

Keywords: 3D Geluid, 3D Geluidsmodel, AHN, Actueel Hoogtebestand Nederland, BAG, BGT, Basisregistratie Adressen en Gebouwen, Basisregistratie Grootschalige Topografie, Gebouwen, Geluidsberekening, Kadaster, Omgevingsmodel, Puntenwolken, Topografie";PDOK OGC API Features landing page and collection metadata
3D Geluid;TIN/Hoogtelijnen;https://api.pdok.nl/kadaster/3d-geluid/ogc/v1?f=json;https://api.pdok.nl/kadaster/3d-geluid/ogc/v1/collections/tin?f=html;pdok_3d_geluid_tin_22aeb3bc;;;TIN/Hoogtelijnen;"Service description: Berekening aan geluid vanwege weg- en railverkeer en industrie vereisen een 3D omgevingsmodel. Op deze pagina vindt u datasets om u te ondersteunen met het opstellen van het model. De dataset is in opdracht van het  Ministerie van Infrastructuur en Waterstaat opgezet door een samenwerking tussen het Kadaster, RIVM en de TU Delft. Bij het samenstellen is gebruik gemaakt van de BAG, BGT en het AHN. Hierbij is grote zorg besteed om de databestanden zoveel  als mogelijk aan te laten sluiten bij de fysieke werkelijkheid, maar er kunnen geen rechten aan ontleend worden. Zie voor meer informatie de uitgebreide productbeschrijving.  Er zijn een drie soorten bestanden: hoogte, bodemvlakken en gebouwen. Deze zijn terug te vinden onder 'collections'.

Collection description: Voor het modelleren van de maaiveldhoogte is een TIN beschikbaar. Meer informatie is te vinden in de productbeschrijving. De data is alleen per kaartblad te downloaden vanwege de grootte van de bestanden. Voor het downloaden per kaartblad selecteer in het dropdown menu de gewenste BAG peildatum (jaar). Selecteer vervolgens op de kaart het gewenste kaartblad. Inzoomen kan met de scrolfunctie van uw muis. Vervolgens vindt u in de tabel onder de kaart een link om het bijbehorende zipbestand te downloaden.

Keywords: 3D Geluid, 3D Geluidsmodel, AHN, Actueel Hoogtebestand Nederland, BAG, BGT, Basisregistratie Adressen en Gebouwen, Basisregistratie Grootschalige Topografie, Gebouwen, Geluidsberekening, Hoogte, Kadaster, Omgevingsmodel, Puntenwolken, Topografie";PDOK OGC API Features landing page and collection metadata
3D Terugmeldingen;3D Terugmeldingen;https://api.pdok.nl/kadaster/3d-basisvoorziening-terugmeldingen/ogc/v1?f=json;https://api.pdok.nl/kadaster/3d-basisvoorziening-terugmeldingen/ogc/v1/collections/kad3dbasisvoorzieningterugmeldingen?f=html;pdok_3d_terugmeldingen_kad3dbasisvoorzieningterugmeldingen_26821f2d;;;3D Terugmeldingen;"Service description: De 3D terugmeldingenservice bevat alle recente meldingen op 3D objecten waar twijfel over de juistheid bestaat.De service toont de locatie, inhoud en status van de meldingen. Ook een vermoedelijke fout in de 3D geconstateerd? Doe een melding op https://www.verbeterdekaart.nl

Collection description: Alle recente 3D terugmeldingen gedaan door 3D gebruikers.

Keywords: 2D Objecten, 3D, 3D Basisbestand, 3D Basisvoorziening, 3D Hoogtestatistieken, 3D Objecten, 3D Tiles, DSM, DTM, Digitaal Oppervlakte Model, Digitaal Terrein Model, Digital Surface Model, Digital Terrain Model, Kadaster, Puntenwolken, in onderzoek register, terugmeldingen, verbeter de kaart";PDOK OGC API Features landing page and collection metadata
Administratieve Eenheden (INSPIRE geharmoniseerd);Administrative boundary;https://api.pdok.nl/kadaster/brk-administratieve-eenheden/ogc/v1?f=json;https://api.pdok.nl/kadaster/brk-administratieve-eenheden/ogc/v1/collections/administrativeboundary?f=html;pdok_administratieve_eenheden_inspire_geharmoniseerd_administrativeboundary_8a5fc5a4;;;Administrative boundary;"Service description: Overzicht van de bestuurlijke indeling van Nederland in gemeenten en provincies. Gegevens zijn gebaseerd op de dataset Bestuurlijke Gebieden, welke afgeleid is uit de Basisregistratie Kadaster (BRK).

Collection description: AdministrativeBoundary, geharmoniseerd voor INSPIRE.

Keywords: Administratieve eenheden, Administratieveeenheden, Administrativeunits, Geospatiale data, HVD, Nationaal, Statistische eenheden";PDOK OGC API Features landing page and collection metadata
Administratieve Eenheden (INSPIRE geharmoniseerd);Administrative unit;https://api.pdok.nl/kadaster/brk-administratieve-eenheden/ogc/v1?f=json;https://api.pdok.nl/kadaster/brk-administratieve-eenheden/ogc/v1/collections/administrativeunit?f=html;pdok_administratieve_eenheden_inspire_geharmoniseerd_administrativeunit_2749e2dd;;;Administrative unit;"Service description: Overzicht van de bestuurlijke indeling van Nederland in gemeenten en provincies. Gegevens zijn gebaseerd op de dataset Bestuurlijke Gebieden, welke afgeleid is uit de Basisregistratie Kadaster (BRK).

Collection description: AdministrativeUnit, geharmoniseerd voor INSPIRE.

Keywords: Administratieve eenheden, Administratieveeenheden, Administrativeunits, Geospatiale data, HVD, Nationaal, Statistische eenheden";PDOK OGC API Features landing page and collection metadata
Agglomeraties gemeenten inclusief bevolkingsaantallen volgens Richtlijn Omgevingslawaai 2022;AgglomerationSource;https://api.pdok.nl/ienw/agglomeraties-omgevingslawaai-geharmoniseerd/ogc/v1?f=json;https://api.pdok.nl/ienw/agglomeraties-omgevingslawaai-geharmoniseerd/ogc/v1/collections/agglomerationsource?f=html;pdok_agglomeraties_gemeenten_inclusief_bevolkingsaantal_agglomerationsource_ca49ce3e;;;AgglomerationSource;"Service description: Gegevens over de geluidbron 'agglomeraties' omvatten stedelijke gebieden van aangewezen gemeenten. Met deze data wordt invulling gegeven aan de eisen uit de Wet milieubeheer die voortvloeien uit de Europese richtlijn omgevingslawaai (2002/49/EG).  De dataset, gepubliceerd in 2023, is geharmoniseerd volgens de INSPIRE richtlijnen, met name het thema 'Gebiedsbeheer, gebieden waar beperkingen gelden, gereguleerde gebieden en rapportage-eenheden' van de aangewezen agglomeraties.  De agglomeraties zijn vooral rapportage-eenheden, namelijk gebieden waarvoor geluidbelastingkaarten en actieplannen worden gemaakt, met daarbinnen verschillende geluidbronnen. Het Ministerie van Infrastructuur en Waterstaat is de data-eigenaar en beheerder van deze dataset, en verantwoordelijk voor de beschikbaarheid en kwaliteit ervan.

Collection description: Het gaat om gegevens over de geluidbron ‘agglomeraties’, stedelijke gebieden van aangewezen gemeenten.

Keywords: Aardobservatie en milieu, Bevolkingsaantal, Environmental noise directive, Europese richtlijn omgevingslawaai, Gebieden waar beperkingen gelden, Gebiedsbeheer, Geluid, Gemeente, Gereguleerde gebieden en rapportage-eenheden, HVD, INSPIRE, Milieurichtlijn - Evaluatie en de beheersing van omgevingslawaai, Omgevingslawaai, Richtlijn 2002/49/EG";PDOK OGC API Features landing page and collection metadata
BAG Terugmeldingen;BAG Terugmeldingen;https://api.pdok.nl/kadaster/bag-terugmeldingen/ogc/v1?f=json;https://api.pdok.nl/kadaster/bag-terugmeldingen/ogc/v1/collections/bagterugmeldingen?f=html;pdok_bag_terugmeldingen_bagterugmeldingen_ceab394d;;;BAG Terugmeldingen;"Service description: De BAG terugmeldingenservice bevat recente meldingen op informatie uit de Basisregistratie Adressen en Gebouwen (BAG) waarover twijfel bestaat. De service toont de locatie, inhoud en status van de meldingen. Ook een vermoedelijke fout geconstateerd? Doe een melding op https://bagviewer.kadaster.nl

Collection description: Alle recente BAG terugmeldingen gedaan door BAG gebruikers.

Keywords: BAG, Basisregistratie Adressen en Gebouwen, adres, bagviewer, gebouw, in onderzoek register, pand, terugmeldingen, verbeter de kaart";PDOK OGC API Features landing page and collection metadata
BGT Terugmeldingen;BGT Terugmeldingen;https://api.pdok.nl/kadaster/bgt-terugmeldingen/ogc/v1?f=json;https://api.pdok.nl/kadaster/bgt-terugmeldingen/ogc/v1/collections/bgtterugmeldingen?f=html;pdok_bgt_terugmeldingen_bgtterugmeldingen_9c98d562;;;BGT Terugmeldingen;"Service description: De BGT terugmeldingenservice bevat alle recente meldingen op BGT objecten waar twijfel over de juistheid bestaat.De service toont de locatie, inhoud en status van de meldingen. Ook een vermoedelijke fout in de BGT geconstateerd? Doe een melding op https://www.verbeterdekaart.nl

Collection description: Alle recente BGT terugmeldingen gedaan door BGT gebruikers.

Keywords: BGT, Basisregistratie Grootschalige Topografie, beheer openbare ruimte, in onderzoek register, terugmeldingen, topografie, verbeter de kaart, verbeterdekaart, verbeteringen";PDOK OGC API Features landing page and collection metadata
BRO - Grondwatermonitoring (GM) in samenhang - karakteristieken;Grondwatermonitoringput (GMW);https://api.pdok.nl/tno/bro-grondwatermonitoring-in-samenhang-karakteristieken/ogc/v1?f=json;https://api.pdok.nl/tno/bro-grondwatermonitoring-in-samenhang-karakteristieken/ogc/v1/collections/gm_gmw?f=html;pdok_bro_-_grondwatermonitoring_gm_in_samenhang_-_karak_gm_gmw_f543f272;;;Grondwatermonitoringput (GMW);"Service description: Deze dataset bevat de gegevens van nederlandse grondwatermonitoring afkomstig uit de Basisregistratie Ondergrond (BRO). Het betreft de meest karakteristieke (ken)gegevens van grondwatermonitoringputten en de daarmee samenhangende kengegevens van de grondwatermonitoringnetten waarvoor die putten zijn gebruikt, plus de karakteristieken van in die putten gemeten grondwaterstands- en grondwatersamenstellingsgegevens.  Grondwatermonitoring houdt in dat de toestand van het grondwater in een bepaald gebied, of eigenlijk in een bepaald deel van de ondergrond, over langere tijd gevolgd wordt. De grootte van het gebied en de diepte van monitoring verschillen per grondwatermonitoringnet. Er wordt daarbij gekeken naar de grondwaterstand (kwantiteit) en/of naar de samenstelling van het grondwater (kwaliteit). Hiervoor worden periodiek metingen uitgevoerd. Een beschrijving van deze dataset is opgenomen op de BRO Productomgeving.

Collection description: De locatie en meest karakteristieke (ken)gegevens van nederlandse grondwatermonitoringputten (GMW) uit de Basisregistratie Ondergrond (BRO). Een grondwatermonitoringput is een werk dat in een geboord gat is gerealiseerd om gedurende langere tijd veranderingen in het grondwater in een specifiek deel van de ondergrond te kunnen registreren. Gewoonlijk bestaat een put uit  1 of meerdere monitoringsbuizen die aan het oppervlak door een constructie worden beschermd. De GMW gegevenscatalogus is opgenomen op de BRO Productomgeving. Hier vindt men ook de gegevensdefinitie, met daarin onder andere een omschrijving van alle entiteiten en attributen.

Keywords: BRO, Basisregistratie Ondergrond, GAR, GLD, GMN, GMW, Grondwater, Grondwatermonitoring, Grondwatermonitoringnet, Grondwatermonitoringput, Grondwatersamenstellingsonderzoek, Grondwaterstandonderzoek, Meetnet, Monitoringnet, grondwaterstand, karakteristieken, peilbuis, stijghoogtegrondwaterkwaliteit";PDOK OGC API Features landing page and collection metadata
BRO - Grondwatermonitoring (GM) in samenhang - karakteristieken;GMW - Monitoringbuis;https://api.pdok.nl/tno/bro-grondwatermonitoring-in-samenhang-karakteristieken/ogc/v1?f=json;https://api.pdok.nl/tno/bro-grondwatermonitoring-in-samenhang-karakteristieken/ogc/v1/collections/gm_gmw_monitoringtube?f=html;pdok_bro_-_grondwatermonitoring_gm_in_samenhang_-_karak_gm_gmw_monitoringtube_6d67f405;;;GMW - Monitoringbuis;"Service description: Deze dataset bevat de gegevens van nederlandse grondwatermonitoring afkomstig uit de Basisregistratie Ondergrond (BRO). Het betreft de meest karakteristieke (ken)gegevens van grondwatermonitoringputten en de daarmee samenhangende kengegevens van de grondwatermonitoringnetten waarvoor die putten zijn gebruikt, plus de karakteristieken van in die putten gemeten grondwaterstands- en grondwatersamenstellingsgegevens.  Grondwatermonitoring houdt in dat de toestand van het grondwater in een bepaald gebied, of eigenlijk in een bepaald deel van de ondergrond, over langere tijd gevolgd wordt. De grootte van het gebied en de diepte van monitoring verschillen per grondwatermonitoringnet. Er wordt daarbij gekeken naar de grondwaterstand (kwantiteit) en/of naar de samenstelling van het grondwater (kwaliteit). Hiervoor worden periodiek metingen uitgevoerd. Een beschrijving van deze dataset is opgenomen op de BRO Productomgeving.

Collection description: De meest karakteristieke (ken)gegevens van de monitoringbuizen van nederlandse grondwatermonitoringputten (GMW) uit de Basisregistratie Ondergrond (BRO). Bij een put met meerdere monitoringbuizen worden de gegevens per monitoringbuis weergegeven. De GMW gegevenscatalogus is opgenomen op de BRO Productomgeving. Hier vindt men ook de gegevensdefinitie, met daarin onder andere een omschrijving van alle entiteiten en attributen.

Keywords: BRO, Basisregistratie Ondergrond, GAR, GLD, GMN, GMW, Grondwater, Grondwatermonitoring, Grondwatermonitoringnet, Grondwatermonitoringput, Grondwatersamenstellingsonderzoek, Grondwaterstandonderzoek, Meetnet, Monitoringbuis, Monitoringnet, grondwaterstand, karakteristieken, peilbuis, stijghoogtegrondwaterkwaliteit";PDOK OGC API Features landing page and collection metadata
BRO - Grondwatermonitoring (GM) in samenhang - karakteristieken;Grondwatermonitoringnet (GMN);https://api.pdok.nl/tno/bro-grondwatermonitoring-in-samenhang-karakteristieken/ogc/v1?f=json;https://api.pdok.nl/tno/bro-grondwatermonitoring-in-samenhang-karakteristieken/ogc/v1/collections/gm_gmn?f=html;pdok_bro_-_grondwatermonitoring_gm_in_samenhang_-_karak_gm_gmn_1e0da8ce;;;Grondwatermonitoringnet (GMN);"Service description: Deze dataset bevat de gegevens van nederlandse grondwatermonitoring afkomstig uit de Basisregistratie Ondergrond (BRO). Het betreft de meest karakteristieke (ken)gegevens van grondwatermonitoringputten en de daarmee samenhangende kengegevens van de grondwatermonitoringnetten waarvoor die putten zijn gebruikt, plus de karakteristieken van in die putten gemeten grondwaterstands- en grondwatersamenstellingsgegevens.  Grondwatermonitoring houdt in dat de toestand van het grondwater in een bepaald gebied, of eigenlijk in een bepaald deel van de ondergrond, over langere tijd gevolgd wordt. De grootte van het gebied en de diepte van monitoring verschillen per grondwatermonitoringnet. Er wordt daarbij gekeken naar de grondwaterstand (kwantiteit) en/of naar de samenstelling van het grondwater (kwaliteit). Hiervoor worden periodiek metingen uitgevoerd. Een beschrijving van deze dataset is opgenomen op de BRO Productomgeving.

Collection description: De meest karakteristieke (ken)gegevens van nederlandse grondwatermonitoringnetten (GMN) uit de Basisregistratie Ondergrond (BRO). Een grondwatermonitoringnet is een verzameling meetpunten (gevormd door monitoringbuizen van grondwatermonitoringputten (GMW)), waarin onderzoek wordt gedaan om de toestand van het grondwater te kunnen bepalen en veranderingen erin te kunnen monitoren. De GMN gegevenscatalogus is opgenomen op de BRO Productomgeving. Hier vindt men ook de gegevensdefinitie, met daarin onder andere een omschrijving van alle entiteiten en attributen.

Keywords: BRO, Basisregistratie Ondergrond, GAR, GLD, GMN, GMW, Grondwater, Grondwatermonitoring, Grondwatermonitoringnet, Grondwatermonitoringput, Grondwatersamenstellingsonderzoek, Grondwaterstandonderzoek, Meetnet, Monitoringnet, grondwaterstand, karakteristieken, peilbuis, stijghoogtegrondwaterkwaliteit";PDOK OGC API Features landing page and collection metadata
BRO - Grondwatermonitoring (GM) in samenhang - karakteristieken;GMN - Meetpunt;https://api.pdok.nl/tno/bro-grondwatermonitoring-in-samenhang-karakteristieken/ogc/v1?f=json;https://api.pdok.nl/tno/bro-grondwatermonitoring-in-samenhang-karakteristieken/ogc/v1/collections/gm_gmn_measuringpoint?f=html;pdok_bro_-_grondwatermonitoring_gm_in_samenhang_-_karak_gm_gmn_measuringpoint_03bc3c67;;;GMN - Meetpunt;"Service description: Deze dataset bevat de gegevens van nederlandse grondwatermonitoring afkomstig uit de Basisregistratie Ondergrond (BRO). Het betreft de meest karakteristieke (ken)gegevens van grondwatermonitoringputten en de daarmee samenhangende kengegevens van de grondwatermonitoringnetten waarvoor die putten zijn gebruikt, plus de karakteristieken van in die putten gemeten grondwaterstands- en grondwatersamenstellingsgegevens.  Grondwatermonitoring houdt in dat de toestand van het grondwater in een bepaald gebied, of eigenlijk in een bepaald deel van de ondergrond, over langere tijd gevolgd wordt. De grootte van het gebied en de diepte van monitoring verschillen per grondwatermonitoringnet. Er wordt daarbij gekeken naar de grondwaterstand (kwantiteit) en/of naar de samenstelling van het grondwater (kwaliteit). Hiervoor worden periodiek metingen uitgevoerd. Een beschrijving van deze dataset is opgenomen op de BRO Productomgeving.

Collection description: De meest karakteristieke (ken)gegevens van afzonderlijke meetpunten van nederlandse grondwatermonitoringnetten (GMN) uit de Basisregistratie Ondergrond (BRO). Een meetpunt wordt gevormd door één monitoringbuis van een grondwatermonitoringput (GMW) waarin onderzoek wordt gedaan om de toestand van het grondwater te kunnen bepalen en veranderingen erin te kunnen monitoren. De GMN gegevenscatalogus is opgenomen op de BRO Productomgeving. Hier vindt men ook de gegevensdefinitie, met daarin onder andere een omschrijving van alle entiteiten en attributen.

Keywords: BRO, Basisregistratie Ondergrond, GAR, GLD, GMN, GMW, Grondwater, Grondwatermonitoring, Grondwatermonitoringnet, Grondwatermonitoringput, Grondwatersamenstellingsonderzoek, Grondwaterstandonderzoek, Meetnet, Meetpunt, Monitoringnet, grondwaterstand, karakteristieken, peilbuis, stijghoogtegrondwaterkwaliteit";PDOK OGC API Features landing page and collection metadata
BRO - Grondwatermonitoring (GM) in samenhang - karakteristieken;GM - Verwijzing naar GMN;https://api.pdok.nl/tno/bro-grondwatermonitoring-in-samenhang-karakteristieken/ogc/v1?f=json;https://api.pdok.nl/tno/bro-grondwatermonitoring-in-samenhang-karakteristieken/ogc/v1/collections/gm_gmn_reference?f=html;pdok_bro_-_grondwatermonitoring_gm_in_samenhang_-_karak_gm_gmn_reference_357bdc1a;;;GM - Verwijzing naar GMN;"Service description: Deze dataset bevat de gegevens van nederlandse grondwatermonitoring afkomstig uit de Basisregistratie Ondergrond (BRO). Het betreft de meest karakteristieke (ken)gegevens van grondwatermonitoringputten en de daarmee samenhangende kengegevens van de grondwatermonitoringnetten waarvoor die putten zijn gebruikt, plus de karakteristieken van in die putten gemeten grondwaterstands- en grondwatersamenstellingsgegevens.  Grondwatermonitoring houdt in dat de toestand van het grondwater in een bepaald gebied, of eigenlijk in een bepaald deel van de ondergrond, over langere tijd gevolgd wordt. De grootte van het gebied en de diepte van monitoring verschillen per grondwatermonitoringnet. Er wordt daarbij gekeken naar de grondwaterstand (kwantiteit) en/of naar de samenstelling van het grondwater (kwaliteit). Hiervoor worden periodiek metingen uitgevoerd. Een beschrijving van deze dataset is opgenomen op de BRO Productomgeving.

Collection description: In de gegevensdefinitie van de registratieobjecten grondwaterstandonderzoek (GLD), grondwatersamenstellingsonderzoek (GAR) en formatieweerstand onderzoek (FRD) is een verwijzing opgenomen naar een grondwatermonitoringnet (GMN). In deze tabel/laag is deze verwijzing vastgelegd.

Keywords: BRO, Basisregistratie Ondergrond, GAR, GLD, GMN, GMW, Grondwater, Grondwatermonitoring, Grondwatermonitoringnet, Grondwatermonitoringput, Grondwatersamenstellingsonderzoek, Grondwaterstandonderzoek, Meetnet, Monitoringnet, Verwijzing naar GMN, grondwaterstand, karakteristieken, peilbuis, stijghoogtegrondwaterkwaliteit";PDOK OGC API Features landing page and collection metadata
BRO - Grondwatermonitoring (GM) in samenhang - karakteristieken;Grondwaterstandonderzoek (GLD);https://api.pdok.nl/tno/bro-grondwatermonitoring-in-samenhang-karakteristieken/ogc/v1?f=json;https://api.pdok.nl/tno/bro-grondwatermonitoring-in-samenhang-karakteristieken/ogc/v1/collections/gm_gld?f=html;pdok_bro_-_grondwatermonitoring_gm_in_samenhang_-_karak_gm_gld_14a309ca;;;Grondwaterstandonderzoek (GLD);"Service description: Deze dataset bevat de gegevens van nederlandse grondwatermonitoring afkomstig uit de Basisregistratie Ondergrond (BRO). Het betreft de meest karakteristieke (ken)gegevens van grondwatermonitoringputten en de daarmee samenhangende kengegevens van de grondwatermonitoringnetten waarvoor die putten zijn gebruikt, plus de karakteristieken van in die putten gemeten grondwaterstands- en grondwatersamenstellingsgegevens.  Grondwatermonitoring houdt in dat de toestand van het grondwater in een bepaald gebied, of eigenlijk in een bepaald deel van de ondergrond, over langere tijd gevolgd wordt. De grootte van het gebied en de diepte van monitoring verschillen per grondwatermonitoringnet. Er wordt daarbij gekeken naar de grondwaterstand (kwantiteit) en/of naar de samenstelling van het grondwater (kwaliteit). Hiervoor worden periodiek metingen uitgevoerd. Een beschrijving van deze dataset is opgenomen op de BRO Productomgeving.

Collection description: De meest karakteristieke (ken)gegevens van grondwaterstandonderzoeken (GLD) uit de Basisregistratie Ondergrond (BRO), gemeten in meetpunten van nederlandse grondwatermonitoringnetten (GMN). Een meetpunt vertegenwoordigt één monitoringbuis van een grondwatermonitoringput (GMW). De GLD gegevenscatalogus is opgenomen op de BRO Productomgeving. Hier vindt men ook de gegevensdefinitie, met daarin onder andere een omschrijving van alle entiteiten en attributen.

Keywords: BRO, Basisregistratie Ondergrond, GAR, GLD, GMN, GMW, Grondwater, Grondwatermonitoring, Grondwatermonitoringnet, Grondwatermonitoringput, Grondwatersamenstellingsonderzoek, Grondwaterstandonderzoek, Meetnet, Monitoringnet, grondwaterstand, karakteristieken, peilbuis, stijghoogtegrondwaterkwaliteit";PDOK OGC API Features landing page and collection metadata
BRO - Grondwatermonitoring (GM) in samenhang - karakteristieken;Grondwatersamenstellingsonderzoek (GAR);https://api.pdok.nl/tno/bro-grondwatermonitoring-in-samenhang-karakteristieken/ogc/v1?f=json;https://api.pdok.nl/tno/bro-grondwatermonitoring-in-samenhang-karakteristieken/ogc/v1/collections/gm_gar?f=html;pdok_bro_-_grondwatermonitoring_gm_in_samenhang_-_karak_gm_gar_f46cb6a5;;;Grondwatersamenstellingsonderzoek (GAR);"Service description: Deze dataset bevat de gegevens van nederlandse grondwatermonitoring afkomstig uit de Basisregistratie Ondergrond (BRO). Het betreft de meest karakteristieke (ken)gegevens van grondwatermonitoringputten en de daarmee samenhangende kengegevens van de grondwatermonitoringnetten waarvoor die putten zijn gebruikt, plus de karakteristieken van in die putten gemeten grondwaterstands- en grondwatersamenstellingsgegevens.  Grondwatermonitoring houdt in dat de toestand van het grondwater in een bepaald gebied, of eigenlijk in een bepaald deel van de ondergrond, over langere tijd gevolgd wordt. De grootte van het gebied en de diepte van monitoring verschillen per grondwatermonitoringnet. Er wordt daarbij gekeken naar de grondwaterstand (kwantiteit) en/of naar de samenstelling van het grondwater (kwaliteit). Hiervoor worden periodiek metingen uitgevoerd. Een beschrijving van deze dataset is opgenomen op de BRO Productomgeving.

Collection description: De meest karakteristieke (ken)gegevens van grondwatersamenstellingsonderzoeken (GAR) uit de Basisregistratie Ondergrond (BRO), gemeten in meetpunten van nederlandse grondwatermonitoringnetten (GMN). Een meetpunt vertegenwoordigt één monitoringbuis van een grondwatermonitoringput (GMW). De GAR gegevenscatalogus is opgenomen op de BRO Productomgeving. Hier vindt men ook de gegevensdefinitie, met daarin onder andere een omschrijving van alle entiteiten en attributen.

Keywords: BRO, Basisregistratie Ondergrond, GAR, GLD, GMN, GMW, Grondwater, Grondwatermonitoring, Grondwatermonitoringnet, Grondwatermonitoringput, Grondwatersamenstellingsonderzoek, Grondwaterstandonderzoek, Meetnet, Monitoringnet, grondwaterstand, karakteristieken, peilbuis, stijghoogtegrondwaterkwaliteit";PDOK OGC API Features landing page and collection metadata
BRT TOP10NL;Functioneel gebied multivlak;https://api.pdok.nl/brt/top10nl/ogc/v1?f=json;https://api.pdok.nl/brt/top10nl/ogc/v1/collections/functioneel_gebied_multivlak?f=html;pdok_brt_top10nl_functioneel_gebied_multivlak_e2992ecc;;;Functioneel gebied multivlak;"Service description: TOP10NL is een digitaal objectgericht kaartbestand wat ten grondslag ligt aan de topografische kaart 1:10000 en wat veelvuldig in diverse GIS- en CAD-systemen wordt gebruikt voor ondergrond, analyse-, en beheers- en planningsactiviteiten.

Collection description: Begrensd en benoemd gebied dat door een functionele eenheid beschreven wordt. Geometrietype is multivlak.

Keywords: BRT, TOP10NL, attractiepark, basisregistratie topografie, bedrijventerrein, begraafplaats, boswachterij, botanische tuin, bungalowpark, camping, campus, caravanpark, circuit, crossbaan, dierentuin, eendenkooi, emplacement, erebegraafplaats, functioneel gebied, functionele gebieden, gaswinning, gebied met hoge objecten, gebied voor radioastronomie, gebouwencomplex, golfterrein, grafheuvel, grindwinning, groeve, haven, heemtuin, helikopterlandingsterrein, ijsbaan, infiltratiegebied, jachthaven, kadaster, kampeerterrein, kartingbaan, kassengebied, kazerne, landgoed, legerplaats, luchthaven, mijn, milieustraat, militair oefengebied, nationaal park, natuurgebied, oliewinning, openluchtmuseum, openluchttheater, park, plantsoen, productie-installatie, recreatiegebied, renbaan, safaripark, schietterrein mosselbank, skibaan, slipschool, sluizencomplex, sportcomplex, sportterrein, stortplaats, tennispark, topografie, topografische kaart, transformatorstation, tuincentrum, vakantiepark, vector tiles, verdedigingswerk, verzorgingsplaats, viskwekerij, visvijvercomplex, vliegveld, volkstuinen, waterkering, werf, wildwissel, windturbinepark, woonwagencentrum, zandwinning, zenderpark, ziekenhuiscomplex, zonnepark, zoutwinning, zuiveringsinstallatie, zweefvliegveldterrein, zwembadcomplex";PDOK OGC API Features landing page and collection metadata
BRT TOP10NL;Functioneel gebied punt;https://api.pdok.nl/brt/top10nl/ogc/v1?f=json;https://api.pdok.nl/brt/top10nl/ogc/v1/collections/functioneel_gebied_punt?f=html;pdok_brt_top10nl_functioneel_gebied_punt_a09e2dae;;;Functioneel gebied punt;"Service description: TOP10NL is een digitaal objectgericht kaartbestand wat ten grondslag ligt aan de topografische kaart 1:10000 en wat veelvuldig in diverse GIS- en CAD-systemen wordt gebruikt voor ondergrond, analyse-, en beheers- en planningsactiviteiten.

Collection description: Begrensd en benoemd gebied dat door een functionele eenheid beschreven wordt. Geometrietype is punt.

Keywords: BRT, TOP10NL, attractiepark, basisregistratie topografie, bedrijventerrein, begraafplaats, boswachterij, botanische tuin, bungalowpark, camping, campus, caravanpark, circuit, crossbaan, dierentuin, eendenkooi, emplacement, erebegraafplaats, functioneel gebied functionele gebieden, gaswinning, gebied met hoge objecten, gebied voor radioastronomie, gebouwencomplex, golfterrein, grafheuvel, grindwinning, groeve, haven, heemtuin, helikopterlandingsterrein, ijsbaan, infiltratiegebied, jachthaven, kadaster, kampeerterrein, kartingbaan, kassengebied, kazerne, landgoed, legerplaats, luchthaven, mijn milieustraat, militair oefengebied, nationaal park, natuurgebied, oliewinning, openluchtmuseum, openluchttheater, park, plantsoen, productie-installatie, recreatiegebied, renbaan, safaripark, schietterrein mosselbank, skibaan, slipschool, sluizencomplex, sportcomplex, sportterrein, stortplaats, tennispark, topografie, topografische kaart, transformatorstation, tuincentrum, vakantiepark, vector tiles, verdedigingswerk, verzorgingsplaats, viskwekerij, visvijvercomplex, vliegveld, volkstuinen, waterkering, werf, wildwissel, windturbinepark, woonwagencentrum, zandwinning, zenderpark, ziekenhuiscomplex, zonnepark, zoutwinning, zuiveringsinstallatie, zweefvliegveldterrein, zwembadcomplex";PDOK OGC API Features landing page and collection metadata
BRT TOP10NL;Functioneel gebied vlak;https://api.pdok.nl/brt/top10nl/ogc/v1?f=json;https://api.pdok.nl/brt/top10nl/ogc/v1/collections/functioneel_gebied_vlak?f=html;pdok_brt_top10nl_functioneel_gebied_vlak_ca0ac62f;;;Functioneel gebied vlak;"Service description: TOP10NL is een digitaal objectgericht kaartbestand wat ten grondslag ligt aan de topografische kaart 1:10000 en wat veelvuldig in diverse GIS- en CAD-systemen wordt gebruikt voor ondergrond, analyse-, en beheers- en planningsactiviteiten.

Collection description: Begrensd en benoemd gebied dat door een functionele eenheid beschreven wordt. Geometrietype vlak.

Keywords: BRT, TOP10NL, attractiepark, basisregistratie topografie, bedrijventerrein, begraafplaats, boswachterij, botanische tuin, bungalowpark, camping, campus, caravanpark, circuit, crossbaan, dierentuin, eendenkooi, emplacement, erebegraafplaats, functioneel gebied, functionele gebieden, gaswinning, gebied met hoge objecten, gebied voor radioastronomie, gebouwencomplex, golfterrein, grafheuvel, grindwinning, groeve, haven, heemtuin, helikopterlandingsterrein, ijsbaan, infiltratiegebied, jachthaven, kadaster, kampeerterrein, kartingbaan, kassengebied, kazerne, landgoed, legerplaats, luchthaven, mijn milieustraat, militair oefengebied, nationaal park, natuurgebied, oliewinning, openluchtmuseum, openluchttheater, park, plantsoen, productie-installatie, recreatiegebied, renbaan, safaripark, schietterrein mosselbank, skibaan, slipschool, sluizencomplex, sportcomplex, sportterrein, stortplaats, tennispark, topografie, topografische kaart, transformatorstation, tuincentrum, vakantiepark, vector tiles, verdedigingswerk, verzorgingsplaats, viskwekerij, visvijvercomplex, vliegveld, volkstuinen, waterkering, werf, wildwissel, windturbinepark, woonwagencentrum, zandwinning, zenderpark, ziekenhuiscomplex, zonnepark, zoutwinning, zuiveringsinstallatie, zweefvliegveldterrein, zwembadcomplex";PDOK OGC API Features landing page and collection metadata
BRT TOP10NL;Gebouw punt;https://api.pdok.nl/brt/top10nl/ogc/v1?f=json;https://api.pdok.nl/brt/top10nl/ogc/v1/collections/gebouw_punt?f=html;pdok_brt_top10nl_gebouw_punt_3debd4b9;;;Gebouw punt;"Service description: TOP10NL is een digitaal objectgericht kaartbestand wat ten grondslag ligt aan de topografische kaart 1:10000 en wat veelvuldig in diverse GIS- en CAD-systemen wordt gebruikt voor ondergrond, analyse-, en beheers- en planningsactiviteiten.

Collection description: Vrijstaande, overdekte en geheel of gedeeltelijk met wanden omsloten toegankelijke ruimte, die direct of indirect met de grond is verbonden. Geometrietype is punt.

Keywords: BRT, TOP10NL, abdij, basisregistratie topografie, bezoekerscentrum, boortoren, brandtoren, brandweerkazerne, bunker, crematorium, dok, elektriciteitscentrale, fabriek, fort, gebouw, gebouwen, gemaal, gemeentehuis, gevangenis, hotel, huizenblok, hulpsecretarie, inrichting, kadaster, kapel, kas, kasteel, kerk, kerncentrale, kernreactor, kliniek, klokkentoren, klooster, koeltoren, koepel, kunstijsbaan, lichttoren, luchtwachttoren, manege, markant gebouw, militair gebouw, moskee, museum, observatorium, overig religieus gebouw, paleis, parkeerdak, parkeerdek, parkeergarage, peilmeetstation, politiebureau, pompstation, postkantoor, psychiatrisch centrum, psychiatrisch ziekenhuis, radarpost, radartoren, radiotoren, recreatiecentrum, reddingboothuisje, remise, ruïne, sanatorium, schaapskooi, school, schoorsteen, silo, sporthal, stadion, stadskantoor, stationsgebouw, synagoge, tank, tankstation, telecommunicatietoren, televisietoren, tol, topografie, topografische kaart, transformatorstation, uitzichttoren, universiteit, vector tiles, veiling, verkeerstoren, vuurtoren, warenhuis, waterradmolen, watertoren, wegrestaurant, werf, windmolen, windmolen: korenmolen, windmolen: watermolen, windturbine, zendtoren, ziekenhuis, zwembad";PDOK OGC API Features landing page and collection metadata
BRT TOP10NL;Gebouw vlak;https://api.pdok.nl/brt/top10nl/ogc/v1?f=json;https://api.pdok.nl/brt/top10nl/ogc/v1/collections/gebouw_vlak?f=html;pdok_brt_top10nl_gebouw_vlak_0a9c4ea8;;;Gebouw vlak;"Service description: TOP10NL is een digitaal objectgericht kaartbestand wat ten grondslag ligt aan de topografische kaart 1:10000 en wat veelvuldig in diverse GIS- en CAD-systemen wordt gebruikt voor ondergrond, analyse-, en beheers- en planningsactiviteiten.

Collection description: Vrijstaande, overdekte en geheel of gedeeltelijk met wanden omsloten toegankelijke ruimte, die direct of indirect met de grond is verbonden. Geometrietype is vlak.

Keywords: BRT, TOP10NL, abdij, basisregistratie topografie, bezoekerscentrum, boortoren, brandtoren, brandweerkazerne, bunker, crematorium, dok, elektriciteitscentrale, fabriek, fort, gebouw, gebouwen, gemaal, gemeentehuis, gevangenis, hotel, huizenblok, hulpsecretarie, inrichting, kadaster, kapel, kas, kasteel, kerk, kerncentrale, kernreactor, kliniek, klokkentoren, klooster, koeltoren, koepel, kunstijsbaan, lichttoren, luchtwachttoren, manege, markant gebouw, militair gebouw, moskee, museum, observatorium, overig religieus gebouw, paleis, parkeerdak, parkeerdek, parkeergarage, peilmeetstation, politiebureau, pompstation, postkantoor, psychiatrisch centrum, psychiatrisch ziekenhuis, radarpost, radartoren, radiotoren, recreatiecentrum, reddingboothuisje, remise, ruïne, sanatorium, schaapskooi, school, schoorsteen, silo, sporthal, stadion, stadskantoor, stationsgebouw, synagoge, tank, tankstation, telecommunicatietoren, televisietoren, tol, topografie, topografische kaart, transformatorstation, uitzichttoren, universiteit, vector tiles, veiling, verkeerstoren, vuurtoren, warenhuis, waterradmolen, watertoren, wegrestaurant, werf, windmolen, windmolen: korenmolen, windmolen: watermolen, windturbine, zendtoren, ziekenhuis, zwembad";PDOK OGC API Features landing page and collection metadata
BRT TOP10NL;Geografisch Gebied Punt;https://api.pdok.nl/brt/top10nl/ogc/v1?f=json;https://api.pdok.nl/brt/top10nl/ogc/v1/collections/geografisch_gebied_punt?f=html;pdok_brt_top10nl_geografisch_gebied_punt_451e560c;;;Geografisch Gebied Punt;"Service description: TOP10NL is een digitaal objectgericht kaartbestand wat ten grondslag ligt aan de topografische kaart 1:10000 en wat veelvuldig in diverse GIS- en CAD-systemen wordt gebruikt voor ondergrond, analyse-, en beheers- en planningsactiviteiten.

Collection description: Begrensd en benoemd gebied dat door een geografische eenheid beschreven wordt. Geometrietype is punt.

Keywords: BRT, TOP10NL, bank, basisregistratie topografie, berg, bosgebied, duingebied, eiland, geografisch gebied, geografische gebieden, geul, heidegebied, heuvel, hoek, kaap, kadaster, ondiepte, plaat, polder, streek, terp, topografie, topografische kaart, vaargeul, vector tiles, veld, wad, watergebied, wierde, zee, zeearm, zeegat";PDOK OGC API Features landing page and collection metadata
BRT TOP10NL;Geografisch gebied multivlak;https://api.pdok.nl/brt/top10nl/ogc/v1?f=json;https://api.pdok.nl/brt/top10nl/ogc/v1/collections/geografisch_gebied_multivlak?f=html;pdok_brt_top10nl_geografisch_gebied_multivlak_a51e70dc;;;Geografisch gebied multivlak;"Service description: TOP10NL is een digitaal objectgericht kaartbestand wat ten grondslag ligt aan de topografische kaart 1:10000 en wat veelvuldig in diverse GIS- en CAD-systemen wordt gebruikt voor ondergrond, analyse-, en beheers- en planningsactiviteiten.

Collection description: Begrensd en benoemd gebied dat door een geografische eenheid beschreven wordt. Geometrietype is multivlak.

Keywords: BRT, TOP10NL, bank, basisregistratie topografie, berg, bosgebied, duingebied, eiland, geografisch gebied, geografische gebieden, geul, heidegebied, heuvel, hoek, kaap, kadaster, ondiepte, plaat, polder, streek, terp, topografie, topografische kaart, vaargeul, vector tiles, veld, wad, watergebied, wierde, zee, zeearm, zeegat";PDOK OGC API Features landing page and collection metadata
BRT TOP10NL;Geografisch gebied vlak;https://api.pdok.nl/brt/top10nl/ogc/v1?f=json;https://api.pdok.nl/brt/top10nl/ogc/v1/collections/geografisch_gebied_vlak?f=html;pdok_brt_top10nl_geografisch_gebied_vlak_f93224bf;;;Geografisch gebied vlak;"Service description: TOP10NL is een digitaal objectgericht kaartbestand wat ten grondslag ligt aan de topografische kaart 1:10000 en wat veelvuldig in diverse GIS- en CAD-systemen wordt gebruikt voor ondergrond, analyse-, en beheers- en planningsactiviteiten.

Collection description: Begrensd en benoemd gebied dat door een geografische eenheid beschreven wordt. Geometrietype is vlak.

Keywords: BRT, TOP10NL, bank, basisregistratie topografie, berg, bosgebied, duingebied, eiland, geografisch gebied, geografische gebieden, geul, heidegebied, heuvel, hoek, kaap, kadaster, ondiepte, plaat, polder, streek, terp, topografie, topografische kaart, vaargeul, vector tiles, veld, wad, watergebied, wierde, zee, zeearm, zeegat";PDOK OGC API Features landing page and collection metadata
BRT TOP10NL;Hoogte lijn;https://api.pdok.nl/brt/top10nl/ogc/v1?f=json;https://api.pdok.nl/brt/top10nl/ogc/v1/collections/hoogte_lijn?f=html;pdok_brt_top10nl_hoogte_lijn_18434460;;;Hoogte lijn;"Service description: TOP10NL is een digitaal objectgericht kaartbestand wat ten grondslag ligt aan de topografische kaart 1:10000 en wat veelvuldig in diverse GIS- en CAD-systemen wordt gebruikt voor ondergrond, analyse-, en beheers- en planningsactiviteiten.

Collection description: Virtuele objecten met informatie over de hoogte van het terrein of de diepte van het water. Geometrietype is lijn.

Keywords: BRT, TOP10NL, basisregistratie topografie, dieptelijn, hoogte, hoogtelijn, hoogtelijnen, hoogwaterlijn, kadaster, laagwaterlijn, peil, peil: winterpeil, peil: zomerpeil, topografie, topografische kaart, vector tiles";PDOK OGC API Features landing page and collection metadata
BRT TOP10NL;Hoogte punt;https://api.pdok.nl/brt/top10nl/ogc/v1?f=json;https://api.pdok.nl/brt/top10nl/ogc/v1/collections/hoogte_punt?f=html;pdok_brt_top10nl_hoogte_punt_da0cef6f;;;Hoogte punt;"Service description: TOP10NL is een digitaal objectgericht kaartbestand wat ten grondslag ligt aan de topografische kaart 1:10000 en wat veelvuldig in diverse GIS- en CAD-systemen wordt gebruikt voor ondergrond, analyse-, en beheers- en planningsactiviteiten.

Collection description: Hoogte

Keywords: BRT, TOP10NL, basisregistratie topografie, dieptepunt, hoogte, hoogtepunt, hoogtepunten, kadaster, peil, peil: winterpeil, peil: zomerpeil, topografie, topografische kaart, vector tiles";PDOK OGC API Features landing page and collection metadata
BRT TOP10NL;Inrichtingselement lijn;https://api.pdok.nl/brt/top10nl/ogc/v1?f=json;https://api.pdok.nl/brt/top10nl/ogc/v1/collections/inrichtingselement_lijn?f=html;pdok_brt_top10nl_inrichtingselement_lijn_65414b54;;;Inrichtingselement lijn;"Service description: TOP10NL is een digitaal objectgericht kaartbestand wat ten grondslag ligt aan de topografische kaart 1:10000 en wat veelvuldig in diverse GIS- en CAD-systemen wordt gebruikt voor ondergrond, analyse-, en beheers- en planningsactiviteiten.

Collection description: Ruimtelijk object, punt of lijnvormig, al dan niet ter detaillering dan wel ter inrichting van de overige benoemde ruimtelijke objecten of een ander inrichtingselement. Geometrietype is lijn.

Keywords: BRT, TOP10NL, aanlegsteiger, basisregistratie topografie, bomenrij, calamiteitendoorgang, geluidswering, golfbreker, haag, heg, hekwerk, hoogspanningsleiding, inrichtingselement, inrichtingselementen, kabelbaan, kadaster, koedam, kogelvanger schietbaan, krib, leiding, muur, paalwerk, plaatsnaambord, sluisdeur, stormvloedkering, strekdam, stuw, tol, topografie, topografische kaart, vector tiles, verkeersgeleider, wegafsluiting";PDOK OGC API Features landing page and collection metadata
BRT TOP10NL;Inrichtingselement punt;https://api.pdok.nl/brt/top10nl/ogc/v1?f=json;https://api.pdok.nl/brt/top10nl/ogc/v1/collections/inrichtingselement_punt?f=html;pdok_brt_top10nl_inrichtingselement_punt_abac9b7f;;;Inrichtingselement punt;"Service description: TOP10NL is een digitaal objectgericht kaartbestand wat ten grondslag ligt aan de topografische kaart 1:10000 en wat veelvuldig in diverse GIS- en CAD-systemen wordt gebruikt voor ondergrond, analyse-, en beheers- en planningsactiviteiten.

Collection description: Ruimtelijk object, punt of lijnvormig, al dan niet ter detaillering dan wel ter inrichting van de overige benoemde ruimtelijke objecten of een ander inrichtingselement. Geometrietype is punt.

Keywords: BRT, GPS kernnetpunt, RD punt, TOP10NL, baak, basisregistratie topografie, boom, botenhelling, busstation, calamiteitendoorgang, dukdalf, gaswinning, gedenkteken, golfmeetpaal, grenspunt, havenhoofd, helikopterlandingsplatform, hoogspanningsmast, hunebed, inrichtingselement, inrichtingselementen, kaap, kabelbaanmast, kadaster, kilometerpaal, kilometerpaal water, kilometerpaalspoorweg, kilometerraaibord, kilometerraaipaal, klokkenstoel, koedam, kogelvanger schietbaan, kraan, kruis, luchtvaartlicht, markant object, metrostation, monument, oliepompinstallatie, paal, peilschaal, pijler, plaatsnaambord, radiobaken, radiotelescoop, scheepvaartlicht, schietbaan, seinmast, sluisdeur, sneltramhalte, strandpaal, stuw, tol, topografie, topografische kaart, treinstation, uitzichtpunt, vector tiles, vlampijp, vliedberg, wegwijzer, windmolentje, zendmast, zichtbaar wrak";PDOK OGC API Features landing page and collection metadata
BRT TOP10NL;Plaats multivlak;https://api.pdok.nl/brt/top10nl/ogc/v1?f=json;https://api.pdok.nl/brt/top10nl/ogc/v1/collections/plaats_multivlak?f=html;pdok_brt_top10nl_plaats_multivlak_b32361ba;;;Plaats multivlak;"Service description: TOP10NL is een digitaal objectgericht kaartbestand wat ten grondslag ligt aan de topografische kaart 1:10000 en wat veelvuldig in diverse GIS- en CAD-systemen wordt gebruikt voor ondergrond, analyse-, en beheers- en planningsactiviteiten.

Collection description: Geografisch gebied gekenmerkt door een concentratie van gebouwen gebruikt voor wonen en werken. Geometrietype is multivlak.

Keywords: BRT, TOP10NL, basisregistratie topografie, buurt, buurtschap, deelkern, gehucht, industriekern, kadaster, plaats, plaatsen, recreatiekern, stadsdeel, topografie, topografische kaart, vector tiles, wijk, woonkern";PDOK OGC API Features landing page and collection metadata
BRT TOP10NL;Plaats punt;https://api.pdok.nl/brt/top10nl/ogc/v1?f=json;https://api.pdok.nl/brt/top10nl/ogc/v1/collections/plaats_punt?f=html;pdok_brt_top10nl_plaats_punt_0891e9fa;;;Plaats punt;"Service description: TOP10NL is een digitaal objectgericht kaartbestand wat ten grondslag ligt aan de topografische kaart 1:10000 en wat veelvuldig in diverse GIS- en CAD-systemen wordt gebruikt voor ondergrond, analyse-, en beheers- en planningsactiviteiten.

Collection description: Geografisch gebied gekenmerkt door een concentratie van gebouwen gebruikt voor wonen en werken. Geometrietype is punt.

Keywords: BRT, TOP10NL, basisregistratie topografie, buurt, buurtschap, deelkern, gehucht, kadaster, plaats, plaatsen, stadsdeel, topografie, topografische kaart, vector tiles, wijk";PDOK OGC API Features landing page and collection metadata
BRT TOP10NL;Plaats vlak;https://api.pdok.nl/brt/top10nl/ogc/v1?f=json;https://api.pdok.nl/brt/top10nl/ogc/v1/collections/plaats_vlak?f=html;pdok_brt_top10nl_plaats_vlak_f62d8637;;;Plaats vlak;"Service description: TOP10NL is een digitaal objectgericht kaartbestand wat ten grondslag ligt aan de topografische kaart 1:10000 en wat veelvuldig in diverse GIS- en CAD-systemen wordt gebruikt voor ondergrond, analyse-, en beheers- en planningsactiviteiten.

Collection description: Geografisch gebied gekenmerkt door een concentratie van gebouwen gebruikt voor wonen en werken. Geometrietype is vlak.

Keywords: BRT, TOP10NL, basisregistratie topografie, buurt, buurtschap, deelkern, gehucht, industriekern, kadaster, plaats, plaatsen, recreatiekern, stadsdeel, topografie, topografische kaart, vector tiles, wijk, woonkern";PDOK OGC API Features landing page and collection metadata
BRT TOP10NL;Plantopografie vlak;https://api.pdok.nl/brt/top10nl/ogc/v1?f=json;https://api.pdok.nl/brt/top10nl/ogc/v1/collections/plantopografie_vlak?f=html;pdok_brt_top10nl_plantopografie_vlak_19954264;;;Plantopografie vlak;"Service description: TOP10NL is een digitaal objectgericht kaartbestand wat ten grondslag ligt aan de topografische kaart 1:10000 en wat veelvuldig in diverse GIS- en CAD-systemen wordt gebruikt voor ondergrond, analyse-, en beheers- en planningsactiviteiten.

Collection description: Ruimtelijk object dat wel gepland is, maar nog niet in uitvoering is; meestal een groot infrastructureel object. Geometrietype is vlak.

Keywords: BRT, TOP10NL, basisregistratie topografie, kadaster, overig, plantopografie, plantopografieën, spoorbaan, topografie, topografische kaart, vector tiles, water, weg";PDOK OGC API Features landing page and collection metadata
BRT TOP10NL;Registratief gebied multivlak;https://api.pdok.nl/brt/top10nl/ogc/v1?f=json;https://api.pdok.nl/brt/top10nl/ogc/v1/collections/registratief_gebied_multivlak?f=html;pdok_brt_top10nl_registratief_gebied_multivlak_88891208;;;Registratief gebied multivlak;"Service description: TOP10NL is een digitaal objectgericht kaartbestand wat ten grondslag ligt aan de topografische kaart 1:10000 en wat veelvuldig in diverse GIS- en CAD-systemen wordt gebruikt voor ondergrond, analyse-, en beheers- en planningsactiviteiten.

Collection description: Op basis van wet- en regelgeving afgebakend gebied dat als eenheid geldt van politieke/bestuurlijke verantwoordelijkheid of voor bedrijfsvoering. Geometrietype is multivlak.

Keywords: BRT, TOP10NL, basisregistratie topografie, gemeente, kadaster, land, provincie, registratief gebied, registratieve gebied, registratieve gebieden, territoriale zee, topografie, topografische kaart, vector tiles, waterschap";PDOK OGC API Features landing page and collection metadata
BRT TOP10NL;Registratief gebied vlak;https://api.pdok.nl/brt/top10nl/ogc/v1?f=json;https://api.pdok.nl/brt/top10nl/ogc/v1/collections/registratief_gebied_vlak?f=html;pdok_brt_top10nl_registratief_gebied_vlak_b1e301ba;;;Registratief gebied vlak;"Service description: TOP10NL is een digitaal objectgericht kaartbestand wat ten grondslag ligt aan de topografische kaart 1:10000 en wat veelvuldig in diverse GIS- en CAD-systemen wordt gebruikt voor ondergrond, analyse-, en beheers- en planningsactiviteiten.

Collection description: Op basis van wet- en regelgeving afgebakend gebied dat als eenheid geldt van politieke/bestuurlijke verantwoordelijkheid of voor bedrijfsvoering. Geometrietype is vlak.

Keywords: BRT, TOP10NL, basisregistratie topografie, gemeente, kadaster, land, provincie, registratief gebied, registratieve gebied, registratieve gebieden, territoriale zee, topografie, topografische kaart, vector tiles, waterschap";PDOK OGC API Features landing page and collection metadata
BRT TOP10NL;Reliëf;https://api.pdok.nl/brt/top10nl/ogc/v1?f=json;https://api.pdok.nl/brt/top10nl/ogc/v1/collections/relief_lijn?f=html;pdok_brt_top10nl_relief_lijn_01f58ec8;;;Reliëf;"Service description: TOP10NL is een digitaal objectgericht kaartbestand wat ten grondslag ligt aan de topografische kaart 1:10000 en wat veelvuldig in diverse GIS- en CAD-systemen wordt gebruikt voor ondergrond, analyse-, en beheers- en planningsactiviteiten.

Collection description: Object dat tot doel heeft hoogteverschillen in het landschap te representeren. Geometrietype is lijn.

Keywords: BRT, TOP10NL, aardrand, basisregistratie topografie, hoogteverschil, kadaster, reliëf, reliëfs, steile rand, talud, topografie, topografische kaart, vector tiles, wal";PDOK OGC API Features landing page and collection metadata
BRT TOP10NL;Reliëf talud hoge zijde;https://api.pdok.nl/brt/top10nl/ogc/v1?f=json;https://api.pdok.nl/brt/top10nl/ogc/v1/collections/relief_talud_hoge_zijde_lijn?f=html;pdok_brt_top10nl_relief_talud_hoge_zijde_lijn_fd3ed86d;;;Reliëf talud hoge zijde;"Service description: TOP10NL is een digitaal objectgericht kaartbestand wat ten grondslag ligt aan de topografische kaart 1:10000 en wat veelvuldig in diverse GIS- en CAD-systemen wordt gebruikt voor ondergrond, analyse-, en beheers- en planningsactiviteiten.

Collection description: Object dat tot doel heeft hoogteverschillen in het landschap te representeren. Geometrietype is lijn.

Keywords: BRT, TOP10NL, aardrand, basisregistratie topografie, hoogteverschil, kadaster, reliëf, reliëfs, steile rand, talud, topografie, topografische kaart, vector tiles, wal";PDOK OGC API Features landing page and collection metadata
BRT TOP10NL;Reliëf talud lage zijde;https://api.pdok.nl/brt/top10nl/ogc/v1?f=json;https://api.pdok.nl/brt/top10nl/ogc/v1/collections/relief_talud_lage_zijde_lijn?f=html;pdok_brt_top10nl_relief_talud_lage_zijde_lijn_93e7a7ef;;;Reliëf talud lage zijde;"Service description: TOP10NL is een digitaal objectgericht kaartbestand wat ten grondslag ligt aan de topografische kaart 1:10000 en wat veelvuldig in diverse GIS- en CAD-systemen wordt gebruikt voor ondergrond, analyse-, en beheers- en planningsactiviteiten.

Collection description: Object dat tot doel heeft hoogteverschillen in het landschap te representeren. Geometrietype is lijn.

Keywords: BRT, TOP10NL, aardrand, basisregistratie topografie, hoogteverschil, kadaster, reliëf, reliëfs, steile rand, talud, topografie, topografische kaart, vector tiles, wal";PDOK OGC API Features landing page and collection metadata
BRT TOP10NL;Spoorbaandeel lijn;https://api.pdok.nl/brt/top10nl/ogc/v1?f=json;https://api.pdok.nl/brt/top10nl/ogc/v1/collections/spoorbaandeel_lijn?f=html;pdok_brt_top10nl_spoorbaandeel_lijn_93520d78;;;Spoorbaandeel lijn;"Service description: TOP10NL is een digitaal objectgericht kaartbestand wat ten grondslag ligt aan de topografische kaart 1:10000 en wat veelvuldig in diverse GIS- en CAD-systemen wordt gebruikt voor ondergrond, analyse-, en beheers- en planningsactiviteiten.

Collection description: Kleinste functioneel onafhankelijk stukje spoorbaan met gelijkblijvende, homogene eigenschappen en relaties dat er binnen een spoorwegnet wordt onderscheiden. Geometrietype is lijn.

Keywords: BRT, TOP10NL, basisregistratie topografie, gemengd, gemengd gebruik, goederenvervoer, in tunnel, kadaster, metro, museumlijn, normaalspoor, op beweegbaar deel van brug, op vast deel van brug, overkluisd, personenvervoer, smalspoor, sneltram, spoorbaandeel, spoorbaandelen, topografie, topografische kaart, tram, trein, vector tiles, verbinding";PDOK OGC API Features landing page and collection metadata
BRT TOP10NL;Spoorbaandeel punt;https://api.pdok.nl/brt/top10nl/ogc/v1?f=json;https://api.pdok.nl/brt/top10nl/ogc/v1/collections/spoorbaandeel_punt?f=html;pdok_brt_top10nl_spoorbaandeel_punt_f067f4b9;;;Spoorbaandeel punt;"Service description: TOP10NL is een digitaal objectgericht kaartbestand wat ten grondslag ligt aan de topografische kaart 1:10000 en wat veelvuldig in diverse GIS- en CAD-systemen wordt gebruikt voor ondergrond, analyse-, en beheers- en planningsactiviteiten.

Collection description: Kleinste functioneel onafhankelijk stukje spoorbaan met gelijkblijvende, homogene eigenschappen en relaties dat er binnen een spoorwegnet wordt onderscheiden. Geometrietype is punt.

Keywords: BRT, TOP10NL, basisregistratie topografie, gemengd, gemengd gebruik, goederenvervoer, in tunnel, kadaster, kruising, metro, normaalspoor, op beweegbaar deel van brug, op vast deel van brug, overkluisd, personenvervoer, smalspoor, sneltram, spoorbaandeel, spoorbaandelen, topografie, topografische kaart, tram, trein, vector tiles";PDOK OGC API Features landing page and collection metadata
BRT TOP10NL;Terrein vlak;https://api.pdok.nl/brt/top10nl/ogc/v1?f=json;https://api.pdok.nl/brt/top10nl/ogc/v1/collections/terrein_vlak?f=html;pdok_brt_top10nl_terrein_vlak_115b4fef;;;Terrein vlak;"Service description: TOP10NL is een digitaal objectgericht kaartbestand wat ten grondslag ligt aan de topografische kaart 1:10000 en wat veelvuldig in diverse GIS- en CAD-systemen wordt gebruikt voor ondergrond, analyse-, en beheers- en planningsactiviteiten.

Collection description: Zichtbaar begrensd stuk grond, niet zijnde een van de andere opdelende ruimtelijke objecten (wegdeel of waterdeel). Geometrietype is vlak.

Keywords: BRT, TOP10NL, basisregistratie topografie, drinkwaterbekken, droge sloot, greppel, haven, in afsluitbare duiker, in afsluitbare grondduiker, in duiker, in grondduiker, in sluis, kadaster, natuurbad, op brug, overkluisd, topografie, topografische kaart, vector tiles, viskwekerij, vistrap, vloeiveld, waterdeel, waterdelen, waterloop, waterval, waterzuivering, zwembad";PDOK OGC API Features landing page and collection metadata
BRT TOP10NL;Waterdeel lijn;https://api.pdok.nl/brt/top10nl/ogc/v1?f=json;https://api.pdok.nl/brt/top10nl/ogc/v1/collections/waterdeel_lijn?f=html;pdok_brt_top10nl_waterdeel_lijn_7b40ecf2;;;Waterdeel lijn;"Service description: TOP10NL is een digitaal objectgericht kaartbestand wat ten grondslag ligt aan de topografische kaart 1:10000 en wat veelvuldig in diverse GIS- en CAD-systemen wordt gebruikt voor ondergrond, analyse-, en beheers- en planningsactiviteiten.

Collection description: Kleinste functioneel onafhankelijk stukje water met gelijkblijvende, homogene eigenschappen en relaties dat er binnen een water wordt onderscheiden. Geometrietype is vlak.

Keywords: BRT, TOP10NL, basisregistratie topografie, drinkwaterbekken, droge sloot, greppel, haven, in afsluitbare duiker, in afsluitbare grondduiker, in duiker, in grondduiker, in sluis, kadaster, natuurbad, op brug, overkluisd, topografie, topografische kaart, vector tiles, viskwekerij, vistrap, vloeiveld, waterdeel, waterdelen, waterloop, waterval, waterzuivering, zwembad";PDOK OGC API Features landing page and collection metadata
BRT TOP10NL;Waterdeel punt;https://api.pdok.nl/brt/top10nl/ogc/v1?f=json;https://api.pdok.nl/brt/top10nl/ogc/v1/collections/waterdeel_punt?f=html;pdok_brt_top10nl_waterdeel_punt_1869b0b7;;;Waterdeel punt;"Service description: TOP10NL is een digitaal objectgericht kaartbestand wat ten grondslag ligt aan de topografische kaart 1:10000 en wat veelvuldig in diverse GIS- en CAD-systemen wordt gebruikt voor ondergrond, analyse-, en beheers- en planningsactiviteiten.

Collection description: Kleinste functioneel onafhankelijk stukje water met gelijkblijvende, homogene eigenschappen en relaties dat er binnen een water wordt onderscheiden. Geometrietype is punt.

Keywords: BRT, TOP10NL, basisregistratie topografie, bron, kadaster, overkluisd, topografie, topografische kaart, vector tiles, vistrap, waterdeel, waterdelen, waterval, wel";PDOK OGC API Features landing page and collection metadata
