RowIndex,Title,EnglishTitle,PageLink,MapLink,Kaartlaag,Geometry,Entity,GPTGeometry,GPTEntity,GPTReasoningSummary,GPTError,GPTConfidence,RunID
0,Corporatiebezit AFWC 2020,Housing association property AFWC 2020,https://maps.amsterdam.nl/open_geodata/?k=208,https://maps.amsterdam.nl/afwc_2020,AFWC_2020,PlainVectorRegion,ObjectDS,PlainVectorRegion,ObjectDS,"The layer maps housing association property footprints/blocks as discrete bounded objects with attributes like corporation and dwelling counts; polygons are isolated rather than a full tessellation, so PlainVectorRegion and ObjectDS fit best.",,0.92,debug_manual_gpt
1,Archeologische beerputten,Archaeological cesspits,https://maps.amsterdam.nl/open_geodata/?k=273,https://maps.amsterdam.nl/archeologie,ARCHEO_BEERPUT_VONDST,PointDS,ObjectDS,PointDS,ObjectDS,"Point features represent individual archaeological cesspits/find spots with addresses and photos, so this is a set of identifiable objects rather than measurements or events.",,0.98,debug_manual_gpt
2,Archeologische waterbodems,Archaeological water soils,https://maps.amsterdam.nl/open_geodata/?k=274,https://maps.amsterdam.nl/archeologie,ARCHEO_WATERBODEMS,PointDS,ObjectDS,PointDS,ObjectDS,"Point features mark distinct archaeological find locations/objects in water soils; this is a point object layer, not a measurement or event layer.",,0.98,debug_manual_gpt
3,Archeologische vindplaatsen,Archaeological sites,https://maps.amsterdam.nl/open_geodata/?k=101,https://maps.amsterdam.nl/archeologie,ARCHEOVINDPLAATSEN,PlainVectorRegion,ObjectDS,PlainVectorRegion,ObjectDS,"Polygon layer of archaeological sites/vindplaatsen: discrete bounded heritage objects, not a reporting-unit tessellation or full-area coverage. Topology hints and the layer meaning support PlainVectorRegion; entity is ObjectDS because each polygon represents a distinct site/object with descriptive attributes.",,0.98,debug_manual_gpt
4,Barbecue,Barbecue,https://maps.amsterdam.nl/open_geodata/?k=319,https://maps.amsterdam.nl/bbq,BBQ,PlainVectorRegion,ObjectDS,PlainVectorRegion,PatchDS,"Polygons are isolated park/area zones for BBQ restrictions, not a tessellation or reporting unit; decisive rule is selected bounded phenomenon areas -> PatchDS.",,0.98,debug_manual_gpt
5,Beschermde stads- en dorpsgezichten,Conservation areas,https://maps.amsterdam.nl/open_geodata/?k=125,https://maps.amsterdam.nl/cultuurhistorie,BESCHERMDESTADSGEZICHTEN,PlainVectorRegion,ObjectDS,PlainVectorRegion,PatchDS,"Polygons are discrete protected conservation areas, not a full tessellation; topology shows isolated polygons with no shared boundaries. The main meaning is bounded heritage zones, so PatchDS fits best.",,0.98,debug_manual_gpt
6,Wilde bijen,Wild bees,https://maps.amsterdam.nl/open_geodata/?k=135,https://maps.amsterdam.nl/bijen,BIJEN,PointDS,AmountDS,PointDS,ObjectDS,"Point features mark bee observation locations/areas by year and observed species; the layer is about distinct observation objects, not a measurement or event series. Geometry is PointDS from the Point geometry type.",,0.97,debug_manual_gpt
7,Honingbijen,Honey bees,https://maps.amsterdam.nl/open_geodata/?k=136,https://maps.amsterdam.nl/honingbijen,BIJEN_HONING,PointDS,AmountDS,PointDS,AmountDS,"Point features represent beehive locations, but the main mapped phenomenon is the numeric number of colonies/hives (Aantal_volken/Aantal_kasten), so this is a point-based amount layer.",,0.97,debug_manual_gpt
8,Bodemkwaliteit,Soil quality,https://maps.amsterdam.nl/open_geodata/?k=57,https://maps.amsterdam.nl/bodemkwaliteit,BODEMKWALITEIT,PlainVectorRegion,PatchDS,VectorTessellation,CoverageDS,"Polygons form a near-partition with strong shared boundaries, so VectorTessellation. The layer maps soil quality/soil-function zones across the area as an exhaustive thematic classification, which fits CoverageDS.",,0.93,debug_manual_gpt
9,Bomen (deel 1),Trees (part 1),https://maps.amsterdam.nl/open_geodata/?k=254,https://maps.amsterdam.nl/bomen,BOMEN,PointDS,ObjectDS,PointDS,ObjectDS,"Point layer of individual trees; each feature is a distinct real-world object with species, age, and owner/manager attributes, so ObjectDS.",,0.99,debug_manual_gpt
10,Bomen (deel 2),Trees (part 2),https://maps.amsterdam.nl/open_geodata/?k=255,https://maps.amsterdam.nl/bomen,BOMEN_2,PointDS,ObjectDS,PointDS,ObjectDS,"Point features represent individual trees with species, height, year planted, owner, and manager attributes; this is an object layer, not a measurement or event layer.",,0.99,debug_manual_gpt
11,Bomen (deel 3),Trees (part 3),https://maps.amsterdam.nl/open_geodata/?k=256,https://maps.amsterdam.nl/bomen,BOMEN_3,PointDS,ObjectDS,PointDS,ObjectDS,"Point features represent individual trees with species, height, year planted, owner, and manager attributes; this is a discrete object layer, not measurements or events.",,0.99,debug_manual_gpt
12,Bomen (deel 4),Trees (part 4),https://maps.amsterdam.nl/open_geodata/?k=257,https://maps.amsterdam.nl/bomen,BOMEN_4,PointDS,ObjectDS,PointDS,ObjectDS,"Point features represent individual trees with species, height, year planted, owner, and manager attributes; this is an object layer, not a measurement or amount layer.",,0.99,debug_manual_gpt
13,Buurtcompost,Neighborhood compost,https://maps.amsterdam.nl/open_geodata/?k=228,https://maps.amsterdam.nl/buurtcompost,BUURTCOMPOST,PointDS,ObjectDS,PointDS,ObjectDS,"Point locations for neighborhood compost sites; each point is a distinct real-world object/facility, not a measurement or event.",,0.97,debug_manual_gpt
14,Cameragebieden,Camera areas,https://maps.amsterdam.nl/open_geodata/?k=149,https://maps.amsterdam.nl/overlast,CAMERAGEBIEDEN,PlainVectorRegion,ExistenceDS,PlainVectorRegion,PatchDS,"Polygons are selected camera zones rather than a full tessellation; low shared boundaries and sparse adjacency support PlainVectorRegion. The layer represents bounded camera areas, so PatchDS fits the selected-area/zone rule.",,0.95,debug_manual_gpt
15,Canadese populieren,Canadian poplars,https://maps.amsterdam.nl/open_geodata/?k=232,https://maps.amsterdam.nl/canadese_populieren,CANADESE_POPULIEREN,PointDS,ObjectDS,PointDS,EventDS,"Point features represent individual trees, but the layer is mainly about actions and scheduling on those trees (kap/snoei/herplant), so the decisive rule is event-like occurrence/management rather than object inventory.",,0.95,debug_manual_gpt
16,Sensoren Crowd Monitoring Systeem Amsterdam,Sensors Crowd Monitoring System Amsterdam,https://maps.amsterdam.nl/open_geodata/?k=264,https://maps.amsterdam.nl/cmsa,CROWDSENSOREN,PointDS,ObjectDS,PointDS,ObjectDS,"Point features represent individual crowd-monitoring sensors/cameras, so this is a discrete object layer, not a measurement or amount layer.",,0.99,debug_manual_gpt
17,Cultuurhistorische verkenningen,Cultural historic explorations,https://maps.amsterdam.nl/open_geodata/?k=126,https://maps.amsterdam.nl/cultuurhistorie,CULTUURHISTORIE_VERKENNINGEN,PlainVectorRegion,EventDS,PlainVectorRegion,PatchDS,"Polygons are selected cultural-historical exploration areas, not reporting units or full-area coverage; they represent bounded zones/patches. Topology hint suggested PlainVectorRegion, and the layer is best read as patch-like bounded areas with descriptive attributes.",,0.89,debug_manual_gpt
18,Duizendknoop,Knotweed,https://maps.amsterdam.nl/open_geodata/?k=247,https://maps.amsterdam.nl/duizendknoop,DUIZENDKNOOP,PointDS,ObjectDS,PointDS,ObjectDS,"Point features represent individual knotweed occurrences/locations, not measurements or events; the numeric area field is an attribute of each infestation object, so ObjectDS fits best.",,0.98,debug_manual_gpt
19,Ecopassages,Ecopassages,https://maps.amsterdam.nl/open_geodata/?k=63,https://maps.amsterdam.nl/ecopassages,ECOPASSAGES,PointDS,ObjectDS,PointDS,ObjectDS,"Point feature layer of ecopassage problem sites/solutions; each point represents a distinct real-world crossing/knelpunt object, not a measurement or event.",,0.98,debug_manual_gpt
20,Energie - Potentiele gebieden windenergie,Energy - Potential areas of wind energy,https://maps.amsterdam.nl/open_geodata/?k=96,https://maps.amsterdam.nl/energie_zonwind,ENERGIE_WINDVISIE,PlainVectorRegion,AmountDS,PlainVectorRegion,ObjectDS,"Polygons are isolated wind-energy potential sites, not a tessellated coverage; the decisive entity rule is object-like bounded projects with numeric attributes (capacity and expected yield), so ObjectDS.",,0.97,debug_manual_gpt
21,Verkiezingen Europarlement 2019,Elections Europarliament 2019,https://maps.amsterdam.nl/open_geodata/?k=282,https://maps.amsterdam.nl/europarlement2019,EP19,PointDS,ObjectDS,PointDS,ObjectDS,"Point layer of polling/stem locations for the 2019 European Parliament election; each point is a distinct voting location with vote attributes, so ObjectDS rather than AmountDS.",,0.99,debug_manual_gpt
22,Eikenprocessierups (nesten),Oak processionary caterpillar (nesting),https://maps.amsterdam.nl/open_geodata/?k=67,https://maps.amsterdam.nl/eikenprocessierups,EPR_NESTEN,PointDS,ObjectDS,PointDS,ObjectDS,"Point features mark individual trees/nests (Boom_ID) for oak processionary caterpillar management; this is a discrete object layer with point geometry, not a measurement or event layer.",,0.97,debug_manual_gpt
23,Fietstaxi - gebieden,Pedicabs - areas,https://maps.amsterdam.nl/open_geodata/?k=140,https://maps.amsterdam.nl/fietstaxi,FIETSTAXI,PlainVectorRegion,PatchDS,PlainVectorRegion,PatchDS,"Polygon areas are selective regulation zones for pedicab rules, not a full tessellation or reporting unit. The decisive rule is bounded selected-area/zone -> PatchDS, with suggested_region_geometry also supporting PlainVectorRegion.",,0.95,debug_manual_gpt
24,Fietstaxi - standplaatsen,Pedicabs - pitches,https://maps.amsterdam.nl/open_geodata/?k=141,https://maps.amsterdam.nl/fietstaxi,FIETSTAXI_STANDPLAATSEN,PointDS,ObjectDS,PointDS,ObjectDS,"Point features labeled as pedicab/coach pitches; these are distinct real-world standplaatsen (facility/asset objects), not measurements or events.",,0.98,debug_manual_gpt
25,Niet-woonfuncties (Functiekaart),Non-residential functions (Function Map),https://maps.amsterdam.nl/open_geodata/?k=49,https://maps.amsterdam.nl/functiekaart,FUNCTIEKAART,PointDS,ObjectDS,PointDS,ObjectDS,"Point features are individual non-residential premises/addresses (VOT_ID, Adres, Hoofdfunctie), so this is an object layer. The numeric fields are attributes of the premises, not the main mapped phenomenon.",,0.97,debug_manual_gpt
26,Functiemix,Function mix,https://maps.amsterdam.nl/open_geodata/?k=310,https://maps.amsterdam.nl/functiemix,FUNCTIEMIX,PlainVectorRegion,PatchDS;AmountDS,PlainVectorRegion,CoverageDS,The layer is a categorical land-use/function-mix map with polygons classified as wonen/voorzieningen/werken; it is not a reporting-unit tessellation but a thematic coverage of discrete regions.,,0.98,debug_manual_gpt
27,Wijken,Neighborhoods,https://maps.amsterdam.nl/open_geodata/?k=200,https://maps.amsterdam.nl/gebiedsindeling,GEBIED_BUURTCOMBINATIES,VectorTessellation,LatticeDS,VectorTessellation,LatticeDS,"Neighborhood (wijken/buurtcombinaties) polygons form a complete administrative partition, and the codes/names indicate reporting units; tessellation + lattice.",,0.99,debug_manual_gpt
28,Wijken excl.water,Neighborhoods excl.water,https://maps.amsterdam.nl/open_geodata/?k=201,https://maps.amsterdam.nl/gebiedsindeling,GEBIED_BUURTCOMBINATIES_EXWATER,VectorTessellation,LatticeDS,VectorTessellation,LatticeDS,"Neighborhood-combination polygons are administrative/statistical reporting units that partition Amsterdam, and topology hints strongly support a tessellation; Opp_m2 is just an attribute.",,0.98,debug_manual_gpt
29,Buurten,Neighborhoods,https://maps.amsterdam.nl/open_geodata/?k=198,https://maps.amsterdam.nl/gebiedsindeling,GEBIED_BUURTEN,VectorTessellation,LatticeDS,VectorTessellation,LatticeDS,"Neighborhood polygons with codes form a near-complete partition of Amsterdam, and the layer is a reporting/statistical unit set (buurten) with area attributes, so VectorTessellation + LatticeDS.",,0.99,debug_manual_gpt
30,Buurten excl.water,Neighborhoods excl.water,https://maps.amsterdam.nl/open_geodata/?k=199,https://maps.amsterdam.nl/gebiedsindeling,GEBIED_BUURTEN_EXWATER,VectorTessellation,LatticeDS,VectorTessellation,LatticeDS,"Neighborhoods are reporting/statistical units with codes and area attributes, and the polygons form a near-complete partition with strong shared boundaries, so this is a tessellation plus lattice.",,0.98,debug_manual_gpt
31,Stadsdelen,City districts,https://maps.amsterdam.nl/open_geodata/?k=202,https://maps.amsterdam.nl/gebiedsindeling,GEBIED_STADSDELEN,VectorTessellation,LatticeDS,VectorTessellation,LatticeDS,"City districts form a near-complete administrative partition, and the topology hints strongly support tessellation. The decisive entity rule is reporting/administrative units, so this is LatticeDS rather than AmountDS despite the area field.",,0.98,debug_manual_gpt
32,Stadsdelen excl.water,City districts excl.water,https://maps.amsterdam.nl/open_geodata/?k=203,https://maps.amsterdam.nl/gebiedsindeling,GEBIED_STADSDELEN_EXWATER,VectorTessellation,LatticeDS,VectorTessellation,LatticeDS,"City districts are administrative reporting units that partition Amsterdam, so the geometry is a tessellation. The decisive entity rule is reporting/statistical unit -> LatticeDS; Opp_m2 is just an attribute of each district.",,0.98,debug_manual_gpt
33,22 Gebieden,22 Areas,https://maps.amsterdam.nl/open_geodata/?k=204,https://maps.amsterdam.nl/gebiedsindeling,GEBIEDEN22,VectorTessellation,LatticeDS,VectorTessellation,LatticeDS,"The layer is a complete administrative/area division of Amsterdam into 22 areas plus one extra area feature, with strongly adjacent polygons and high shared boundaries, so it is a tessellation. The features are reporting/administrative units named by gebied and stadsdeel codes, making LatticeDS the best fit.",,0.98,debug_manual_gpt
34,22 Gebieden excl.water,22 Areas excluding water,https://maps.amsterdam.nl/open_geodata/?k=205,https://maps.amsterdam.nl/gebiedsindeling,GEBIEDEN22_EXWATER,VectorTessellation,LatticeDS,VectorTessellation,LatticeDS,"The layer is a near-complete partition of Amsterdam into 22 areas with shared boundaries and no overlap, so it fits VectorTessellation. The features are reporting/administrative areas with codes and names, so the decisive entity rule is LatticeDS.",,0.98,debug_manual_gpt
35,25 Praktijkgebieden,25 Practice areas,https://maps.amsterdam.nl/open_geodata/?k=268,https://maps.amsterdam.nl/gebiedsindeling,GEBIEDEN25,VectorTessellation,LatticeDS,VectorTessellation,LatticeDS,"The 25 practice areas are named administrative/practice regions that partition Amsterdam, and the topology strongly supports tessellation. The polygons are reporting/aggregation units with area attributes, so LatticeDS is the best fit.",,0.98,debug_manual_gpt
36,25 Praktijkgebieden excl.water,25 Practice areas excluding water,https://maps.amsterdam.nl/open_geodata/?k=269,https://maps.amsterdam.nl/gebiedsindeling,GEBIEDEN25_EXWATER,VectorTessellation,LatticeDS,VectorTessellation,LatticeDS,"The layer is a near-complete set of named practice areas that partition the city; topology hints strongly support tessellation. The areas function as reporting/administrative units with names, codes, and area fields, so LatticeDS fits best.",,0.98,debug_manual_gpt
37,Geluidscontouren industrie,Noise contours industry,https://maps.amsterdam.nl/open_geodata/?k=263,https://maps.amsterdam.nl/geluid2,GELUID_INDUSTRIE,PlainVectorRegion,ContourDS,PlainVectorRegion,ContourDS,"The layer is noise contour zones (50 dB, industrial noise), so the main phenomenon is isoline/interval bands rather than objects or reporting units. Polygon features are named contour areas, not a full tessellation, so PlainVectorRegion and ContourDS fit best.",,0.94,debug_manual_gpt
38,Geluidscontouren luchtvaart,Noise contours air traffic,https://maps.amsterdam.nl/open_geodata/?k=252,https://maps.amsterdam.nl/geluid,GELUID_LUCHTVAART_LDEN,PlainVectorRegion,ContourDS,PlainVectorRegion,ContourDS,"Polygon noise zones are isoline/interval bands (55-60 dB, 60-65 dB, etc.), so the entity is ContourDS. Despite adjacency, the polygons are contour classes rather than a reporting tessellation, so geometry is PlainVectorRegion.",,0.98,debug_manual_gpt
39,Geluidscontouren verkeer (deel 1),Noise contours traffic (part 1),https://maps.amsterdam.nl/open_geodata/?k=267,https://maps.amsterdam.nl/geluid1,GELUID_VERKEER,PlainVectorRegion,ContourDS,PlainVectorRegion,ContourDS,Layer shows noise contour polygons with dB classes; the main phenomenon is isoline/interval bands rather than a full-area tessellation. Classified as ContourDS.,,0.98,debug_manual_gpt
40,Geluidscontouren verkeer (deel 2),Noise contours traffic (part 2),https://maps.amsterdam.nl/open_geodata/?k=134,https://maps.amsterdam.nl/geluid,GELUID_VERKEER_2,PlainVectorRegion,ContourDS,PlainVectorRegion,ContourDS,"The layer is a set of noise contour polygons with dB classes, so the main phenomenon is contour/isoline bands rather than reporting units or full coverage. Despite strong polygon adjacency, the metadata and classes indicate contour zones, so PlainVectorRegion + ContourDS.",,0.97,debug_manual_gpt
41,Verkiezingen Gemeenteraad 2018,Elections Municipality 2018,https://maps.amsterdam.nl/open_geodata/?k=250,https://maps.amsterdam.nl/gemeenteraad2018,GEMEENTERAAD2018,PointDS,ObjectDS,PointDS,ObjectDS,"Point features are voting stations/polling locations (stembureaus) with election result attributes, so this is a point object layer rather than a measurement or event layer.",,0.99,debug_manual_gpt
42,Groene daken,Green roofs,https://maps.amsterdam.nl/open_geodata/?k=51,https://maps.amsterdam.nl/groene_daken,GROENE_DAKEN,PointDS,ObjectDS,PointDS,ObjectDS,"Point layer of identifiable green-roof locations at addresses; the points represent discrete real-world objects/projects, not measurements or events. Numeric fields are attributes, so ObjectDS is the right entity.",,0.98,debug_manual_gpt
43,Grondgebruik 2017,Land use 2017,https://maps.amsterdam.nl/open_geodata/?k=152,https://maps.amsterdam.nl/grondgebruik,GRONDGEBRUIK_2017,VectorTessellation,CoverageDS,VectorTessellation,CoverageDS,"Land use 2017 is a full-area thematic classification with many adjacent polygons forming a near-complete partition, so VectorTessellation fits; the polygons represent land-use categories rather than reporting units or individual objects, so CoverageDS.",,0.98,debug_manual_gpt
44,Historische bebouwing,Historical buildings,https://maps.amsterdam.nl/open_geodata/?k=118,https://maps.amsterdam.nl/archeologie,HISTORISCHE_BEBOUWING,PointDS,ObjectDS,PointDS,ObjectDS,"Point features marking identifiable historical buildings/structures; the main phenomenon is discrete objects, not measurements or events.",,0.99,debug_manual_gpt
45,Hoe groot is Amsterdam,How big is Amsterdam,https://maps.amsterdam.nl/open_geodata/?k=166,https://maps.amsterdam.nl/hoegroot,HOEGROOT,PlainVectorRegion,ObjectDS,PlainVectorRegion,ObjectDS,"The layer shows three discrete municipal polygons with only a GEMEENTE_ID identifier. They are not a full tessellation of a study area; the metadata indicates a special comparison map ('How big is Amsterdam') rather than reporting units or coverage, so PlainVectorRegion. The polygons represent identifiable bounded municipal objects, so ObjectDS.",,0.91,debug_manual_gpt
46,Honden uitren- en verbodsgebieden,Dogs run and ban areas,https://maps.amsterdam.nl/open_geodata/?k=245,https://maps.amsterdam.nl/honden,HONDEN,PlainVectorRegion,PatchDS,PlainVectorRegion,PatchDS,"Polygons mark selected dog run/ban restriction areas rather than a full-area tessellation, so PlainVectorRegion; the main phenomenon is bounded restriction zones/patches, not reporting units, coverage, or objects.",,0.97,debug_manual_gpt
47,Hoofdgroenstructuur (HGS),Main Green Structure,https://maps.amsterdam.nl/open_geodata/?k=55,https://maps.amsterdam.nl/hoofdgroenstructuur,HOOFDGROENSTRUCTUUR,PlainVectorRegion,ObjectDS,PlainVectorRegion,PatchDS,"Polygons are discrete green-area objects/selected zones (e.g., parks, cemeteries, corridors) rather than a full administrative or thematic partition, so PlainVectorRegion. The main meaning is bounded green patches/object areas, not reporting units or coverage, so PatchDS.",,0.95,debug_manual_gpt
48,Iepen particulier,Elm trees - private,https://maps.amsterdam.nl/open_geodata/?k=330,https://maps.amsterdam.nl/iepen,IEPEN_PARTICULIER,PointDS,ObjectDS,PointDS,ObjectDS,"Point features represent individual elm trees (private); this is a discrete object layer, not a measurement or event layer.",,0.98,debug_manual_gpt
49,Jongeren- en Studentenhuisvesting,Youth and Student Housing,https://maps.amsterdam.nl/open_geodata/?k=115,https://maps.amsterdam.nl/jongerenstudentenhuisvesting,JONGERENSTUDENTENHUISVESTING,PointDS,ObjectDS,PointDS,ObjectDS,"Point features mark distinct housing projects/buildings; the numeric woning count is an attribute, not the main mapped phenomenon, so this is ObjectDS rather than AmountDS.",,0.98,debug_manual_gpt
50,Kastanjebloedingsziekte,Chestnut bleeding disorder,https://maps.amsterdam.nl/open_geodata/?k=93,https://maps.amsterdam.nl/kastanjes,KASTANJES,PointDS,ObjectDS,PointDS,ObjectDS,"Point layer of chestnut trees; each point represents a distinct tree object, with species and damage status as attributes. The decisive rule is object points, not amount or event.",,0.98,debug_manual_gpt
51,Klimaat - Droogte,Climate - Drought,https://maps.amsterdam.nl/open_geodata/?k=317,https://maps.amsterdam.nl/klimaatadaptatie,KLIMAAT_DROOGTE,PointDS,PointMeasuresDS,PointDS,PointMeasuresDS,"Point features sample a continuous climate/hydrology phenomenon (dryness/groundwater metrics like Maaiveld and GLG), so this is PointMeasuresDS; geometry is PointDS.",,0.98,debug_manual_gpt
52,Klimaat - Overstroming,Climate - Flood,https://maps.amsterdam.nl/open_geodata/?k=318,https://maps.amsterdam.nl/klimaatadaptatie,KLIMAAT_OVERSTROMING,VectorTessellation,CoverageDS,VectorTessellation,ContourDS,"Polygon layer forms a near-partition with strong shared boundaries, so VectorTessellation. The flooded-area polygons are classified by probability and depth bands, making them contour-like interval zones rather than objects or reporting units.",,0.95,debug_manual_gpt
53,Markten,Markets,https://maps.amsterdam.nl/open_geodata/?k=123,https://maps.amsterdam.nl/markten,MARKTEN,PointDS,ObjectDS,PointDS,ObjectDS,"Point features represent individual market locations (named places like Albert Cuypmarkt and Waterlooplein), so this is an ObjectDS point layer; the metadata indicates markets rather than measurements or events.",,0.98,debug_manual_gpt
54,Groene monumenten,Green monuments,https://maps.amsterdam.nl/open_geodata/?k=68,https://maps.amsterdam.nl/monumentaal_groen,MONUMENTAAL_GROEN,PointDS,ObjectDS,PointDS,ObjectDS,"Point layer of named green monuments/parks and related sites; the decisive rule is discrete real-world objects at point locations, not amounts or events.",,0.98,debug_manual_gpt
55,Monumentale bomen,Monumental trees,https://maps.amsterdam.nl/open_geodata/?k=59,https://maps.amsterdam.nl/monumentaal_groen,MONUMENTALE_BOMEN,PointDS,ObjectDS,PointDS,ObjectDS,"Point features represent individual monumental trees, a set of identifiable real-world objects; numeric and categorical fields are attributes, not the main mapped phenomenon.",,0.99,debug_manual_gpt
56,Monumenten,Monuments,https://maps.amsterdam.nl/open_geodata/?k=155,https://maps.amsterdam.nl/monumenten,MONUMENTEN,PointDS,ObjectDS,PointDS,ObjectDS,"Point features represent discrete monument objects/buildings, not measurements or events; the decisive rule is ObjectDS for identifiable real-world assets.",,0.99,debug_manual_gpt
57,Muurplanten,Quay wall plants,https://maps.amsterdam.nl/open_geodata/?k=106,https://maps.amsterdam.nl/muurplanten,MUURPLANTEN,PointDS,ObjectDS,PointDS,ObjectDS,"Point features mark individual quay-wall plant occurrences/species locations; the main phenomenon is identifiable objects (plants), not counts. Numeric Aantal_* fields are attributes of those records, so ObjectDS.",,0.98,debug_manual_gpt
58,NO2 metingen 4-weken,NO2 measurements 4 weeks,https://maps.amsterdam.nl/open_geodata/?k=331,https://maps.amsterdam.nl/no2,NO2_4WEKEN,PointDS,PointMeasuresDS,PlainVectorRegion,PointMeasuresDS,"MultiPolygon zones are discrete measurement areas rather than a tessellation, and the layer represents NO2 measurements over time at mapped locations/areas. The decisive rule is point/area-based environmental measurement, not object or amount mapping.",,0.97,debug_manual_gpt
59,NO2 metingen locaties,NO2 measurements locations,https://maps.amsterdam.nl/open_geodata/?k=308,https://maps.amsterdam.nl/no2,NO2_LOCATIES,PointDS,ObjectDS,PointDS,PointMeasuresDS,"Point layer of NO2 measurement locations; each point is a sampling/measurement site for a continuous air-quality phenomenon, so PointDS + PointMeasuresDS.",,0.99,debug_manual_gpt
60,Oergeul,Primeval gulch,https://maps.amsterdam.nl/open_geodata/?k=242,https://maps.amsterdam.nl/oergeul,OERGEUL,PlainVectorRegion,PatchDS,PlainVectorRegion,CoverageDS,"Polygons are sparse and not a tessellation (low shared boundary, low fill), so PlainVectorRegion. The layer uses category values to classify bounded areas, indicating a full-area thematic coverage rather than reporting units or objects.",,0.9,debug_manual_gpt
61,Oergeul - sonderingen,Primeval gulch - soundings,https://maps.amsterdam.nl/open_geodata/?k=243,https://maps.amsterdam.nl/oergeul,OERGEUL_SONDERINGEN,PointDS,PointMeasuresDS;EventDS,PointDS,PointMeasuresDS,"Point layer of soundings/boreholes; each point is a measurement location sampling subsurface conditions, so PointDS with PointMeasuresDS.",,0.98,debug_manual_gpt
62,Ontwikkelbuurten,Development neighbourhoods,https://maps.amsterdam.nl/open_geodata/?k=279,https://maps.amsterdam.nl/ontwikkelbuurten,ONTWIKKELBUURTEN,PlainVectorRegion,ObjectDS,PlainVectorRegion,ObjectDS,"The layer represents named development neighbourhoods (discrete bounded places) rather than a full administrative/statistical partition, so PlainVectorRegion fits. Each polygon is an identifiable area/project object with codes, names, and links, so ObjectDS is the best entity.",,0.89,debug_manual_gpt
63,Openbare toiletten,Public toilets,https://maps.amsterdam.nl/open_geodata/?k=240,https://maps.amsterdam.nl/openbare_toiletten,OPENBARE_TOILETTEN,PointDS,ObjectDS,PointDS,ObjectDS,"Point layer of discrete public toilet locations; the main phenomenon is identifiable facilities, not the numeric fee attribute, so this is ObjectDS.",,0.99,debug_manual_gpt
64,Overnachtingsbeleid,Overnight policy,https://maps.amsterdam.nl/open_geodata/?k=227,https://maps.amsterdam.nl/overnachtingsbeleid,OVERNACHTINGSBELEID,VectorTessellation,CoverageDS,VectorTessellation,PatchDS,"Polygon neighborhoods form a tessellation-like partition (high shared boundaries and adjacency). The layer marks selected policy zones with conditions, not reporting units or full coverage, so PatchDS fits best.",,0.93,debug_manual_gpt
65,Parkeernormen Auto,Parking standards Cars,https://maps.amsterdam.nl/open_geodata/?k=239,https://maps.amsterdam.nl/parkeernormen,PARKEERNORMEN,VectorTessellation,CoverageDS,VectorTessellation,CoverageDS,"Polygon layer with high shared boundaries and adjacent polygons suggests a tessellation. The category field (A/B/C) indicates a full-area parking standard classification, so CoverageDS fits best.",,0.95,debug_manual_gpt
66,"Parken, plantsoenen en recreatief groen",City parks en public green,https://maps.amsterdam.nl/open_geodata/?k=99,https://maps.amsterdam.nl/stadsparken,PARKPLANTSOENGROEN,PlainVectorRegion,ObjectDS,PlainVectorRegion,ObjectDS,"The layer maps named parks/green spaces as discrete bounded objects, not a full-area tessellation; polygons are isolated and the topology hint suggests PlainVectorRegion. Numeric area is only an attribute, so ObjectDS fits best.",,0.96,debug_manual_gpt
67,Postcode4-buurten,Zipcode4 shapes,https://maps.amsterdam.nl/open_geodata/?k=192,https://maps.amsterdam.nl/postcode,PC4_BUURTEN,VectorTessellation,LatticeDS,VectorTessellation,LatticeDS,"Postcode4-buurten are postcode/statistical areas that partition the city, and the strong shared-boundary topology supports VectorTessellation. The decisive entity rule is reporting/statistical units -> LatticeDS; Opp_m2 is just an attribute.",,0.98,debug_manual_gpt
68,Postcode4-buurten excl. water,Zipcode4 shapes excl. water,https://maps.amsterdam.nl/open_geodata/?k=193,https://maps.amsterdam.nl/postcode,PC4_BUURTEN_EXWATER,VectorTessellation,LatticeDS,VectorTessellation,LatticeDS,"Postcode4-buurten are postcode reporting units that partition the area, and topology hints strongly support tessellation; the decisive entity rule is reporting/statistical units -> LatticeDS.",,0.97,debug_manual_gpt
69,Postcode6-vlakken BAG,Zipcode6 shapes,https://maps.amsterdam.nl/open_geodata/?k=191,https://maps.amsterdam.nl/postcode,PC6_VLAKKEN_BAG,PlainVectorRegion,ObjectDS,VectorTessellation,LatticeDS,"Postcode6-vlakken are postcode area polygons intended as a partition of the city; the decisive rule is tessellation. They are reporting/statistical units (postcode6 areas) rather than objects or patches, so LatticeDS.",,0.95,debug_manual_gpt
70,Plusnetten en Hoofdnetten,Plus and Main networks infrastructure,https://maps.amsterdam.nl/open_geodata/?k=233,https://maps.amsterdam.nl/plushoofdnetten,PLUSHOOFDNETTEN,LineDS,NetworkDS,LineDS,NetworkDS,"LineString infrastructure layer of roads/transport routes with plus/main network classifications; decisive rule is network system, so Geometry=LineDS and Entity=NetworkDS.",,0.99,debug_manual_gpt
71,Plusnetten Voetgangersgebied,Plusnetworks pedestrians,https://maps.amsterdam.nl/open_geodata/?k=84,https://maps.amsterdam.nl/plushoofdnetten,PLUSHOOFDNETTEN_VOETGEBIED,PlainVectorRegion,PatchDS,PlainVectorRegion,NetworkDS,"Layer represents pedestrian plus-networks/route areas, so the decisive entity rule is network. Polygons are isolated corridor/zone features rather than a partition, matching PlainVectorRegion.",,0.94,debug_manual_gpt
72,Privacy - Masten,Privacy - Masts,https://maps.amsterdam.nl/open_geodata/?k=304,https://maps.amsterdam.nl/privacy,PRIVACY_AISMASTEN,PointDS,ObjectDS,PointDS,ObjectDS,"Points with location names for specific masts/locations; this is a discrete object layer, not measurements or events.",,0.97,debug_manual_gpt
73,Privacy - Overig,Privacy - Other,https://maps.amsterdam.nl/open_geodata/?k=306,https://maps.amsterdam.nl/privacy,PRIVACY_OVERIG,PointDS,ObjectDS,PointDS,ObjectDS,"Point features mark distinct privacy-related research/analysis items (e.g., investigations and pilots), so this is a point object layer rather than measurements or events.",,0.98,debug_manual_gpt
74,Privacy - Wagenparkscan,Privacy - Car fleet scan,https://maps.amsterdam.nl/open_geodata/?k=305,https://maps.amsterdam.nl/privacy,PRIVACY_WAGENPARKSCAN,PointDS,ObjectDS,PointDS,ObjectDS,"Point features mark distinct car-fleet scan locations with names and addresses; this is a set of identifiable objects/measurement sites, not a continuous measurement layer or amount map.",,0.97,debug_manual_gpt
75,Verkiezingen Provinciale Staten 2019,Elections Provinces 2019,https://maps.amsterdam.nl/open_geodata/?k=280,https://maps.amsterdam.nl/provincialestaten2019,PS19,PointDS,EventDS,PointDS,ObjectDS,"Point features represent polling/stem locations as distinct places in the election layer, not sampled measurements or events. Numeric vote totals are attributes of those locations, so the decisive rule is point-object mapping -> ObjectDS.",,0.96,debug_manual_gpt
76,Rainproof - Hoog grondwater,Rainproof - High groundwater,https://maps.amsterdam.nl/open_geodata/?k=290,https://maps.amsterdam.nl/rainproof,RAINPROOF_DRAINAGE,PlainVectorRegion,PatchDS,PlainVectorRegion,PatchDS,"Polygons mark selected drainage-possible areas, not a full administrative tessellation; the layer is a bounded phenomenon patch. The categorical Drainage field indicates presence/absence of drainage possibility rather than objects or reporting units.",,0.88,debug_manual_gpt
77,Rainproof - Hydro-eenheden,Rainproof - Hydro units,https://maps.amsterdam.nl/open_geodata/?k=289,https://maps.amsterdam.nl/rainproof,RAINPROOF_HYDRO_EENHEDEN,PlainVectorRegion,ObjectDS,PlainVectorRegion,PatchDS,"Polygons are isolated hydro unit areas rather than a partition, so PlainVectorRegion. The layer represents selected Rainproof hydro units/solution areas, not reporting units, coverage, or objects; PatchDS fits bounded phenomenon zones.",,0.96,debug_manual_gpt
78,Rainproof - Knelpunten,Rainproof - Bottlenecks,https://maps.amsterdam.nl/open_geodata/?k=288,https://maps.amsterdam.nl/rainproof,RAINPROOF_KNELPUNTEN,PlainVectorRegion,ObjectDS,PlainVectorRegion,PatchDS,"Polygons mark selected rainproof bottleneck areas, not a reporting-unit tessellation; topology also shows isolated polygons, so PlainVectorRegion. The layer is about bounded problem zones/affected areas, fitting PatchDS.",,0.95,debug_manual_gpt
79,Rainproof - Polderriool,Rainproof - Polder sewerage,https://maps.amsterdam.nl/open_geodata/?k=291,https://maps.amsterdam.nl/rainproof,RAINPROOF_POLDERRIOOL,PlainVectorRegion,PatchDS,PlainVectorRegion,PatchDS,"Polygons are 19 isolated location areas for Rainproof polder sewerage sites, not a reporting-unit tessellation; the layer is best read as selected bounded project zones/patches rather than coverage or objects.",,0.92,debug_manual_gpt
80,Religie,Religion,https://maps.amsterdam.nl/open_geodata/?k=314,https://maps.amsterdam.nl/religie,RELIGIE,PointDS,ObjectDS,PointDS,ObjectDS,"Point features mark distinct religious buildings/places with names, addresses, and denominations, so this is an object layer rather than an amount or event layer.",,0.98,debug_manual_gpt
81,Voetpaden breedte,Sidewalks width,https://maps.amsterdam.nl/open_geodata/?k=299,https://maps.amsterdam.nl/sidewalks,SIDEWALKS,LineDS,NetworkDS,LineDS,ObjectDS,"Line geometry and the layer maps sidewalk segments with width/spaceclaim attributes. This is a linear infrastructure/object layer, not a network route system or numeric amount layer.",,0.93,debug_manual_gpt
82,Snorfiets naar de rijbaan,Mopeds on the roadway,https://maps.amsterdam.nl/open_geodata/?k=265,https://maps.amsterdam.nl/snorfietsnaarrijbaan,SNORFIETSLIJNEN,LineDS,NetworkDS,LineDS,NetworkDS,"Line features depict a connected roadway/traffic route system for mopeds on streets, so the decisive rule is network infrastructure rather than object or amount.",,0.98,debug_manual_gpt
83,Openbare Sportplekken,Public playgrounds,https://maps.amsterdam.nl/open_geodata/?k=56,https://maps.amsterdam.nl/sport,SPORT_OPENBAAR,PointDS,ObjectDS,PointDS,ObjectDS,"Point features with names, sport type, location, and photos indicate discrete public sports facilities; the main phenomenon is identifiable objects, not measurements or events.",,0.98,debug_manual_gpt
84,Stadslandbouw (locaties),City farming (locations),https://maps.amsterdam.nl/open_geodata/?k=62,https://maps.amsterdam.nl/stadslandbouw,STADSLANDBOUW_PUNT,PointDS,ObjectDS,PointDS,ObjectDS,"Point locations for city farming sites (gardens, farms, cooperatives) are discrete real-world places, so this is an ObjectDS layer with PointDS geometry.",,0.98,debug_manual_gpt
85,Stadslandbouw (terreinen),City farming (terrains),https://maps.amsterdam.nl/open_geodata/?k=76,https://maps.amsterdam.nl/stadslandbouw,STADSLANDBOUW_VLAK,PlainVectorRegion,ObjectDS,PlainVectorRegion,ObjectDS,"The layer maps discrete city farming sites/terrain parcels with names, addresses, and websites, so they are identifiable objects rather than a tessellation or coverage. The polygons are isolated and do not form a partition, supporting PlainVectorRegion.",,0.98,debug_manual_gpt
86,Stadsloods,City pilot,https://maps.amsterdam.nl/open_geodata/?k=66,https://maps.amsterdam.nl/stadsloods,STADSLOODS,PointDS,ObjectDS,PointDS,ObjectDS,"Point features represent discrete initiatives/locations ('Stadsloods' city pilot projects) with initiative name, activity, sector, and year; this is a point object layer, not a measurement or event layer.",,0.98,debug_manual_gpt
87,Stadsstraten,Major streets,https://maps.amsterdam.nl/open_geodata/?k=275,https://maps.amsterdam.nl/stadsstraat,STADSSTRAAT,LineDS,NetworkDS,LineDS,NetworkDS,"Major streets are a connected street/route system, and the layer consists of LineString features. The decisive rule is network infrastructure on lines, not the numeric line numbers.",,0.99,debug_manual_gpt
88,Stadswarmtekoude - transport,District heating cooling - transport,https://maps.amsterdam.nl/open_geodata/?k=224,https://maps.amsterdam.nl/stadswarmtekoude,STADSWARMTEKOUDE_TRANSPORT,LineDS,NetworkDS,LineDS,NetworkDS,"LineString features named district heating/cooling transport indicate a connected utility transport network; STATUS/NETTYPE are attributes of the network, not the main phenomenon.",,0.99,debug_manual_gpt
89,Stadswarmtekoude - wijk,District heating cooling - neighbourhood,https://maps.amsterdam.nl/open_geodata/?k=301,https://maps.amsterdam.nl/stadswarmtekoude,STADSWARMTEKOUDE_WIJK,PlainVectorRegion,PatchDS,PlainVectorRegion,PatchDS,"Polygon areas for district heating/cooling zones by neighbourhood are selected service areas, not a reporting-unit tessellation; topology is sparse and the layer is best treated as bounded phenomenon patches.",,0.94,debug_manual_gpt
90,Woningbouwplannen - Strategische ruimte en Verkenning,Housing plans - Strategic space,https://maps.amsterdam.nl/open_geodata/?k=226,https://maps.amsterdam.nl/woningbouwplannen,STRATEGISCHERUIMTE,PlainVectorRegion,ObjectDS,PlainVectorRegion,PatchDS,"Polygons are discrete project/strategy areas for housing plans, not a full administrative tessellation; the decisive rule is bounded selected zones/patches. Numeric dwelling maxima are attributes, not the main mapped phenomenon.",,0.92,debug_manual_gpt
91,Streekproducten,Local farming products,https://maps.amsterdam.nl/open_geodata/?k=58,https://maps.amsterdam.nl/streekproducten,STREEKPRODUCTEN,PointDS,ObjectDS,PointDS,ObjectDS,"Point layer of named local farming products businesses/facilities with addresses and categories; the points represent identifiable objects, not measurements or events.",,0.97,debug_manual_gpt
92,Tram- en metrolijnen 2018,Tram and metro lines 2018,https://maps.amsterdam.nl/open_geodata/?k=321,https://maps.amsterdam.nl/trammetro,TRAMMETRO_LIJNEN_2018,LineDS,NetworkDS,LineDS,NetworkDS,"LineString features represent tram and metro route infrastructure; this is a connected transport network, not a set of independent line objects or amounts.",,0.99,debug_manual_gpt
93,Tram- en metrolijnen 2020,Tram and metro lines 2020,https://maps.amsterdam.nl/open_geodata/?k=220,https://maps.amsterdam.nl/trammetro,TRAMMETRO_LIJNEN_2020,LineDS,NetworkDS,LineDS,NetworkDS,"Title and properties indicate tram and metro lines; this is a connected transport route system, so the decisive rule is network. Geometry is LineDS because all features are LineString.",,0.99,debug_manual_gpt
94,Tramhaltes en metrostations 2018,Tram stops and metro stations 2018,https://maps.amsterdam.nl/open_geodata/?k=322,https://maps.amsterdam.nl/trammetro,TRAMMETRO_PUNTEN_2018,PointDS,ObjectDS,PointDS,ObjectDS,"Point geometry and the layer represents tram stops and metro stations, which are discrete real-world transport facilities; numeric radius is just an attribute, not the main phenomenon.",,0.99,debug_manual_gpt
95,Tramhaltes en metrostations 2020,Tram stops and metro stations 2020,https://maps.amsterdam.nl/open_geodata/?k=221,https://maps.amsterdam.nl/trammetro,TRAMMETRO_PUNTEN_2020,PointDS,ObjectDS,PointDS,ObjectDS,"Point layer of named tram stops and metro stations; features are discrete transport facilities/routes stops, so PointDS with ObjectDS (not AmountDS because numeric fields are just attributes).",,0.99,debug_manual_gpt
96,Verkeerslichten,Traffic lights,https://maps.amsterdam.nl/open_geodata/?k=61,https://maps.amsterdam.nl/verkeerslichten,VERKEERSLICHTEN,PointDS,ObjectDS,PointDS,ObjectDS,"Point features represent individual traffic-light-controlled intersections/locations, with identifiers, names, status, and metadata about each object; this is a point object layer, not an amount or event layer.",,0.98,debug_manual_gpt
97,Verkeersprognoses,Traffic prognosis,https://maps.amsterdam.nl/open_geodata/?k=253,https://maps.amsterdam.nl/verkeersprognoses,VERKEERSPROGNOSE,LineDS,NetworkDS,LineDS,AmountDS,"Line geometries represent traffic links/roads, and the mapped phenomenon is traffic volume/prognosis values on those links (etmaal and time-period counts), so this is a network-like line layer with AmountDS as the main meaning.",,0.98,debug_manual_gpt
98,Verkiezingen Tweede Kamer 2017,Elections Parliament 2017,https://maps.amsterdam.nl/open_geodata/?k=217,https://maps.amsterdam.nl/verkiezingen2017,VERKIEZINGEN2017,PointDS,ObjectDS,PointDS,ObjectDS,"Point layer of election polling/stem locations; each point represents a voting location object with vote statistics, so geometry is PointDS and entity is ObjectDS (polling-station objects, not an AmountDS layer).",,0.99,debug_manual_gpt
99,Vervangen bomen,Tree replacement,https://maps.amsterdam.nl/open_geodata/?k=296,https://maps.amsterdam.nl/vervangen_bomen,VERVANGENBOMEN,PointDS,ObjectDS,PointDS,ObjectDS,"Point features represent individual replacement trees identified by species, ID, planting year, and size classes; this is an object layer, not an amount or event layer.",,0.98,debug_manual_gpt
100,Verkeersinformatiesystemen,Traffic Information Systems,https://maps.amsterdam.nl/open_geodata/?k=182,https://maps.amsterdam.nl/vis,VIS,PointDS,ObjectDS,PointDS,ObjectDS,"Point features represent identifiable traffic information system devices (e.g., cameras, displays, triggers) with object IDs and locations, so this is PointDS and ObjectDS rather than an amount or event layer.",,0.98,debug_manual_gpt
101,Verkeersinformatiesystemen - BFA,Traffic Information Systems - BFA,https://maps.amsterdam.nl/open_geodata/?k=266,https://maps.amsterdam.nl/vis,VIS_BFA,PointDS,ObjectDS,PointDS,ObjectDS,"Point features represent distinct traffic information system installations (BFA units) with IDs, types, and locations; this is an object layer, not measurements or events.",,0.99,debug_manual_gpt
102,Broedende vogels,Breeding birds,https://maps.amsterdam.nl/open_geodata/?k=87,https://maps.amsterdam.nl/vogels,VOGELS,PointDS,ObjectDS,PointDS,AmountDS,"Point map of breeding bird locations; the main phenomenon is bird count/abundance by site and year, so this is a point AmountDS rather than just objects.",,0.98,debug_manual_gpt
103,Vondelpark zitbanken,Vondelpark benches,https://maps.amsterdam.nl/open_geodata/?k=248,https://maps.amsterdam.nl/vondelpark_zitbanken,VONDELPARK_ZITBANKEN,PointDS,ObjectDS,PointDS,ObjectDS,"Point features represent individual park benches (distinct physical objects) in Vondelpark; the numeric/text fields are attributes, not the main phenomenon.",,0.99,debug_manual_gpt
104,Walkability,Walkability,https://maps.amsterdam.nl/open_geodata/?k=298,https://maps.amsterdam.nl/walkability,WALKABILITY,LineDS,NetworkDS;ObjectDS,LineDS,AmountDS,Line features represent street segments (straatvakken) and the layer maps walkability/pressure ratings along those segments; this is a line-based thematic amount/classification layer rather than a network of routes or discrete objects.,,0.97,debug_manual_gpt
105,Wandkunst,Wall art,https://maps.amsterdam.nl/open_geodata/?k=272,https://maps.amsterdam.nl/wandkunst,WANDKUNST,PointDS,ObjectDS,PointDS,ObjectDS,"Point geometry; each feature is a distinct wall-art artwork at a specific building/address, so the main phenomenon is identifiable objects rather than amounts or events.",,0.98,debug_manual_gpt
106,Welstandniveaus bebouwing,Wealth levels building,https://maps.amsterdam.nl/open_geodata/?k=173,https://maps.amsterdam.nl/welstand,WELSTAND_NIVEAUS,VectorTessellation,CoverageDS,VectorTessellation,CoverageDS,"Polygons have strong tessellation topology and the layer maps welstand/quality categories ('Niveau') across the area as an exhaustive thematic coverage, so CoverageDS with VectorTessellation.",,0.95,debug_manual_gpt
107,Welstandsystemen bebouwing,Wealth systems building,https://maps.amsterdam.nl/open_geodata/?k=174,https://maps.amsterdam.nl/welstand,WELSTAND_SYSTEMEN,VectorTessellation,CoverageDS,VectorTessellation,CoverageDS,"The polygons form a near-complete tessellation (high shared boundaries, many adjacencies) and the layer is a categorical area-wide classification of building/urban ‘welstand’ systems, so CoverageDS fits better than object or patch.",,0.97,debug_manual_gpt
108,Amsterdam onder vuur in WOII,Amsterdam under attack in WWII,https://maps.amsterdam.nl/open_geodata/?k=100,https://maps.amsterdam.nl/woii,WOII,PointDS,EventDS,PointDS,EventDS,"Point locations mark WWII attack/incidents at addresses; the main phenomenon is events that occurred at specific places, not objects or measurements.",,0.96,debug_manual_gpt
109,Woningbouwplannen,Housing plans,https://maps.amsterdam.nl/open_geodata/?k=142,https://maps.amsterdam.nl/woningbouwplannen,WONINGBOUWPLANNEN,PlainVectorRegion,ObjectDS,PlainVectorRegion,ObjectDS,"The layer shows discrete housing plan project polygons, not a full-area partition; topology also suggests isolated/selected regions, so PlainVectorRegion. The features primarily represent identifiable project areas with housing-plan attributes and phase/status fields, so ObjectDS rather than AmountDS.",,0.95,debug_manual_gpt
110,Zelfbouwkavels,Do-it-yourself plots,https://maps.amsterdam.nl/open_geodata/?k=60,https://maps.amsterdam.nl/zelfbouwkavels,ZELFBOUWKAVELS,PointDS,ObjectDS,PointDS,ObjectDS,"Point locations represent identifiable self-build plot projects/plots with names, contacts, and status attributes, so this is a point object layer rather than amount or event. ",,0.97,debug_manual_gpt
111,Zonnepanelen op erfgoed,Solar panels on heritage,https://maps.amsterdam.nl/open_geodata/?k=320,https://maps.amsterdam.nl/zonnedaken_erfgoed,ZONNEDAKEN_ERFGOED,PlainVectorRegion,ObjectDS,PlainVectorRegion,CoverageDS,"The layer is a polygon thematic classification about solar-panels/heritage categories, not a reporting-unit tessellation. The categories indicate an area-wide classification of regions, so CoverageDS; the topology hint suggests isolated/partial polygons rather than a full partition, so PlainVectorRegion.",,0.83,debug_manual_gpt
112,Zonnepanelen,Solar panels,https://maps.amsterdam.nl/open_geodata/?k=251,https://maps.amsterdam.nl/zonnepanelen,ZONNEPANELEN2017,PointDS,AmountDS,PointDS,ObjectDS,"Point features represent solar panel locations/objects; numeric fields are attributes (panel count and capacity), not the main phenomenon, so this is ObjectDS rather than AmountDS.",,0.93,debug_manual_gpt
113,Zwemwater,Swimming water,https://maps.amsterdam.nl/open_geodata/?k=218,https://maps.amsterdam.nl/zwemwater,ZWEMWATER,PointDS,ObjectDS,PointDS,ObjectDS,"Point features with names and categories represent distinct swimming locations/facilities, so this is a point object layer (not amounts or events).",,0.98,debug_manual_gpt
