OBJECTNUMMER;Locatie;Categorie;Bijschrift;Foto_object;Foto_locatie;Objectcode;WKT_LNG_LAT;WKT_LAT_LNG;LNG;LAT;
1;"Bloemgracht/Prinsengracht";"Waterbodem";"kan, aardewerk, 1625-1675";"https://www.archeologischekaart.amsterdam/WatBod/obj/BL1-1.jpg";"";"BL1-1";"POINT(4.883104,52.375225)";"POINT(52.375225,4.883104)";4.883104;52.375225;
2;"Bloemgracht t.o. 30";"Waterbodem";"mes, hout en ijzer, 1750-1850";"https://www.archeologischekaart.amsterdam/WatBod/obj/BL2-7.jpg";"";"BL2-7";"POINT(4.882401,52.375072)";"POINT(52.375072,4.882401)";4.882401;52.375072;
3;"Bloemgracht";"Waterbodem";"zuigfles, tin, 1700-1800";"https://www.archeologischekaart.amsterdam/WatBod/obj/BL5-3.jpg";"";"BL5-3";"POINT(4.880077,52.374527)";"POINT(52.374527,4.880077)";4.880077;52.374527;
4;"Bloemgracht t.o. 130-160";"Waterbodem";"veldfles, aardewerk, Saintonge Frankrijk, 1575-1625";"https://www.archeologischekaart.amsterdam/WatBod/obj/BL3-1.jpg";"";"BL3-1";"POINT(4.878554,52.374195)";"POINT(52.374195,4.878554)";4.878554;52.374195;
5;"Bloemgracht t.o. 150-180";"Waterbodem";"strooppot, aardewerk, 1600-1750";"https://www.archeologischekaart.amsterdam/WatBod/obj/BL-3.jpg";"";"BL-3";"POINT(4.878324,52.374134)";"POINT(52.374134,4.878324)";4.878324;52.374134;
6;"Bloemgracht/Marnixstraat (Bullebaksluis)";"Waterbodem";"kuikentegel, aardewerk, 1675-1725";"https://www.archeologischekaart.amsterdam/WatBod/obj/BL4-10.jpg";"";"BL4-10";"POINT(4.876452,52.37374)";"POINT(52.37374,4.876452)";4.876452;52.37374;
7;"Prinsengracht/Brouwersgracht";"Waterbodem";"tabaksdoos, latoenkoper, 1800-1900";"https://www.archeologischekaart.amsterdam/WatBod/obj/PR-6.jpg";"";"PR-6";"POINT(4.888393,52.380566)";"POINT(52.380566,4.888393)";4.888393;52.380566;
8;"Brouwersgracht";"Waterbodem";"schaaf, beukenhout, 1750-1800";"https://www.archeologischekaart.amsterdam/WatBod/obj/BR-5.jpg";"";"BR-5";"POINT(4.889719,52.379773)";"POINT(52.379773,4.889719)";4.889719;52.379773;
9;"Prinsengracht/Noordermarkt";"Waterbodem";"roompot, aardewerk, gevlekt, 1700-1750";"https://www.archeologischekaart.amsterdam/WatBod/obj/PR2-11.jpg";"";"PR2-11";"POINT(4.887461,52.379457)";"POINT(52.379457,4.887461)";4.887461;52.379457;
10;"Prinsengracht/Tuinstraat";"Waterbodem";"lepel, tin 1689-1725";"https://www.archeologischekaart.amsterdam/WatBod/obj/PR1-3.jpg";"";"PR1-3";"POINT(4.885802,52.377709)";"POINT(52.377709,4.885802)";4.885802;52.377709;
11;"Prinsengracht/Egelantiersgracht";"Waterbodem";"ivoor, olifantslagtand";"https://www.archeologischekaart.amsterdam/WatBod/obj/PR4-2.jpg";"";"PR4-2";"POINT(4.884847,52.3766)";"POINT(52.3766,4.884847)";4.884847;52.3766;
12;"Egelantiersgracht";"Waterbodem";"albarello, majolica, 1610-1625";"https://www.archeologischekaart.amsterdam/WatBod/obj/EG3-1.jpg";"";"EG3-1";"POINT(4.881485,52.376)";"POINT(52.376,4.881485)";4.881485;52.376;
13;"Prinsengracht/Reesluis";"Waterbodem";"stroopkan, aardewerk, 1600-1700";"https://www.archeologischekaart.amsterdam/WatBod/obj/PR26-1.jpg";"";"PR26-1";"POINT(4.882872,52.371897)";"POINT(52.371897,4.882872)";4.882872;52.371897;
14;"Looiersgracht";"Waterbodem";"pot, latoenkoper, 1725-1775";"https://www.archeologischekaart.amsterdam/WatBod/obj/LO-14.jpg";"";"LO-14";"POINT(4.88085,52.368334)";"POINT(52.368334,4.88085)";4.88085;52.368334;
15;"Keizersgracht/Leidsegracht";"Waterbodem";"lepel, tin, 1689-1750";"https://www.archeologischekaart.amsterdam/WatBod/obj/KG25-1.jpg";"";"KG25-1";"POINT(4.882809,52.366159)";"POINT(52.366159,4.882809)";4.882809;52.366159;
16;"Leidsegracht";"Waterbodem";"kom, industrieel Creamware, Engeland, 1750-1800";"https://www.archeologischekaart.amsterdam/WatBod/obj/LEI-8.jpg";"";"LEI-8";"POINT(4.883738,52.366499)";"POINT(52.366499,4.883738)";4.883738;52.366499;
17;"Keizersgracht/Nieuwe Spiegelstraat";"Waterbodem";"schotel, latoenkoper, 1800-1900";"https://www.archeologischekaart.amsterdam/WatBod/obj/KG26-1.jpg";"";"KG26-1";"POINT(4.889319,52.364325)";"POINT(52.364325,4.889319)";4.889319;52.364325;
18;"Singel t.o. Bloemenmarkt";"Waterbodem";"bak, aardewerk, Genua Italië, 1575-1625";"https://www.archeologischekaart.amsterdam/WatBod/obj/SIN6-2.jpg";"";"SIN6-2";"POINT(4.891334,52.366966)";"POINT(52.366966,4.891334)";4.891334;52.366966;
19;"Kloveniersburgwal/Nieuwe Hoogstraat";"Waterbodem";"bord, tin, 1600-1650";"https://www.archeologischekaart.amsterdam/WatBod/obj/KLO4-1.jpg";"";"KLO4-1";"POINT(4.898655,52.370863)";"POINT(52.370863,4.898655)";4.898655;52.370863;
20;"Amstel t.o Doelenbrug";"Waterbodem";"voorraadpot, aardewerk, Noord-Afrika, 1750-1900";"https://www.archeologischekaart.amsterdam/WatBod/obj/AM4-1.jpg";"";"AM4-1";"POINT(4.89393,52.36746)";"POINT(52.36746,4.89393)";4.89393;52.36746;
21;"Kloveniersburgwal 135-143";"Waterbodem";"kop en schotel, industrieel aardewerk, 1815-1850";"https://www.archeologischekaart.amsterdam/WatBod/obj/KLO12-7-3KLO12-5-4.jpg";"https://www.archeologischekaart.amsterdam/WatBod/loc/KLO12.jpg";"KLO12-7-3KLO12-5-4";"POINT(4.896082,52.367977)";"POINT(52.367977,4.896082)";4.896082;52.367977;
22;"Singel/Raadhuisstraat";"Waterbodem";"fles, glas, 1700-1750";"https://www.archeologischekaart.amsterdam/WatBod/obj/SIN3-44.jpg";"";"SIN3-44";"POINT(4.888897,52.373492)";"POINT(52.373492,4.888897)";4.888897;52.373492;
23;"Lauriergracht t.o. 125";"Waterbodem";"suikerbroodvorm, aardewerk, 1600-1800";"https://www.archeologischekaart.amsterdam/WatBod/obj/LAU-4.jpg";"";"LAU-4";"POINT(4.877531,52.370544)";"POINT(52.370544,4.877531)";4.877531;52.370544;
24;"Singelgracht";"Waterbodem";"pistool, plastic, Duitsland, 1960-1975";"https://www.archeologischekaart.amsterdam/WatBod/obj/MAR10-5-1.jpg";"https://www.archeologischekaart.amsterdam/WatBod/loc/MAR10.jpg";"MAR10-5-1";"POINT(4.877756,52.377893)";"POINT(52.377893,4.877756)";4.877756;52.377893;
25;"Oudezijds Achterburgwal 41-149";"Waterbodem";"flessen, glas, 1950-2000";"https://www.archeologischekaart.amsterdam/WatBod/obj/OZA12flessen.jpg";"https://www.archeologischekaart.amsterdam/WatBod/loc/OZA12.jpg";"OZA12flessen";"POINT(4.898242,52.3727)";"POINT(52.3727,4.898242)";4.898242;52.3727;
26;"Oudezijds Achterburgwal t.o. 20";"Waterbodem";"wambuis, leer, 1550-1575";"https://www.archeologischekaart.amsterdam/WatBod/obj/OZA4-1.jpg";"";"OZA4-1";"POINT(4.900325,52.374624)";"POINT(52.374624,4.900325)";4.900325;52.374624;
27;"Oudezijds Kolk";"Waterbodem";"munt, goud, Philips de Goede, Brabant, 1430-1467";"https://www.archeologischekaart.amsterdam/WatBod/obj/OZK-114.jpg";"";"OZK-114";"POINT(4.901394,52.376215)";"POINT(52.376215,4.901394)";4.901394;52.376215;
28;"Prins Hendrikkade/Schreierstoren";"Waterbodem";"scapulier paus Pius IX, koperlegering, 1846-1878";"https://www.archeologischekaart.amsterdam/WatBod/obj/PH1-36.jpg";"";"PH1-36";"POINT(4.902402,52.376263)";"POINT(52.376263,4.902402)";4.902402;52.376263;
29;"Oudezijds Voorburgwal t.o. 206-222";"Waterbodem";"zoutvat, glas, 1725-1775";"https://www.archeologischekaart.amsterdam/WatBod/obj/OZV15-1-11.jpg";"https://www.archeologischekaart.amsterdam/WatBod/loc/OZV15.jpg";"OZV15-1-11";"POINT(4.896548,52.372524)";"POINT(52.372524,4.896548)";4.896548;52.372524;
30;"Oudezijds Voorburgwal t.o. 94-100";"Waterbodem";"kuipersdissel, ijzer en hout, 1600-1700";"https://www.archeologischekaart.amsterdam/WatBod/obj/OZV-1.jpg";"";"OZV-1";"POINT(4.897697,52.373446)";"POINT(52.373446,4.897697)";4.897697;52.373446;
31;"Kromme Waal";"Waterbodem";"bord, faience, 1700-1800";"https://www.archeologischekaart.amsterdam/WatBod/obj/KW-1.jpg";"";"KW-1";"POINT(4.903641,52.373527)";"POINT(52.373527,4.903641)";4.903641;52.373527;
32;"Jacob van Lennepkade thv 211";"Waterbodem";"beeld, natuursteen, 1900";"https://www.archeologischekaart.amsterdam/WatBod/obj/LEN-1.jpg";"";"LEN-1";"POINT(4.86188,52.362598)";"POINT(52.362598,4.86188)";4.86188;52.362598;
33;"Lijnbaansgracht t.o. 130";"Waterbodem";"boor, hout en ijzer, 1700-1800";"https://www.archeologischekaart.amsterdam/WatBod/obj/LIJ4-11.jpg";"";"LIJ4-11";"POINT(4.876369,52.371743)";"POINT(52.371743,4.876369)";4.876369;52.371743;
34;"Lijnbaansgracht t.o. 150";"Waterbodem";"kan, aardewerk, 1625-1650";"https://www.archeologischekaart.amsterdam/WatBod/obj/LIJ2-1.jpg";"";"LIJ2-1";"POINT(4.876932,52.370927)";"POINT(52.370927,4.876932)";4.876932;52.370927;
35;"Lijnbaansgracht t.o. 189";"Waterbodem";"amfoor, aardewerk, Italië, 1575-1625";"https://www.archeologischekaart.amsterdam/WatBod/obj/LIJ-1.jpg";"";"LIJ-1";"POINT(4.878647,52.36845)";"POINT(52.36845,4.878647)";4.878647;52.36845;
36;"Lijnbaansgracht t.o. 197";"Waterbodem";"bord, tin, 1625-1650";"https://www.archeologischekaart.amsterdam/WatBod/obj/LIJ1-1.jpg";"";"LIJ1-1";"POINT(4.878766,52.368308)";"POINT(52.368308,4.878766)";4.878766;52.368308;
37;"Kostverlorenkade";"Waterbodem";"tabaksdoos, latoenkoper, 1700-1800";"https://www.archeologischekaart.amsterdam/WatBod/obj/KOS-1.jpg";"";"KOS-1";"POINT(4.87003,52.375598)";"POINT(52.375598,4.87003)";4.87003;52.375598;
38;"Binnen Amstel";"Waterbodem";"bord, tin, 1600-1700";"https://www.archeologischekaart.amsterdam/WatBod/obj/AM1-1.jpg";"";"AM1-1";"POINT(4.89857,52.367437)";"POINT(52.367437,4.89857)";4.89857;52.367437;
39;"Amstel";"Waterbodem";"zwaard van binnenvaartschip, hout en ijzer, 1800-1900";"https://www.archeologischekaart.amsterdam/WatBod/obj/AM6.jpg";"";"AM6";"POINT(4.900604,52.36681)";"POINT(52.36681,4.900604)";4.900604;52.36681;
40;"Keizersgracht t.o 361";"Waterbodem";"kom, terra sigliata, Portugal, 1600-1625";"https://www.archeologischekaart.amsterdam/WatBod/obj/KG14-1.jpg";"";"KG14-1";"POINT(4.884641,52.368717)";"POINT(52.368717,4.884641)";4.884641;52.368717;
41;"Keizersgracht 412-476";"Waterbodem";"komfoor, aardewerk, 1600-1700";"https://www.archeologischekaart.amsterdam/WatBod/obj/KG13-2.jpg";"";"KG13-2";"POINT(4.884289,52.367766)";"POINT(52.367766,4.884289)";4.884289;52.367766;
42;"Keizersgracht t.o. 287/Wolvenstraat";"Waterbodem";"mosterdpot, faience, 1825-1875";"https://www.archeologischekaart.amsterdam/WatBod/obj/KG9-33.jpg";"";"KG9-33";"POINT(4.884731,52.370429)";"POINT(52.370429,4.884731)";4.884731;52.370429;
43;"Keizersgracht t.o. 263-273";"Waterbodem";"kralen, glas, glashuis Twee Rozen, 1621-1657";"https://www.archeologischekaart.amsterdam/WatBod/obj/KG10.jpg";"";"KG10";"POINT(4.884849,52.371293)";"POINT(52.371293,4.884849)";4.884849;52.371293;
44;"Keizersgracht t.o. 192";"Waterbodem";"bord, porselein, China, 1610-1625";"https://www.archeologischekaart.amsterdam/WatBod/obj/KG24-1.jpg";"";"KG24-1";"POINT(4.885294,52.374823)";"POINT(52.374823,4.885294)";4.885294;52.374823;
45;"Keizersgracht";"Waterbodem";"kan, aardewerk, 1650-1700";"https://www.archeologischekaart.amsterdam/WatBod/obj/KG20-3.jpg";"";"KG20-3";"POINT(4.884909,52.371696)";"POINT(52.371696,4.884909)";4.884909;52.371696;
46;"Leidsegracht";"Waterbodem";"tabaksdoos, latoenkoper, 1800-1825";"https://www.archeologischekaart.amsterdam/WatBod/obj/KLG-1.jpg";"";"KLG-1";"POINT(4.880613,52.365384)";"POINT(52.365384,4.880613)";4.880613;52.365384;
47;"Prinsengracht/Rozengracht";"Waterbodem";"spreeuwenpot, aardewerk, 1600-1650";"https://www.archeologischekaart.amsterdam/WatBod/obj/PR5-5.jpg";"";"PR5-5";"POINT(4.883111,52.374241)";"POINT(52.374241,4.883111)";4.883111;52.374241;
48;"Prinsengracht t/o 436";"Waterbodem";"rookpijp, tin, 1700-1725";"https://www.archeologischekaart.amsterdam/WatBod/obj/PR8-1.jpg";"";"PR8-1";"POINT(4.883548,52.365529)";"POINT(52.365529,4.883548)";4.883548;52.365529;
49;"Ruysdaelkade/Boerenwetering";"Waterbodem";"afval huisraad, keramiek, 1625-1675";"https://www.archeologischekaart.amsterdam/WatBod/obj/RUY1-3.jpg";"https://www.archeologischekaart.amsterdam/WatBod/loc/RUY1.jpg";"RUY1-3";"POINT(4.886448,52.356844)";"POINT(52.356844,4.886448)";4.886448;52.356844;
50;"Singel t.o. 153";"Waterbodem";"drinkglas, loodglas, 1700-1800";"https://www.archeologischekaart.amsterdam/WatBod/obj/SIN4-5.jpg";"";"SIN4-5";"POINT(4.889874,52.374851)";"POINT(52.374851,4.889874)";4.889874;52.374851;
51;"voormalige Leprozengracht";"Voormalige waterbodem";"gemberpot, porselein, China, 1800-1900";"https://www.archeologischekaart.amsterdam/WatBod/obj/WLO10-3.jpg";"";"WLO10-3";"POINT(4.90222,52.367188)";"POINT(52.367188,4.90222)";4.90222;52.367188;
52;"Singel";"Waterbodem";"verrekijker, been, 1700-1800";"https://www.archeologischekaart.amsterdam/WatBod/obj/SIN1-4.jpg";"";"SIN1-4";"POINT(4.888205,52.371137)";"POINT(52.371137,4.888205)";4.888205;52.371137;
53;"Prinsengracht";"Waterbodem";"letterproef, marmer, 1800-1900";"https://www.archeologischekaart.amsterdam/WatBod/obj/PR13-1.jpg";"";"PR13-1";"POINT(4.888534,52.362585)";"POINT(52.362585,4.888534)";4.888534;52.362585;
54;"Nieuwe Spiegelstraat";"Waterbodem";"drinknap, cocosnoot";"https://www.archeologischekaart.amsterdam/WatBod/obj/SPIE-4.jpg";"";"SPIE-4";"POINT(4.889599,52.364229)";"POINT(52.364229,4.889599)";4.889599;52.364229;
55;"Brouwersgracht";"Waterbodem";"kan, aardewerk, Gouda, 1650-1675";"https://www.archeologischekaart.amsterdam/WatBod/obj/BR9-1-1.jpg";"";"BR9-1-1";"POINT(4.887475,52.380971)";"POINT(52.380971,4.887475)";4.887475;52.380971;
56;"Egelantiersgracht t.o. 72";"Waterbodem";"muilkorf, ijzer en leer, 1800-1900";"https://www.archeologischekaart.amsterdam/WatBod/obj/EG5-3.jpg";"";"EG5-3";"POINT(4.882314,52.376202)";"POINT(52.376202,4.882314)";4.882314;52.376202;
57;"Lijnbaansgracht";"Waterbodem";"hoofdijzer, ijzer, 1600-1650";"https://www.archeologischekaart.amsterdam/WatBod/obj/LIJ3-3.jpg";"";"LIJ3-3";"POINT(4.877222,52.370357)";"POINT(52.370357,4.877222)";4.877222;52.370357;
58;"Nieuwe Keizersgracht";"Waterbodem";"retort, glas, 1700-1800";"https://www.archeologischekaart.amsterdam/WatBod/obj/NKG-1.jpg";"";"NKG-1";"POINT(4.902855,52.364704)";"POINT(52.364704,4.902855)";4.902855;52.364704;
59;"Cruquiusweg";"Waterbodem";"marinekanon, ijzer, ca. 1820";"https://www.archeologischekaart.amsterdam/WatBod/obj/CRU.jpg";"";"CRU";"POINT(4.955874,52.368464)";"POINT(52.368464,4.955874)";4.955874;52.368464;
60;"Vaargeul Amsterdam Lemmer";"Waterbodem";"waterschip, 1575-1600";"https://www.archeologischekaart.amsterdam/WatBod/obj/IJB1.jpg";"https://www.archeologischekaart.amsterdam/WatBod/loc/IJB1.jpg";"IJB1";"POINT(5.006062,52.36857)";"POINT(52.36857,5.006062)";5.006062;52.36857;
61;"Rokin";"Waterbodem";"fles, glas, 1650-1700";"https://www.archeologischekaart.amsterdam/WatBod/obj/OTM1-1.jpg";"";"OTM1-1";"POINT(4.892394,52.36895)";"POINT(52.36895,4.892394)";4.892394;52.36895;
62;"perceelsloot";"Voormalige waterbodem";"poppengoed, aardewerk, 1600-1625";"https://www.archeologischekaart.amsterdam/WatBod/obj/AVW-34-1.jpg";"";"AVW-34-1";"POINT(4.854843,52.355648)";"POINT(52.355648,4.854843)";4.854843;52.355648;
63;"IJ";"Voormalige waterbodem";"fruittest, aardewerk, 1700-1775";"https://www.archeologischekaart.amsterdam/WatBod/obj/GRA-1-1.jpg";"";"GRA-1-1";"POINT(4.901076,52.38411)";"POINT(52.38411,4.901076)";4.901076;52.38411;
64;"IJ";"Voormalige waterbodem";"kan, steengoed, Frechen Duitsland, 1650-1700";"https://www.archeologischekaart.amsterdam/WatBod/obj/KAT3-5-1.jpg";"";"KAT3-5-1";"POINT(4.920317,52.374616)";"POINT(52.374616,4.920317)";4.920317;52.374616;
65;"Sint Pieterssloot";"Voormalige waterbodem";"runderschedel, slachtafval, 1575-1615";"https://www.archeologischekaart.amsterdam/WatBod/obj/KON-22.jpg";"";"KON-22";"POINT(4.881754,52.371157)";"POINT(52.371157,4.881754)";4.881754;52.371157;
66;"Singelgracht bolwerk Osdorp";"Voormalige waterbodem";"bord, faience biscuit, productieafval Amsterdam, 1725-1775";"https://www.archeologischekaart.amsterdam/WatBod/obj/NPS-8.jpg";"";"NPS-8";"POINT(4.878122,52.366763)";"POINT(52.366763,4.878122)";4.878122;52.366763;
67;"Uilenburgergracht";"Aanplemping";"profielbaksteen, aardewerk, 1575-1650";"https://www.archeologischekaart.amsterdam/WatBod/obj/VAL1-42-26.jpg";"";"VAL1-42-26";"POINT(4.904899,52.369374)";"POINT(52.369374,4.904899)";4.904899;52.369374;
68;"Uilenburgergracht";"Aanplemping";"spaarvarken, aardewerk, 1625-1675";"https://www.archeologischekaart.amsterdam/WatBod/obj/VAL2-34-1.jpg";"";"VAL2-34-1";"POINT(4.905134,52.369506)";"POINT(52.369506,4.905134)";4.905134;52.369506;
69;"Uilenburgergracht";"Aanplemping";"strooppot, aardewerk, Amsterdam, 1600-1650";"https://www.archeologischekaart.amsterdam/WatBod/obj/VAL4-136-028.jpg";"";"VAL4-136|28";"POINT(4.905956,52.369822)";"POINT(52.369822,4.905956)";4.905956;52.369822;
70;"singelgracht bolwerk Blaauwhoofd";"Aanplemping";"fles, steengoed, Duitsland, 1825-1875";"https://www.archeologischekaart.amsterdam/WatBod/obj/VDI-3-3.jpg";"";"VDI-3-3";"POINT(4.890112,52.389888)";"POINT(52.389888,4.890112)";4.890112;52.389888;
71;"stadsgracht bij Olofspoort";"Voormalige waterbodem";"vetvanger, aardewerk, 1375-1425";"https://www.archeologischekaart.amsterdam/WatBod/obj/OL-18.jpg";"";"OL-18";"POINT(4.899807,52.376165)";"POINT(52.376165,4.899807)";4.899807;52.376165;
72;"IJ";"Aanplemping";"bakpan, aardewerk, productieafval Amsterdam, 1375-1425";"https://www.archeologischekaart.amsterdam/WatBod/obj/PH-22-10.jpg";"";"PH-22-10";"POINT(4.897029,52.377352)";"POINT(52.377352,4.897029)";4.897029;52.377352;
73;"Pesthuissloot";"Aanplemping";"fles, steengoed, Westerwald Duitsland, 1830";"https://www.archeologischekaart.amsterdam/WatBod/obj/WG-16-1.jpg";"";"WG-16-1";"POINT(4.872221,52.364013)";"POINT(52.364013,4.872221)";4.872221;52.364013;
74;"Amstel";"Aanplemping";"schacht van schoen, leer, 1450-1500";"https://www.archeologischekaart.amsterdam/WatBod/obj/NDO1-7-1.jpg";"";"NDO1-7|1";"POINT(4.894598,52.367871)";"POINT(52.367871,4.894598)";4.894598;52.367871;
75;"Damrak";"Waterbodem";"loodjestang, smeedijzer, Amsterdam, 1350-1400";"https://www.archeologischekaart.amsterdam/WatBod/obj/NZD100247MTL002.jpg";"";"NZD100247MTL002";"POINT(4.898406,52.376715)";"POINT(52.376715,4.898406)";4.898406;52.376715;
76;"Damrak";"Voormalige waterbodem";"beeld, pijpaarde, Holland, 1450-1550";"https://www.archeologischekaart.amsterdam/WatBod/obj/NZDAM100007KSC001.jpg";"";"NZDAM100007KSC001";"POINT(4.893684,52.373202)";"POINT(52.373202,4.893684)";4.893684;52.373202;
77;"Rokin";"Voormalige waterbodem";"ketel, koperlegering met ijzer, 1500-1700";"https://www.archeologischekaart.amsterdam/WatBod/obj/NZR200210MTL001.jpg";"";"NZR200210MTL001";"POINT(4.892686,52.37062)";"POINT(52.37062,4.892686)";4.892686;52.37062;
78;"IJ";"Voormalige waterbodem";"stokanker, ijzer, 1850-1880";"https://www.archeologischekaart.amsterdam/WatBod/obj/NZS100011MTL001.jpg";"";"NZS100011MTL001";"POINT(4.899763,52.377894)";"POINT(52.377894,4.899763)";4.899763;52.377894;
79;"Vijzelgracht";"Voormalige waterbodem";"Hollandia duit, koperlegering, 1739";"https://www.archeologischekaart.amsterdam/WatBod/obj/NZV1-4-1.jpg";"";"NZV1-4-1";"POINT(4.891278,52.360995)";"POINT(52.360995,4.891278)";4.891278;52.360995;
80;"Damrak";"Voormalige waterbodem";"kogelpot, aardewerk, Friesland, 1200-1275";"https://www.archeologischekaart.amsterdam/WatBod/obj/DAM-29-2.jpg";"";"DAM-29-2";"POINT(4.894103,52.373137)";"POINT(52.373137,4.894103)";4.894103;52.373137;
81;"Damrak";"Aanplemping";"kan, steengoed, Siegburg Duitsland, 1300-1325";"https://www.archeologischekaart.amsterdam/WatBod/obj/DA-53.jpg";"";"DA-53";"POINT(4.895724,52.375417)";"POINT(52.375417,4.895724)";4.895724;52.375417;
82;"Boerenwetering";"Voormalige waterbodem";"kan,steengoed, Siegburg Duitsland, 1375-1400";"https://www.archeologischekaart.amsterdam/WatBod/obj/NZK5-381-2.jpg";"";"NZK5-381-2";"POINT(4.894495,52.376205)";"POINT(52.376205,4.894495)";4.894495;52.376205;
83;"Rokin";"Aanplemping";"leisteen fragment, gegraveerd, 1300-1400";"https://www.archeologischekaart.amsterdam/WatBod/obj/NES2-5.jpg";"";"";"POINT(4.893165,52.37098)";"POINT(52.37098,4.893165)";4.893165;52.37098;
84;"Rokin";"Voormalige waterbodem";"kan, aardewerk, Andenne België, 1175-1200";"https://www.archeologischekaart.amsterdam/WatBod/obj/POL-63-1.jpg";"";"POL-63-1";"POINT(4.892645,52.372101)";"POINT(52.372101,4.892645)";4.892645;52.372101;
85;"perceelsloot";"Aanplemping";"kan, steengoed, Frechen Duitsland, 1594";"https://www.archeologischekaart.amsterdam/WatBod/obj/WLO-370-29.jpg";"";"WLO-370-29";"POINT(4.901027,52.368034)";"POINT(52.368034,4.901027)";4.901027;52.368034;
86;"Amstelbocht";"Aanplemping";"Schnelle, steengoed, Siegburg Duitsland, 1575-1600";"https://www.archeologischekaart.amsterdam/WatBod/obj/WLO-155-64.jpg";"";"WLO-155-64";"POINT(4.9006,52.367597)";"POINT(52.367597,4.9006)";4.9006;52.367597;
87;"Markengracht";"Voormalige waterbodem";"lepel met Pied de Biche, tin, 1700-1725";"https://www.archeologischekaart.amsterdam/WatBod/obj/MAG-2.jpg";"";"MAG-2";"POINT(4.906912,52.369121)";"POINT(52.369121,4.906912)";4.906912;52.369121;
88;"ontginningssloot";"Voormalige waterbodem";"pot, steengoed, Siegburg Duitsland, 1175-1200";"https://www.archeologischekaart.amsterdam/WatBod/obj/NDK2-105-3.jpg";"";"NDK2-105-3";"POINT(4.894579,52.375423)";"POINT(52.375423,4.894579)";4.894579;52.375423;
89;"Nieuwezijds Voorburgwal";"Voormalige waterbodem";"munt Philips de Stoute, zilver, Vlaanderen, 1363-1404";"https://www.archeologischekaart.amsterdam/WatBod/obj/NZK5-374-60.jpg";"";"NZK5-374-60";"POINT(4.893835,52.376241)";"POINT(52.376241,4.893835)";4.893835;52.376241;
90;"Amstelbocht";"Aanplemping";"applique Vera Icon, pijpaarde, 1450-1500";"https://www.archeologischekaart.amsterdam/WatBod/obj/OTM-8-2.jpg";"";"OTM-8-2";"POINT(4.893739,52.368146)";"POINT(52.368146,4.893739)";4.893739;52.368146;
91;"IJ";"Voormalige waterbodem";"dommekracht, hout en smeedijzer, 1700-1800";"https://www.archeologischekaart.amsterdam/WatBod/obj/OOST1-54-1.jpg";"";"OOST1-54-1";"POINT(4.927926,52.371672)";"POINT(52.371672,4.927926)";4.927926;52.371672;
92;"Zakslootje";"Voormalige waterbodem";"bord, faience, Portugal, 1600-1625";"https://www.archeologischekaart.amsterdam/WatBod/obj/ZA-1.jpg";"";"ZA-1";"POINT(4.902032,52.372504)";"POINT(52.372504,4.902032)";4.902032;52.372504;

