OBJECTNUMMER;Gebied;WKT_LNG_LAT;WKT_LAT_LNG;LNG;LAT;
1;"Stationseiland";"MULTIPOLYGON(((4.8950200 52.3797382,4.8950172 52.3797480,4.8950220 52.3797573,4.8950290 52.3797672,4.8950898 52.3798181,4.8950928 52.3798217,4.8950894 52.3798255,4.8955722 52.3802195,4.8961851 52.3808414,4.8964189 52.3810823,4.8964331 52.3810954,4.8964611 52.3811102,4.8964982 52.3811184,4.8965252 52.3811340,4.8968696 52.3814907,4.8974380 52.3819710,4.9057240 52.3786490,4.9032656 52.3762048,4.9030228 52.3764133,4.9030087 52.3764202,4.9029970 52.3764224,4.9029838 52.3764202,4.9029563 52.3764056,4.9028887 52.3764624,4.9026064 52.3767042,4.9023781 52.3769004,4.9024376 52.3769264,4.9023681 52.3770782,4.9023160 52.3770944,4.9019097 52.3771801,4.9018901 52.3771842,4.9018735 52.3771840,4.9018598 52.3771802,4.9018482 52.3771730,4.9018264 52.3771538,4.9017967 52.3771360,4.9017617 52.3771214,4.9017308 52.3771133,4.9016952 52.3771105,4.9013758 52.3770904,4.9013596 52.3770910,4.9011785 52.3771229,4.9010524 52.3771232,4.9010517 52.3771017,4.9009468 52.3770979,4.9008427 52.3770899,4.9007372 52.3770790,4.9006138 52.3770607,4.9005535 52.3770499,4.9004958 52.3770374,4.9003553 52.3770053,4.9002108 52.3769692,4.9000991 52.3769408,4.9000017 52.3769151,4.8999251 52.3768948,4.8996231 52.3768644,4.8991093 52.3768112,4.8990915 52.3768108,4.8990766 52.3768110,4.8990597 52.3768140,4.8990419 52.3768204,4.8988176 52.3769463,4.8986677 52.3770323,4.8985974 52.3770794,4.8985770 52.3771042,4.8985668 52.3771350,4.8985678 52.3771614,4.8985803 52.3771873,4.8986060 52.3772158,4.8986357 52.3772420,4.8989678 52.3774767,4.8989741 52.3774848,4.8989690 52.3774885,4.8989979 52.3775121,4.8987517 52.3776447,4.8987393 52.3776517,4.8987157 52.3776592,4.8986089 52.3777053,4.8977223 52.3784329,4.8976794 52.3784167,4.8976728 52.3784238,4.8973457 52.3786131,4.8968243 52.3788933,4.8965461 52.3790414,4.8962660 52.3791899,4.8957352 52.3794762,4.8956696 52.3795096,4.8954981 52.3796019,4.8954816 52.3796041,4.8954701 52.3796051,4.8952929 52.3795989,4.8952845 52.3795971,4.8952704 52.3795903,4.8952040 52.3796244,4.8951360 52.3796572,4.8950953 52.3796811,4.8950461 52.3797077)),((4.9030040 52.3763560,4.9030040 52.3763560)))";"MULTIPOLYGON(((52.3797382 4.8950200,52.3797480 4.8950172,52.3797573 4.8950220,52.3797672 4.8950290,52.3798181 4.8950898,52.3798217 4.8950928,52.3798255 4.8950894,52.3802195 4.8955722,52.3808414 4.8961851,52.3810823 4.8964189,52.3810954 4.8964331,52.3811102 4.8964611,52.3811184 4.8964982,52.3811340 4.8965252,52.3814907 4.8968696,52.3819710 4.8974380,52.3786490 4.9057240,52.3762048 4.9032656,52.3764133 4.9030228,52.3764202 4.9030087,52.3764224 4.9029970,52.3764202 4.9029838,52.3764056 4.9029563,52.3764624 4.9028887,52.3767042 4.9026064,52.3769004 4.9023781,52.3769264 4.9024376,52.3770782 4.9023681,52.3770944 4.9023160,52.3771801 4.9019097,52.3771842 4.9018901,52.3771840 4.9018735,52.3771802 4.9018598,52.3771730 4.9018482,52.3771538 4.9018264,52.3771360 4.9017967,52.3771214 4.9017617,52.3771133 4.9017308,52.3771105 4.9016952,52.3770904 4.9013758,52.3770910 4.9013596,52.3771229 4.9011785,52.3771232 4.9010524,52.3771017 4.9010517,52.3770979 4.9009468,52.3770899 4.9008427,52.3770790 4.9007372,52.3770607 4.9006138,52.3770499 4.9005535,52.3770374 4.9004958,52.3770053 4.9003553,52.3769692 4.9002108,52.3769408 4.9000991,52.3769151 4.9000017,52.3768948 4.8999251,52.3768644 4.8996231,52.3768112 4.8991093,52.3768108 4.8990915,52.3768110 4.8990766,52.3768140 4.8990597,52.3768204 4.8990419,52.3769463 4.8988176,52.3770323 4.8986677,52.3770794 4.8985974,52.3771042 4.8985770,52.3771350 4.8985668,52.3771614 4.8985678,52.3771873 4.8985803,52.3772158 4.8986060,52.3772420 4.8986357,52.3774767 4.8989678,52.3774848 4.8989741,52.3774885 4.8989690,52.3775121 4.8989979,52.3776447 4.8987517,52.3776517 4.8987393,52.3776592 4.8987157,52.3777053 4.8986089,52.3784329 4.8977223,52.3784167 4.8976794,52.3784238 4.8976728,52.3786131 4.8973457,52.3788933 4.8968243,52.3790414 4.8965461,52.3791899 4.8962660,52.3794762 4.8957352,52.3795096 4.8956696,52.3796019 4.8954981,52.3796041 4.8954816,52.3796051 4.8954701,52.3795989 4.8952929,52.3795971 4.8952845,52.3795903 4.8952704,52.3796244 4.8952040,52.3796572 4.8951360,52.3796811 4.8950953,52.3797077 4.8950461)),((52.3763560 4.9030040,52.3763560 4.9030040)))";4.9003756;52.3790809;
2;"Wallen Nieuwendijk";"POLYGON((4.8952040 52.3796243,4.8952040 52.3796244,4.8951360 52.3796572,4.8950953 52.3796811,4.8950461 52.3797077,4.8950170 52.3797384,4.8950172 52.3797480,4.8950220 52.3797573,4.8950290 52.3797672,4.8950898 52.3798181,4.8950928 52.3798217,4.8950894 52.3798255,4.8955722 52.3802195,4.8961851 52.3808414,4.8959711 52.3809068,4.8953870 52.3803010,4.8948730 52.3805150,4.8948850 52.3805290,4.8948850 52.3805290,4.8948850 52.3805290,4.8943890 52.3807380,4.8937120 52.3801610,4.8933710 52.3803490,4.8932180 52.3804110,4.8932040 52.3804010,4.8931430 52.3804230,4.8930700 52.3803300,4.8928100 52.3800922,4.8927237 52.3799994,4.8927930 52.3799720,4.8931080 52.3797820,4.8940614 52.3792323,4.8940699 52.3792266,4.8938668 52.3790496,4.8938120 52.3790036,4.8936515 52.3788624,4.8939553 52.3787257,4.8939140 52.3786880,4.8914040 52.3764060,4.8911810 52.3761840,4.8896730 52.3748130,4.8893030 52.3744540,4.8892590 52.3743010,4.8889080 52.3734320,4.8888180 52.3731360,4.8902490 52.3730550,4.8903740 52.3724410,4.8914020 52.3726450,4.8921190 52.3726630,4.8927520 52.3726320,4.8931330 52.3725810,4.8936528 52.3724716,4.8940170 52.3723950,4.8955570 52.3718980,4.8955100 52.3718490,4.8959730 52.3716730,4.8960250 52.3717190,4.8970020 52.3713630,4.8970310 52.3713970,4.8985640 52.3709900,4.9005240 52.3704800,4.9001310 52.3704520,4.8999870 52.3702880,4.8997430 52.3700240,4.9000880 52.3699480,4.9000940 52.3699380,4.9000940 52.3699380,4.8997800 52.3696650,4.9000910 52.3694960,4.9002120 52.3694400,4.9004640 52.3693250,4.9008150 52.3691270,4.9011440 52.3694180,4.9011580 52.3694270,4.9011790 52.3694240,4.9021960 52.3689880,4.9023850 52.3689150,4.9035880 52.3684200,4.9039790 52.3686390,4.9039380 52.3686600,4.9038890 52.3686590,4.9033360 52.3688870,4.9026350 52.3691800,4.9024720 52.3692440,4.9024440 52.3692190,4.9019030 52.3694520,4.9016050 52.3695770,4.9015870 52.3696020,4.9015830 52.3696240,4.9016010 52.3696400,4.9018550 52.3697600,4.9018980 52.3697960,4.9019250 52.3697860,4.9020290 52.3698780,4.9015490 52.3700960,4.9010150 52.3697450,4.9009570 52.3697800,4.9009570 52.3697800,4.9008560 52.3699580,4.9007870 52.3701450,4.9007280 52.3705040,4.9005120 52.3719990,4.9006280 52.3720090,4.9008360 52.3723550,4.9010060 52.3726110,4.9016380 52.3740100,4.9027060 52.3761520,4.9030228 52.3764133,4.9030087 52.3764202,4.9029970 52.3764224,4.9029838 52.3764202,4.9029563 52.3764056,4.9028887 52.3764624,4.9026064 52.3767042,4.9023781 52.3769004,4.9024376 52.3769264,4.9023681 52.3770782,4.9023160 52.3770944,4.9019097 52.3771801,4.9018901 52.3771842,4.9018735 52.3771840,4.9018598 52.3771802,4.9018482 52.3771730,4.9018264 52.3771538,4.9017967 52.3771360,4.9017617 52.3771214,4.9017308 52.3771133,4.9016952 52.3771105,4.9013758 52.3770904,4.9013596 52.3770910,4.9011785 52.3771229,4.9010524 52.3771232,4.9010517 52.3771017,4.9009468 52.3770979,4.9008427 52.3770899,4.9007372 52.3770790,4.9006138 52.3770607,4.9005535 52.3770499,4.9004958 52.3770374,4.9003553 52.3770053,4.9002108 52.3769692,4.9000991 52.3769408,4.9000017 52.3769151,4.8999251 52.3768948,4.8996231 52.3768644,4.8991093 52.3768112,4.8990915 52.3768108,4.8990766 52.3768110,4.8990597 52.3768140,4.8990419 52.3768204,4.8988176 52.3769463,4.8986677 52.3770323,4.8985974 52.3770794,4.8985770 52.3771042,4.8985668 52.3771350,4.8985678 52.3771614,4.8985803 52.3771873,4.8986060 52.3772158,4.8986357 52.3772420,4.8987551 52.3773271,4.8989677 52.3774757,4.8989678 52.3774767,4.8989741 52.3774848,4.8989690 52.3774885,4.8989979 52.3775121,4.8987517 52.3776447,4.8987393 52.3776517,4.8987157 52.3776592,4.8986089 52.3777053,4.8977223 52.3784329,4.8976794 52.3784167,4.8976728 52.3784238,4.8973457 52.3786131,4.8968243 52.3788933,4.8965461 52.3790414,4.8962660 52.3791899,4.8957352 52.3794762,4.8956696 52.3795096,4.8954981 52.3796019,4.8954816 52.3796041,4.8954701 52.3796051,4.8952929 52.3795989,4.8952845 52.3795971,4.8952704 52.3795903))";"POLYGON((52.3796243 4.8952040,52.3796244 4.8952040,52.3796572 4.8951360,52.3796811 4.8950953,52.3797077 4.8950461,52.3797384 4.8950170,52.3797480 4.8950172,52.3797573 4.8950220,52.3797672 4.8950290,52.3798181 4.8950898,52.3798217 4.8950928,52.3798255 4.8950894,52.3802195 4.8955722,52.3808414 4.8961851,52.3809068 4.8959711,52.3803010 4.8953870,52.3805150 4.8948730,52.3805290 4.8948850,52.3805290 4.8948850,52.3805290 4.8948850,52.3807380 4.8943890,52.3801610 4.8937120,52.3803490 4.8933710,52.3804110 4.8932180,52.3804010 4.8932040,52.3804230 4.8931430,52.3803300 4.8930700,52.3800922 4.8928100,52.3799994 4.8927237,52.3799720 4.8927930,52.3797820 4.8931080,52.3792323 4.8940614,52.3792266 4.8940699,52.3790496 4.8938668,52.3790036 4.8938120,52.3788624 4.8936515,52.3787257 4.8939553,52.3786880 4.8939140,52.3764060 4.8914040,52.3761840 4.8911810,52.3748130 4.8896730,52.3744540 4.8893030,52.3743010 4.8892590,52.3734320 4.8889080,52.3731360 4.8888180,52.3730550 4.8902490,52.3724410 4.8903740,52.3726450 4.8914020,52.3726630 4.8921190,52.3726320 4.8927520,52.3725810 4.8931330,52.3724716 4.8936528,52.3723950 4.8940170,52.3718980 4.8955570,52.3718490 4.8955100,52.3716730 4.8959730,52.3717190 4.8960250,52.3713630 4.8970020,52.3713970 4.8970310,52.3709900 4.8985640,52.3704800 4.9005240,52.3704520 4.9001310,52.3702880 4.8999870,52.3700240 4.8997430,52.3699480 4.9000880,52.3699380 4.9000940,52.3699380 4.9000940,52.3696650 4.8997800,52.3694960 4.9000910,52.3694400 4.9002120,52.3693250 4.9004640,52.3691270 4.9008150,52.3694180 4.9011440,52.3694270 4.9011580,52.3694240 4.9011790,52.3689880 4.9021960,52.3689150 4.9023850,52.3684200 4.9035880,52.3686390 4.9039790,52.3686600 4.9039380,52.3686590 4.9038890,52.3688870 4.9033360,52.3691800 4.9026350,52.3692440 4.9024720,52.3692190 4.9024440,52.3694520 4.9019030,52.3695770 4.9016050,52.3696020 4.9015870,52.3696240 4.9015830,52.3696400 4.9016010,52.3697600 4.9018550,52.3697960 4.9018980,52.3697860 4.9019250,52.3698780 4.9020290,52.3700960 4.9015490,52.3697450 4.9010150,52.3697800 4.9009570,52.3697800 4.9009570,52.3699580 4.9008560,52.3701450 4.9007870,52.3705040 4.9007280,52.3719990 4.9005120,52.3720090 4.9006280,52.3723550 4.9008360,52.3726110 4.9010060,52.3740100 4.9016380,52.3761520 4.9027060,52.3764133 4.9030228,52.3764202 4.9030087,52.3764224 4.9029970,52.3764202 4.9029838,52.3764056 4.9029563,52.3764624 4.9028887,52.3767042 4.9026064,52.3769004 4.9023781,52.3769264 4.9024376,52.3770782 4.9023681,52.3770944 4.9023160,52.3771801 4.9019097,52.3771842 4.9018901,52.3771840 4.9018735,52.3771802 4.9018598,52.3771730 4.9018482,52.3771538 4.9018264,52.3771360 4.9017967,52.3771214 4.9017617,52.3771133 4.9017308,52.3771105 4.9016952,52.3770904 4.9013758,52.3770910 4.9013596,52.3771229 4.9011785,52.3771232 4.9010524,52.3771017 4.9010517,52.3770979 4.9009468,52.3770899 4.9008427,52.3770790 4.9007372,52.3770607 4.9006138,52.3770499 4.9005535,52.3770374 4.9004958,52.3770053 4.9003553,52.3769692 4.9002108,52.3769408 4.9000991,52.3769151 4.9000017,52.3768948 4.8999251,52.3768644 4.8996231,52.3768112 4.8991093,52.3768108 4.8990915,52.3768110 4.8990766,52.3768140 4.8990597,52.3768204 4.8990419,52.3769463 4.8988176,52.3770323 4.8986677,52.3770794 4.8985974,52.3771042 4.8985770,52.3771350 4.8985668,52.3771614 4.8985678,52.3771873 4.8985803,52.3772158 4.8986060,52.3772420 4.8986357,52.3773271 4.8987551,52.3774757 4.8989677,52.3774767 4.8989678,52.3774848 4.8989741,52.3774885 4.8989690,52.3775121 4.8989979,52.3776447 4.8987517,52.3776517 4.8987393,52.3776592 4.8987157,52.3777053 4.8986089,52.3784329 4.8977223,52.3784167 4.8976794,52.3784238 4.8976728,52.3786131 4.8973457,52.3788933 4.8968243,52.3790414 4.8965461,52.3791899 4.8962660,52.3794762 4.8957352,52.3795096 4.8956696,52.3796019 4.8954981,52.3796041 4.8954816,52.3796051 4.8954701,52.3795989 4.8952929,52.3795971 4.8952845,52.3795903 4.8952704))";4.8964035;52.3746564;
3;"Leidseplein";"POLYGON((4.8878750 52.3627660,4.8847540 52.3648310,4.8894770 52.3670570,4.8890640 52.3673070,4.8842330 52.3651960,4.8835050 52.3656790,4.8828820 52.3660670,4.8827980 52.3661690,4.8807180 52.3654190,4.8823730 52.3641540,4.8819467 52.3639202,4.8819305 52.3639329,4.8819324 52.3639335,4.8819180 52.3639478,4.8819134 52.3639463,4.8818958 52.3639599,4.8819018 52.3639634,4.8818890 52.3639722,4.8818929 52.3639742,4.8818539 52.3640046,4.8816243 52.3638973,4.8816096 52.3638895,4.8816117 52.3638868,4.8816040 52.3638822,4.8815974 52.3638848,4.8811838 52.3636920,4.8811889 52.3636882,4.8811773 52.3636834,4.8810012 52.3636253,4.8809440 52.3635463,4.8809510 52.3635428,4.8809464 52.3635391,4.8809635 52.3635232,4.8808903 52.3634682,4.8797509 52.3629371,4.8797917 52.3628972,4.8797982 52.3628805,4.8797941 52.3628615,4.8799691 52.3627172,4.8799737 52.3627131,4.8800404 52.3627304,4.8800630 52.3627013,4.8800774 52.3627038,4.8801009 52.3626735,4.8801143 52.3626760,4.8801358 52.3626449,4.8801493 52.3626484,4.8801763 52.3626159,4.8801899 52.3626190,4.8802108 52.3625881,4.8801565 52.3625732,4.8801848 52.3625451,4.8801930 52.3625477,4.8802216 52.3625179,4.8802318 52.3625196,4.8802576 52.3624902,4.8802676 52.3624929,4.8802957 52.3624623,4.8803036 52.3624649,4.8803301 52.3624358,4.8803415 52.3624373,4.8803669 52.3624076,4.8803790 52.3624095,4.8804126 52.3623692,4.8805011 52.3622452,4.8805964 52.3622706,4.8807535 52.3620538,4.8808289 52.3620901,4.8811354 52.3618589,4.8810583 52.3618366,4.8816720 52.3615572,4.8817124 52.3615797,4.8817409 52.3615978,4.8817711 52.3616216,4.8817845 52.3616161,4.8818101 52.3616468,4.8821039 52.3615469,4.8822704 52.3618736,4.8822118 52.3618866,4.8822140 52.3618906,4.8821620 52.3619042,4.8821534 52.3619101,4.8821427 52.3619186,4.8821349 52.3619300,4.8821339 52.3619420,4.8821441 52.3619572,4.8822194 52.3620054,4.8821152 52.3620413,4.8820328 52.3619920,4.8820089 52.3619866,4.8819773 52.3619832,4.8819488 52.3619871,4.8819253 52.3619948,4.8818851 52.3620169,4.8818436 52.3620397,4.8818384 52.3620394,4.8818187 52.3620455,4.8817871 52.3620616,4.8817321 52.3621066,4.8816697 52.3621709,4.8816167 52.3622425,4.8816044 52.3622391,4.8815586 52.3623106,4.8815182 52.3623854,4.8814890 52.3624629,4.8814639 52.3625363,4.8814101 52.3627187,4.8813550 52.3628540,4.8812886 52.3629874,4.8813121 52.3630110,4.8812604 52.3630746,4.8812577 52.3630807,4.8812616 52.3630870,4.8812721 52.3630932,4.8812703 52.3630948,4.8814961 52.3632038,4.8815011 52.3632006,4.8815138 52.3632065,4.8815244 52.3632052,4.8815335 52.3632009,4.8815959 52.3631407,4.8816323 52.3631408,4.8816180 52.3630819,4.8816362 52.3630502,4.8818295 52.3631095,4.8817375 52.3632348,4.8817451 52.3632626,4.8819277 52.3633485,4.8819255 52.3633508,4.8819478 52.3633603,4.8819536 52.3633565,4.8820014 52.3633808,4.8819977 52.3633851,4.8820172 52.3633937,4.8820212 52.3633897,4.8820695 52.3634131,4.8820670 52.3634161,4.8820846 52.3634255,4.8820903 52.3634205,4.8821380 52.3634448,4.8821341 52.3634485,4.8821532 52.3634582,4.8821565 52.3634540,4.8822061 52.3634767,4.8829690 52.3627440,4.8863300 52.3610820,4.8870440 52.3618350,4.8876990 52.3625510,4.8878750 52.3627660))";"POLYGON((52.3627660 4.8878750,52.3648310 4.8847540,52.3670570 4.8894770,52.3673070 4.8890640,52.3651960 4.8842330,52.3656790 4.8835050,52.3660670 4.8828820,52.3661690 4.8827980,52.3654190 4.8807180,52.3641540 4.8823730,52.3639202 4.8819467,52.3639329 4.8819305,52.3639335 4.8819324,52.3639478 4.8819180,52.3639463 4.8819134,52.3639599 4.8818958,52.3639634 4.8819018,52.3639722 4.8818890,52.3639742 4.8818929,52.3640046 4.8818539,52.3638973 4.8816243,52.3638895 4.8816096,52.3638868 4.8816117,52.3638822 4.8816040,52.3638848 4.8815974,52.3636920 4.8811838,52.3636882 4.8811889,52.3636834 4.8811773,52.3636253 4.8810012,52.3635463 4.8809440,52.3635428 4.8809510,52.3635391 4.8809464,52.3635232 4.8809635,52.3634682 4.8808903,52.3629371 4.8797509,52.3628972 4.8797917,52.3628805 4.8797982,52.3628615 4.8797941,52.3627172 4.8799691,52.3627131 4.8799737,52.3627304 4.8800404,52.3627013 4.8800630,52.3627038 4.8800774,52.3626735 4.8801009,52.3626760 4.8801143,52.3626449 4.8801358,52.3626484 4.8801493,52.3626159 4.8801763,52.3626190 4.8801899,52.3625881 4.8802108,52.3625732 4.8801565,52.3625451 4.8801848,52.3625477 4.8801930,52.3625179 4.8802216,52.3625196 4.8802318,52.3624902 4.8802576,52.3624929 4.8802676,52.3624623 4.8802957,52.3624649 4.8803036,52.3624358 4.8803301,52.3624373 4.8803415,52.3624076 4.8803669,52.3624095 4.8803790,52.3623692 4.8804126,52.3622452 4.8805011,52.3622706 4.8805964,52.3620538 4.8807535,52.3620901 4.8808289,52.3618589 4.8811354,52.3618366 4.8810583,52.3615572 4.8816720,52.3615797 4.8817124,52.3615978 4.8817409,52.3616216 4.8817711,52.3616161 4.8817845,52.3616468 4.8818101,52.3615469 4.8821039,52.3618736 4.8822704,52.3618866 4.8822118,52.3618906 4.8822140,52.3619042 4.8821620,52.3619101 4.8821534,52.3619186 4.8821427,52.3619300 4.8821349,52.3619420 4.8821339,52.3619572 4.8821441,52.3620054 4.8822194,52.3620413 4.8821152,52.3619920 4.8820328,52.3619866 4.8820089,52.3619832 4.8819773,52.3619871 4.8819488,52.3619948 4.8819253,52.3620169 4.8818851,52.3620397 4.8818436,52.3620394 4.8818384,52.3620455 4.8818187,52.3620616 4.8817871,52.3621066 4.8817321,52.3621709 4.8816697,52.3622425 4.8816167,52.3622391 4.8816044,52.3623106 4.8815586,52.3623854 4.8815182,52.3624629 4.8814890,52.3625363 4.8814639,52.3627187 4.8814101,52.3628540 4.8813550,52.3629874 4.8812886,52.3630110 4.8813121,52.3630746 4.8812604,52.3630807 4.8812577,52.3630870 4.8812616,52.3630932 4.8812721,52.3630948 4.8812703,52.3632038 4.8814961,52.3632006 4.8815011,52.3632065 4.8815138,52.3632052 4.8815244,52.3632009 4.8815335,52.3631407 4.8815959,52.3631408 4.8816323,52.3630819 4.8816180,52.3630502 4.8816362,52.3631095 4.8818295,52.3632348 4.8817375,52.3632626 4.8817451,52.3633485 4.8819277,52.3633508 4.8819255,52.3633603 4.8819478,52.3633565 4.8819536,52.3633808 4.8820014,52.3633851 4.8819977,52.3633937 4.8820172,52.3633897 4.8820212,52.3634131 4.8820695,52.3634161 4.8820670,52.3634255 4.8820846,52.3634205 4.8820903,52.3634448 4.8821380,52.3634485 4.8821341,52.3634582 4.8821532,52.3634540 4.8821565,52.3634767 4.8822061,52.3627440 4.8829690,52.3610820 4.8863300,52.3618350 4.8870440,52.3625510 4.8876990,52.3627660 4.8878750))";4.88461895;52.3641875;
6;"Indische Buurt";"POLYGON((4.9472706 52.3666831,4.9481992 52.3660340,4.9484975 52.3657599,4.9489327 52.3649158,4.9486574 52.3649030,4.9485752 52.3648943,4.9485450 52.3648851,4.9483986 52.3647569,4.9484010 52.3647379,4.9484596 52.3647092,4.9485317 52.3646886,4.9484499 52.3646008,4.9478155 52.3639987,4.9477055 52.3636986,4.9473997 52.3628461,4.9473445 52.3624957,4.9461628 52.3622665,4.9460443 52.3618049,4.9457671 52.3609829,4.9449652 52.3584331,4.9449585 52.3583554,4.9449490 52.3582631,4.9448428 52.3582676,4.9416719 52.3583935,4.9411443 52.3584089,4.9407436 52.3584216,4.9380439 52.3578370,4.9374389 52.3577298,4.9373422 52.3577709,4.9371515 52.3578777,4.9368746 52.3579956,4.9368197 52.3580069,4.9364216 52.3581728,4.9363901 52.3581975,4.9362468 52.3582568,4.9362404 52.3582517,4.9359460 52.3583750,4.9359078 52.3584005,4.9358111 52.3584404,4.9357139 52.3584819,4.9356546 52.3584956,4.9352384 52.3586738,4.9352455 52.3586820,4.9351163 52.3587402,4.9350749 52.3587481,4.9350631 52.3587437,4.9350166 52.3587635,4.9350147 52.3587623,4.9349843 52.3587746,4.9348765 52.3588262,4.9348114 52.3588607,4.9348180 52.3588658,4.9347224 52.3589206,4.9346544 52.3589697,4.9345226 52.3590416,4.9344440 52.3590731,4.9342037 52.3592189,4.9342099 52.3592297,4.9340936 52.3593117,4.9338288 52.3594930,4.9336725 52.3596055,4.9334433 52.3597843,4.9332391 52.3599572,4.9331168 52.3600654,4.9329709 52.3602068,4.9328278 52.3603523,4.9327274 52.3604581,4.9326324 52.3605655,4.9325649 52.3606496,4.9324755 52.3607641,4.9324283 52.3607902,4.9324226 52.3607981,4.9323950 52.3607902,4.9323513 52.3608523,4.9320060 52.3613305,4.9320090 52.3613324,4.9320096 52.3613353,4.9320014 52.3613453,4.9319824 52.3613456,4.9319819 52.3613544,4.9320209 52.3613543,4.9320173 52.3613624,4.9320156 52.3613696,4.9320147 52.3613775,4.9320158 52.3613843,4.9320191 52.3613929,4.9320246 52.3614002,4.9320314 52.3614076,4.9320384 52.3614150,4.9320483 52.3614215,4.9320641 52.3614296,4.9320795 52.3614343,4.9319926 52.3615726,4.9319390 52.3616640,4.9318730 52.3617560,4.9317260 52.3621110,4.9317040 52.3621370,4.9316600 52.3622410,4.9314770 52.3627910,4.9314710 52.3628800,4.9314080 52.3632100,4.9313520 52.3632080,4.9313200 52.3632140,4.9312840 52.3632360,4.9312740 52.3632700,4.9312400 52.3632660,4.9307560 52.3632350,4.9307230 52.3634300,4.9312160 52.3634800,4.9312490 52.3634840,4.9312480 52.3635120,4.9312680 52.3635350,4.9313350 52.3635590,4.9312840 52.3639230,4.9312710 52.3642940,4.9312857 52.3646756,4.9313465 52.3649264,4.9315097 52.3649101,4.9315189 52.3649544,4.9314604 52.3649585,4.9315390 52.3652671,4.9315984 52.3653968,4.9317408 52.3657679,4.9317677 52.3658036,4.9318033 52.3658784,4.9317962 52.3658987,4.9317877 52.3659120,4.9317791 52.3659187,4.9317587 52.3659282,4.9317397 52.3659330,4.9317175 52.3659378,4.9312678 52.3659505,4.9312678 52.3659505,4.9313783 52.3661346,4.9318298 52.3661466,4.9318357 52.3661494,4.9318433 52.3661480,4.9318652 52.3661849,4.9318587 52.3661862,4.9318776 52.3662176,4.9318757 52.3662185,4.9320685 52.3665379,4.9321910 52.3665240,4.9336316 52.3665662,4.9340452 52.3665722,4.9393505 52.3666492))";"POLYGON((52.3666831 4.9472706,52.3660340 4.9481992,52.3657599 4.9484975,52.3649158 4.9489327,52.3649030 4.9486574,52.3648943 4.9485752,52.3648851 4.9485450,52.3647569 4.9483986,52.3647379 4.9484010,52.3647092 4.9484596,52.3646886 4.9485317,52.3646008 4.9484499,52.3639987 4.9478155,52.3636986 4.9477055,52.3628461 4.9473997,52.3624957 4.9473445,52.3622665 4.9461628,52.3618049 4.9460443,52.3609829 4.9457671,52.3584331 4.9449652,52.3583554 4.9449585,52.3582631 4.9449490,52.3582676 4.9448428,52.3583935 4.9416719,52.3584089 4.9411443,52.3584216 4.9407436,52.3578370 4.9380439,52.3577298 4.9374389,52.3577709 4.9373422,52.3578777 4.9371515,52.3579956 4.9368746,52.3580069 4.9368197,52.3581728 4.9364216,52.3581975 4.9363901,52.3582568 4.9362468,52.3582517 4.9362404,52.3583750 4.9359460,52.3584005 4.9359078,52.3584404 4.9358111,52.3584819 4.9357139,52.3584956 4.9356546,52.3586738 4.9352384,52.3586820 4.9352455,52.3587402 4.9351163,52.3587481 4.9350749,52.3587437 4.9350631,52.3587635 4.9350166,52.3587623 4.9350147,52.3587746 4.9349843,52.3588262 4.9348765,52.3588607 4.9348114,52.3588658 4.9348180,52.3589206 4.9347224,52.3589697 4.9346544,52.3590416 4.9345226,52.3590731 4.9344440,52.3592189 4.9342037,52.3592297 4.9342099,52.3593117 4.9340936,52.3594930 4.9338288,52.3596055 4.9336725,52.3597843 4.9334433,52.3599572 4.9332391,52.3600654 4.9331168,52.3602068 4.9329709,52.3603523 4.9328278,52.3604581 4.9327274,52.3605655 4.9326324,52.3606496 4.9325649,52.3607641 4.9324755,52.3607902 4.9324283,52.3607981 4.9324226,52.3607902 4.9323950,52.3608523 4.9323513,52.3613305 4.9320060,52.3613324 4.9320090,52.3613353 4.9320096,52.3613453 4.9320014,52.3613456 4.9319824,52.3613544 4.9319819,52.3613543 4.9320209,52.3613624 4.9320173,52.3613696 4.9320156,52.3613775 4.9320147,52.3613843 4.9320158,52.3613929 4.9320191,52.3614002 4.9320246,52.3614076 4.9320314,52.3614150 4.9320384,52.3614215 4.9320483,52.3614296 4.9320641,52.3614343 4.9320795,52.3615726 4.9319926,52.3616640 4.9319390,52.3617560 4.9318730,52.3621110 4.9317260,52.3621370 4.9317040,52.3622410 4.9316600,52.3627910 4.9314770,52.3628800 4.9314710,52.3632100 4.9314080,52.3632080 4.9313520,52.3632140 4.9313200,52.3632360 4.9312840,52.3632700 4.9312740,52.3632660 4.9312400,52.3632350 4.9307560,52.3634300 4.9307230,52.3634800 4.9312160,52.3634840 4.9312490,52.3635120 4.9312480,52.3635350 4.9312680,52.3635590 4.9313350,52.3639230 4.9312840,52.3642940 4.9312710,52.3646756 4.9312857,52.3649264 4.9313465,52.3649101 4.9315097,52.3649544 4.9315189,52.3649585 4.9314604,52.3652671 4.9315390,52.3653968 4.9315984,52.3657679 4.9317408,52.3658036 4.9317677,52.3658784 4.9318033,52.3658987 4.9317962,52.3659120 4.9317877,52.3659187 4.9317791,52.3659282 4.9317587,52.3659330 4.9317397,52.3659378 4.9317175,52.3659505 4.9312678,52.3659505 4.9312678,52.3661346 4.9313783,52.3661466 4.9318298,52.3661494 4.9318357,52.3661480 4.9318433,52.3661849 4.9318652,52.3661862 4.9318587,52.3662176 4.9318776,52.3662185 4.9318757,52.3665379 4.9320685,52.3665240 4.9321910,52.3665662 4.9336316,52.3665722 4.9340452,52.3666492 4.9393505))";4.93983285;52.36219945;
7;"Karel Doormanplein";"POLYGON((4.862369 52.378075,4.862511 52.377675,4.859959 52.377338,4.859736 52.37721,4.857591 52.376956,4.857281 52.377921,4.85693 52.37853,4.856423 52.379132,4.857704 52.379547,4.857869 52.379578,4.857688 52.380076,4.859236 52.381073,4.859421 52.381085,4.86107 52.380154,4.861562 52.379916,4.861818 52.37972,4.862369 52.378075))";"POLYGON((52.378075 4.862369,52.377675 4.862511,52.377338 4.859959,52.37721 4.859736,52.376956 4.857591,52.377921 4.857281,52.37853 4.85693,52.379132 4.856423,52.379547 4.857704,52.379578 4.857869,52.380076 4.857688,52.381073 4.859236,52.381085 4.859421,52.380154 4.86107,52.379916 4.861562,52.37972 4.861818,52.378075 4.862369))";4.85947205;52.37901365;
8;"Burgemeestersbuurt";"POLYGON((4.8335345 52.3829036,4.8385947 52.3820882,4.8372580 52.3789860,4.8367450 52.3775434,4.8317689 52.3782948,4.8265271 52.3791630,4.8259971 52.3778941,4.8233106 52.3783379,4.8203410 52.3787800,4.8200031 52.3788259,4.8200517 52.3789417,4.8201171 52.3790914,4.8202575 52.3794249,4.8195230 52.3795413,4.8190527 52.3796143,4.8198240 52.3815200,4.8195930 52.3815730,4.8194260 52.3816260,4.8192380 52.3817050,4.8190270 52.3818330,4.8188310 52.3820010,4.8187440 52.3821130,4.8186510 52.3822990,4.8186230 52.3824000,4.8186160 52.3824910,4.8185890 52.3830940,4.8218917 52.3828667,4.8271993 52.3829457,4.8324735 52.3830364))";"POLYGON((52.3829036 4.8335345,52.3820882 4.8385947,52.3789860 4.8372580,52.3775434 4.8367450,52.3782948 4.8317689,52.3791630 4.8265271,52.3778941 4.8259971,52.3783379 4.8233106,52.3787800 4.8203410,52.3788259 4.8200031,52.3789417 4.8200517,52.3790914 4.8201171,52.3794249 4.8202575,52.3795413 4.8195230,52.3796143 4.8190527,52.3815200 4.8198240,52.3815730 4.8195930,52.3816260 4.8194260,52.3817050 4.8192380,52.3818330 4.8190270,52.3820010 4.8188310,52.3821130 4.8187440,52.3822990 4.8186510,52.3824000 4.8186230,52.3824910 4.8186160,52.3830940 4.8185890,52.3828667 4.8218917,52.3829457 4.8271993,52.3830364 4.8324735))";4.82859685;52.3803117;
9;"Osdorpplein";"POLYGON((4.8071458 52.3610061,4.8092588 52.3568830,4.8008010 52.3551750,4.7998002 52.3570155,4.7837631 52.3539808,4.7788703 52.3559598,4.7896515 52.3579545,4.7898359 52.3575984,4.7981046 52.3591620))";"POLYGON((52.3610061 4.8071458,52.3568830 4.8092588,52.3551750 4.8008010,52.3570155 4.7998002,52.3539808 4.7837631,52.3559598 4.7788703,52.3579545 4.7896515,52.3575984 4.7898359,52.3591620 4.7981046))";4.79406955;52.35748645;
10;"Delflandplein";"POLYGON((4.846083 52.346653,4.845821 52.346758,4.845730 52.346770,4.845648 52.346770,4.845547 52.352093,4.840544 52.352054,4.840420 52.351993,4.836515 52.351967,4.835801 52.351899,4.834204 52.351889,4.834209 52.351026,4.834193 52.350473,4.834261 52.348427,4.834410 52.345771,4.834765 52.345775,4.836471 52.345850,4.836784 52.345866,4.836906 52.345885,4.836956 52.345833,4.837107 52.345879,4.837163 52.345993,4.837180 52.345997,4.837973 52.346012,4.838028 52.345971,4.838106 52.345945,4.838292 52.345942,4.838351 52.345952,4.838376 52.345943,4.838402 52.345957,4.838439 52.345959,4.838471 52.345948,4.838496 52.345964,4.838546 52.345964,4.838574 52.345953,4.838609 52.345970,4.838639 52.345973,4.838675 52.345956,4.838707 52.345981,4.838830 52.346020,4.839169 52.346034,4.839169 52.346028,4.839180 52.346034,4.839236 52.346037,4.839318 52.346014,4.839379 52.345981,4.839413 52.345930,4.839803 52.345971,4.839884 52.345999,4.840079 52.346022,4.840201 52.346058,4.840257 52.346030,4.840532 52.346031,4.840547 52.346016,4.840988 52.346019,4.841944 52.345974,4.842345 52.345948,4.842348 52.345957,4.843107 52.345913,4.843947 52.345890,4.844267 52.345900,4.844624 52.345944,4.844841 52.345989,4.845125 52.346072,4.845299 52.346136,4.845558 52.346259,4.845762 52.346382,4.845899 52.346484,4.846083 52.346653))";"POLYGON((52.346653 4.846083,52.346758 4.845821,52.346770 4.845730,52.346770 4.845648,52.352093 4.845547,52.352054 4.840544,52.351993 4.840420,52.351967 4.836515,52.351899 4.835801,52.351889 4.834204,52.351026 4.834209,52.350473 4.834193,52.348427 4.834261,52.345771 4.834410,52.345775 4.834765,52.345850 4.836471,52.345866 4.836784,52.345885 4.836906,52.345833 4.836956,52.345879 4.837107,52.345993 4.837163,52.345997 4.837180,52.346012 4.837973,52.345971 4.838028,52.345945 4.838106,52.345942 4.838292,52.345952 4.838351,52.345943 4.838376,52.345957 4.838402,52.345959 4.838439,52.345948 4.838471,52.345964 4.838496,52.345964 4.838546,52.345953 4.838574,52.345970 4.838609,52.345973 4.838639,52.345956 4.838675,52.345981 4.838707,52.346020 4.838830,52.346034 4.839169,52.346028 4.839169,52.346034 4.839180,52.346037 4.839236,52.346014 4.839318,52.345981 4.839379,52.345930 4.839413,52.345971 4.839803,52.345999 4.839884,52.346022 4.840079,52.346058 4.840201,52.346030 4.840257,52.346031 4.840532,52.346016 4.840547,52.346019 4.840988,52.345974 4.841944,52.345948 4.842345,52.345957 4.842348,52.345913 4.843107,52.345890 4.843947,52.345900 4.844267,52.345944 4.844624,52.345989 4.844841,52.346072 4.845125,52.346136 4.845299,52.346259 4.845558,52.346382 4.845762,52.346484 4.845899,52.346653 4.846083))";4.8401432;52.34892525;
11;"Staalmanbuurt";"POLYGON((4.8271534 52.3518228,4.8335230 52.3518724,4.8335941 52.3479738,4.8336326 52.3471752,4.8277811 52.3470944,4.8271970 52.3470986,4.8268609 52.3470720,4.8268519 52.3475141,4.8268325 52.3480681,4.8268291 52.3485575,4.8268328 52.3487613,4.8268266 52.3489369,4.8266492 52.3489374,4.8266347 52.3491244,4.8266317 52.3492606,4.8266510 52.3493946,4.8268950 52.3493988,4.8268949 52.3494275,4.8269752 52.3494293,4.8269774 52.3494197,4.8270218 52.3494206,4.8270043 52.3497766,4.8269613 52.3497754,4.8269563 52.3501228,4.8268004 52.3501212,4.8267848 52.3507726,4.8267739 52.3518191))";"POLYGON((52.3518228 4.8271534,52.3518724 4.8335230,52.3479738 4.8335941,52.3471752 4.8336326,52.3470944 4.8277811,52.3470986 4.8271970,52.3470720 4.8268609,52.3475141 4.8268519,52.3480681 4.8268325,52.3485575 4.8268291,52.3487613 4.8268328,52.3489369 4.8268266,52.3489374 4.8266492,52.3491244 4.8266347,52.3492606 4.8266317,52.3493946 4.8266510,52.3493988 4.8268950,52.3494275 4.8268949,52.3494293 4.8269752,52.3494197 4.8269774,52.3494206 4.8270218,52.3497766 4.8270043,52.3497754 4.8269613,52.3501228 4.8269563,52.3501212 4.8268004,52.3507726 4.8267848,52.3518191 4.8267739))";4.83013715;52.3494652;
13;"ArenApoort";"POLYGON((4.9577470 52.3135020,4.9573510 52.3139640,4.9471660 52.3103560,4.9460024 52.3116344,4.9450702 52.3113146,4.9450011 52.3113932,4.9447970 52.3113213,4.9449532 52.3111519,4.9448773 52.3111216,4.9448049 52.3111863,4.9446129 52.3113932,4.9435138 52.3110138,4.9426949 52.3107346,4.9431013 52.3102921,4.9431991 52.3101830,4.9440185 52.3093279,4.9437181 52.3092210,4.9434002 52.3091275,4.9429040 52.3096851,4.9427806 52.3098237,4.9421757 52.3105770,4.9420248 52.3107452,4.9418558 52.3109221,4.9420845 52.3109978,4.9418151 52.3112971,4.9413990 52.3111532,4.9410926 52.3110737,4.9409370 52.3112472,4.9407373 52.3111872,4.9402325 52.3110149,4.9398169 52.3114682,4.9406321 52.3117013,4.9412471 52.3118505,4.9408516 52.3121735,4.9406582 52.3120872,4.9404056 52.3122966,4.9404603 52.3123242,4.9405030 52.3123523,4.9405140 52.3123765,4.9404987 52.3124146,4.9404559 52.3124380,4.9404089 52.3124540,4.9403714 52.3124619,4.9402334 52.3125883,4.9403367 52.3126240,4.9404123 52.3127506,4.9394360 52.3126752,4.9394903 52.3129803,4.9395439 52.3132851,4.9391821 52.3136601,4.9395646 52.3137929,4.9394137 52.3139599,4.9386631 52.3137044,4.9382591 52.3141470,4.9389818 52.3143943,4.9388690 52.3145167,4.9379258 52.3141933,4.9373000 52.3140070,4.9360055 52.3135648,4.9348184 52.3131662,4.9342186 52.3138440,4.9387342 52.3153665,4.9387424 52.3156306,4.9386562 52.3157935,4.9381235 52.3163721,4.9380446 52.3164998,4.9398347 52.3171136,4.9401274 52.3172848,4.9404507 52.3174415,4.9407827 52.3172995,4.9408204 52.3173015,4.9408623 52.3172817,4.9408670 52.3172831,4.9409321 52.3172526,4.9411688 52.3171426,4.9412434 52.3171106,4.9412409 52.3171085,4.9412975 52.3170806,4.9412915 52.3170772,4.9416187 52.3169106,4.9418001 52.3168112,4.9419701 52.3167069,4.9420215 52.3166774,4.9420716 52.3166455,4.9421743 52.3165792,4.9423732 52.3164474,4.9425525 52.3163107,4.9426416 52.3162399,4.9427313 52.3161695,4.9429561 52.3159713,4.9430420 52.3158868,4.9431239 52.3158023,4.9432064 52.3157161,4.9432822 52.3156300,4.9434687 52.3154149,4.9436673 52.3152030,4.9437187 52.3151275,4.9437326 52.3151130,4.9439113 52.3149343,4.9441042 52.3147339,4.9443696 52.3144697,4.9445298 52.3143130,4.9446283 52.3142047,4.9450868 52.3136883,4.9469530 52.3138430,4.9518492 52.3154673,4.9508421 52.3165473,4.9515941 52.3168067,4.9526077 52.3165521,4.9527569 52.3166016,4.9530501 52.3164887,4.9534867 52.3160109,4.9579010 52.3174410,4.9590460 52.3163510,4.9571560 52.3157460,4.9576330 52.3151140,4.9585650 52.3148810,4.9593620 52.3140260,4.9577470 52.3135020))";"POLYGON((52.3135020 4.9577470,52.3139640 4.9573510,52.3103560 4.9471660,52.3116344 4.9460024,52.3113146 4.9450702,52.3113932 4.9450011,52.3113213 4.9447970,52.3111519 4.9449532,52.3111216 4.9448773,52.3111863 4.9448049,52.3113932 4.9446129,52.3110138 4.9435138,52.3107346 4.9426949,52.3102921 4.9431013,52.3101830 4.9431991,52.3093279 4.9440185,52.3092210 4.9437181,52.3091275 4.9434002,52.3096851 4.9429040,52.3098237 4.9427806,52.3105770 4.9421757,52.3107452 4.9420248,52.3109221 4.9418558,52.3109978 4.9420845,52.3112971 4.9418151,52.3111532 4.9413990,52.3110737 4.9410926,52.3112472 4.9409370,52.3111872 4.9407373,52.3110149 4.9402325,52.3114682 4.9398169,52.3117013 4.9406321,52.3118505 4.9412471,52.3121735 4.9408516,52.3120872 4.9406582,52.3122966 4.9404056,52.3123242 4.9404603,52.3123523 4.9405030,52.3123765 4.9405140,52.3124146 4.9404987,52.3124380 4.9404559,52.3124540 4.9404089,52.3124619 4.9403714,52.3125883 4.9402334,52.3126240 4.9403367,52.3127506 4.9404123,52.3126752 4.9394360,52.3129803 4.9394903,52.3132851 4.9395439,52.3136601 4.9391821,52.3137929 4.9395646,52.3139599 4.9394137,52.3137044 4.9386631,52.3141470 4.9382591,52.3143943 4.9389818,52.3145167 4.9388690,52.3141933 4.9379258,52.3140070 4.9373000,52.3135648 4.9360055,52.3131662 4.9348184,52.3138440 4.9342186,52.3153665 4.9387342,52.3156306 4.9387424,52.3157935 4.9386562,52.3163721 4.9381235,52.3164998 4.9380446,52.3171136 4.9398347,52.3172848 4.9401274,52.3174415 4.9404507,52.3172995 4.9407827,52.3173015 4.9408204,52.3172817 4.9408623,52.3172831 4.9408670,52.3172526 4.9409321,52.3171426 4.9411688,52.3171106 4.9412434,52.3171085 4.9412409,52.3170806 4.9412975,52.3170772 4.9412915,52.3169106 4.9416187,52.3168112 4.9418001,52.3167069 4.9419701,52.3166774 4.9420215,52.3166455 4.9420716,52.3165792 4.9421743,52.3164474 4.9423732,52.3163107 4.9425525,52.3162399 4.9426416,52.3161695 4.9427313,52.3159713 4.9429561,52.3158868 4.9430420,52.3158023 4.9431239,52.3157161 4.9432064,52.3156300 4.9432822,52.3154149 4.9434687,52.3152030 4.9436673,52.3151275 4.9437187,52.3151130 4.9437326,52.3149343 4.9439113,52.3147339 4.9441042,52.3144697 4.9443696,52.3143130 4.9445298,52.3142047 4.9446283,52.3136883 4.9450868,52.3138430 4.9469530,52.3154673 4.9518492,52.3165473 4.9508421,52.3168067 4.9515941,52.3165521 4.9526077,52.3166016 4.9527569,52.3164887 4.9530501,52.3160109 4.9534867,52.3174410 4.9579010,52.3163510 4.9590460,52.3157460 4.9571560,52.3151140 4.9576330,52.3148810 4.9585650,52.3140260 4.9593620,52.3135020 4.9577470))";4.9467953;52.3132775;
14;"Ganzenpoort";"POLYGON((4.973201 52.323620,4.969952 52.322509,4.970730 52.321618,4.974033 52.322738))";"POLYGON((52.323620 4.973201,52.322509 4.969952,52.321618 4.970730,52.322738 4.974033))";4.9719975;52.32261145;
15;"Holendrecht";"POLYGON((4.967283 52.299535,4.966026 52.300906,4.965065 52.300586,4.964901 52.300528,4.964963 52.30045,4.964935 52.300437,4.964953 52.30042,4.964909 52.300405,4.964874 52.300398,4.964866 52.300407,4.964822 52.300395,4.964821 52.300401,4.964732 52.300368,4.964744 52.300346,4.964691 52.300332,4.96469 52.300338,4.964654 52.300328,4.964649 52.300333,4.964613 52.300323,4.964604 52.300329,4.964516 52.3003,4.964534 52.300273,4.964484 52.30026,4.964481 52.300265,4.964447 52.300254,4.964441 52.300261,4.964398 52.300245,4.964391 52.300257,4.964323 52.300238,4.9643 52.300268,4.964259 52.300256,4.964241 52.30028,4.964199 52.300267,4.964216 52.300247,4.964185 52.300234,4.96418 52.300238,4.964145 52.300223,4.964135 52.300235,4.964096 52.300219,4.964084 52.300231,4.964018 52.300206,4.963924 52.300313,4.963893 52.300301,4.963843 52.300356,4.963877 52.300367,4.963925 52.30031,4.964147 52.300382,4.964188 52.300338,4.964237 52.300352,4.964244 52.30034,4.964866 52.300557,4.964774 52.300656,4.964735 52.300643,4.964502 52.300901,4.964539 52.300917,4.964447 52.301015,4.963823 52.300797,4.963836 52.300781,4.963792 52.300773,4.963828 52.300726,4.963186 52.300511,4.963178 52.300519,4.962975 52.300448,4.962902 52.300527,4.962883 52.300521,4.962606 52.300832,4.962581 52.300846,4.962548 52.300889,4.962567 52.300893,4.962553 52.300908,4.962466 52.30088,4.962425 52.300924,4.962127 52.300854,4.961937 52.300789,4.961914 52.300809,4.9617 52.300737,4.961734 52.300699,4.961717 52.300695,4.961781 52.300618,4.961574 52.300546,4.961583 52.300531,4.961136 52.300378,4.961341 52.300159,4.961647 52.30026,4.961696 52.300199,4.962281 52.300101,4.962385 52.30013,4.962544 52.299949,4.96252 52.299893,4.962615 52.299872,4.962619 52.299864,4.962578 52.299781,4.962571 52.299773,4.96254 52.299773,4.962495 52.299779,4.962404 52.29959,4.962405 52.299577,4.962413 52.299559,4.962487 52.299482,4.962583 52.299514,4.96272 52.299356,4.962372 52.299235,4.962337 52.299272,4.96226 52.299253,4.962192 52.299331,4.962164 52.299322,4.962141 52.299347,4.96205 52.299361,4.962068 52.299389,4.961986 52.299403,4.96196 52.299365,4.96192 52.299371,4.961899 52.299334,4.961867 52.299325,4.961749 52.299452,4.961482 52.299491,4.961274 52.299027,4.961026 52.29894,4.961055 52.298905,4.960957 52.298876,4.960927 52.298905,4.960834 52.298878,4.960041 52.298629,4.960229 52.298427,4.960231 52.298407,4.960545 52.298063,4.96089 52.297722,4.960929 52.297696,4.960999 52.297675,4.961214 52.297452,4.9613 52.297481,4.961498 52.29726,4.961582 52.297286,4.96162 52.297283,4.961654 52.297269,4.961754 52.297171,4.962045 52.297275,4.961801 52.297511,4.961967 52.297572,4.962176 52.297343,4.962926 52.297624,4.962995 52.297647,4.963009 52.297631,4.963106 52.297661,4.963032 52.297747,4.96313 52.297782,4.963115 52.297796,4.963177 52.297817,4.963192 52.297801,4.963331 52.297848,4.96332 52.297864,4.963379 52.297885,4.96339 52.297871,4.963532 52.29792,4.963517 52.297932,4.963585 52.297957,4.963605 52.297941,4.963768 52.297998,4.963757 52.298014,4.963819 52.298034,4.96383 52.298024,4.963909 52.298049,4.963965 52.297986,4.963989 52.297967,4.964171 52.298022,4.964208 52.297983,4.964234 52.297988,4.964266 52.297946,4.964247 52.297941,4.964343 52.297839,4.964369 52.297845,4.964401 52.297804,4.964381 52.297797,4.964458 52.297718,4.964478 52.297723,4.964513 52.297682,4.964491 52.297674,4.964556 52.297597,4.964699 52.297643,4.964738 52.297697,4.964758 52.297733,4.965001 52.297807,4.965025 52.297808,4.965052 52.297807,4.965209 52.297776,4.965237 52.297775,4.965262 52.297784,4.965553 52.297877,4.965475 52.297964,4.965539 52.297988,4.965528 52.298005,4.965595 52.298027,4.965605 52.298015,4.965776 52.29807,4.965765 52.298086,4.965829 52.29811,4.965842 52.298097,4.965978 52.29814,4.965968 52.298155,4.966032 52.298179,4.966043 52.298165,4.966183 52.298212,4.966169 52.298226,4.966232 52.298246,4.966248 52.298233,4.966349 52.298267,4.966424 52.298184,4.966522 52.298216,4.966511 52.298236,4.966575 52.298259,4.966591 52.298241,4.966719 52.298289,4.966706 52.298302,4.966774 52.298324,4.966789 52.298312,4.966965 52.29837,4.966948 52.298386,4.967007 52.298402,4.967023 52.29839,4.967079 52.298409,4.967096 52.29845,4.967079 52.298467,4.967054 52.29846,4.967027 52.298498,4.967046 52.298509,4.966972 52.298589,4.966945 52.298581,4.966919 52.298621,4.966936 52.298626,4.966863 52.29871,4.966831 52.298705,4.9668 52.298746,4.966817 52.298752,4.966746 52.298836,4.966721 52.298828,4.966693 52.298859,4.966706 52.29888,4.966668 52.298915,4.966581 52.298888,4.966589 52.298871,4.966518 52.298851,4.966506 52.298863,4.966339 52.298803,4.966353 52.298787,4.966286 52.298767,4.966275 52.298779,4.966128 52.298729,4.966144 52.298718,4.966081 52.298696,4.966066 52.298709,4.966 52.29869,4.965923 52.298779,4.965983 52.2988,4.966561 52.299,4.966629 52.298934,4.966797 52.298988,4.967294 52.298454,4.967959 52.29868,4.967514 52.299185,4.967488 52.299221,4.96743 52.299313,4.967233 52.299521,4.967283 52.299535))";"POLYGON((52.299535 4.967283,52.300906 4.966026,52.300586 4.965065,52.300528 4.964901,52.30045 4.964963,52.300437 4.964935,52.30042 4.964953,52.300405 4.964909,52.300398 4.964874,52.300407 4.964866,52.300395 4.964822,52.300401 4.964821,52.300368 4.964732,52.300346 4.964744,52.300332 4.964691,52.300338 4.96469,52.300328 4.964654,52.300333 4.964649,52.300323 4.964613,52.300329 4.964604,52.3003 4.964516,52.300273 4.964534,52.30026 4.964484,52.300265 4.964481,52.300254 4.964447,52.300261 4.964441,52.300245 4.964398,52.300257 4.964391,52.300238 4.964323,52.300268 4.9643,52.300256 4.964259,52.30028 4.964241,52.300267 4.964199,52.300247 4.964216,52.300234 4.964185,52.300238 4.96418,52.300223 4.964145,52.300235 4.964135,52.300219 4.964096,52.300231 4.964084,52.300206 4.964018,52.300313 4.963924,52.300301 4.963893,52.300356 4.963843,52.300367 4.963877,52.30031 4.963925,52.300382 4.964147,52.300338 4.964188,52.300352 4.964237,52.30034 4.964244,52.300557 4.964866,52.300656 4.964774,52.300643 4.964735,52.300901 4.964502,52.300917 4.964539,52.301015 4.964447,52.300797 4.963823,52.300781 4.963836,52.300773 4.963792,52.300726 4.963828,52.300511 4.963186,52.300519 4.963178,52.300448 4.962975,52.300527 4.962902,52.300521 4.962883,52.300832 4.962606,52.300846 4.962581,52.300889 4.962548,52.300893 4.962567,52.300908 4.962553,52.30088 4.962466,52.300924 4.962425,52.300854 4.962127,52.300789 4.961937,52.300809 4.961914,52.300737 4.9617,52.300699 4.961734,52.300695 4.961717,52.300618 4.961781,52.300546 4.961574,52.300531 4.961583,52.300378 4.961136,52.300159 4.961341,52.30026 4.961647,52.300199 4.961696,52.300101 4.962281,52.30013 4.962385,52.299949 4.962544,52.299893 4.96252,52.299872 4.962615,52.299864 4.962619,52.299781 4.962578,52.299773 4.962571,52.299773 4.96254,52.299779 4.962495,52.29959 4.962404,52.299577 4.962405,52.299559 4.962413,52.299482 4.962487,52.299514 4.962583,52.299356 4.96272,52.299235 4.962372,52.299272 4.962337,52.299253 4.96226,52.299331 4.962192,52.299322 4.962164,52.299347 4.962141,52.299361 4.96205,52.299389 4.962068,52.299403 4.961986,52.299365 4.96196,52.299371 4.96192,52.299334 4.961899,52.299325 4.961867,52.299452 4.961749,52.299491 4.961482,52.299027 4.961274,52.29894 4.961026,52.298905 4.961055,52.298876 4.960957,52.298905 4.960927,52.298878 4.960834,52.298629 4.960041,52.298427 4.960229,52.298407 4.960231,52.298063 4.960545,52.297722 4.96089,52.297696 4.960929,52.297675 4.960999,52.297452 4.961214,52.297481 4.9613,52.29726 4.961498,52.297286 4.961582,52.297283 4.96162,52.297269 4.961654,52.297171 4.961754,52.297275 4.962045,52.297511 4.961801,52.297572 4.961967,52.297343 4.962176,52.297624 4.962926,52.297647 4.962995,52.297631 4.963009,52.297661 4.963106,52.297747 4.963032,52.297782 4.96313,52.297796 4.963115,52.297817 4.963177,52.297801 4.963192,52.297848 4.963331,52.297864 4.96332,52.297885 4.963379,52.297871 4.96339,52.29792 4.963532,52.297932 4.963517,52.297957 4.963585,52.297941 4.963605,52.297998 4.963768,52.298014 4.963757,52.298034 4.963819,52.298024 4.96383,52.298049 4.963909,52.297986 4.963965,52.297967 4.963989,52.298022 4.964171,52.297983 4.964208,52.297988 4.964234,52.297946 4.964266,52.297941 4.964247,52.297839 4.964343,52.297845 4.964369,52.297804 4.964401,52.297797 4.964381,52.297718 4.964458,52.297723 4.964478,52.297682 4.964513,52.297674 4.964491,52.297597 4.964556,52.297643 4.964699,52.297697 4.964738,52.297733 4.964758,52.297807 4.965001,52.297808 4.965025,52.297807 4.965052,52.297776 4.965209,52.297775 4.965237,52.297784 4.965262,52.297877 4.965553,52.297964 4.965475,52.297988 4.965539,52.298005 4.965528,52.298027 4.965595,52.298015 4.965605,52.29807 4.965776,52.298086 4.965765,52.29811 4.965829,52.298097 4.965842,52.29814 4.965978,52.298155 4.965968,52.298179 4.966032,52.298165 4.966043,52.298212 4.966183,52.298226 4.966169,52.298246 4.966232,52.298233 4.966248,52.298267 4.966349,52.298184 4.966424,52.298216 4.966522,52.298236 4.966511,52.298259 4.966575,52.298241 4.966591,52.298289 4.966719,52.298302 4.966706,52.298324 4.966774,52.298312 4.966789,52.29837 4.966965,52.298386 4.966948,52.298402 4.967007,52.29839 4.967023,52.298409 4.967079,52.29845 4.967096,52.298467 4.967079,52.29846 4.967054,52.298498 4.967027,52.298509 4.967046,52.298589 4.966972,52.298581 4.966945,52.298621 4.966919,52.298626 4.966936,52.29871 4.966863,52.298705 4.966831,52.298746 4.9668,52.298752 4.966817,52.298836 4.966746,52.298828 4.966721,52.298859 4.966693,52.29888 4.966706,52.298915 4.966668,52.298888 4.966581,52.298871 4.966589,52.298851 4.966518,52.298863 4.966506,52.298803 4.966339,52.298787 4.966353,52.298767 4.966286,52.298779 4.966275,52.298729 4.966128,52.298718 4.966144,52.298696 4.966081,52.298709 4.966066,52.29869 4.966,52.298779 4.965923,52.2988 4.965983,52.299 4.966561,52.298934 4.966629,52.298988 4.966797,52.298454 4.967294,52.29868 4.967959,52.299185 4.967514,52.299221 4.967488,52.299313 4.96743,52.299521 4.967233,52.299535 4.967283))";4.96400495;52.2990862;
16;"Rembrandtplein / Thorbeckeplein";"POLYGON((4.8984410 52.3659270,4.9007390 52.3660070,4.9007620 52.3661820,4.9007260 52.3664470,4.9004900 52.3664210,4.9002420 52.3666000,4.8990680 52.3670060,4.8971350 52.3671780,4.8962030 52.3671490,4.8944280 52.3671870,4.8940340 52.3672310,4.8938114 52.3674197,4.8937390 52.3674790,4.8930060 52.3669910,4.8928630 52.3669250,4.8924453 52.3669274,4.8920062 52.3669429,4.8913854 52.3669919,4.8908197 52.3670637,4.8902998 52.3671370,4.8898615 52.3672370,4.8896993 52.3671291,4.8894770 52.3670540,4.8889610 52.3668100,4.8899760 52.3662950,4.8927894 52.3659433,4.8924353 52.3648234,4.8958631 52.3644078,4.8987743 52.3649367,4.8984410 52.3659270))";"POLYGON((52.3659270 4.8984410,52.3660070 4.9007390,52.3661820 4.9007620,52.3664470 4.9007260,52.3664210 4.9004900,52.3666000 4.9002420,52.3670060 4.8990680,52.3671780 4.8971350,52.3671490 4.8962030,52.3671870 4.8944280,52.3672310 4.8940340,52.3674197 4.8938114,52.3674790 4.8937390,52.3669910 4.8930060,52.3669250 4.8928630,52.3669274 4.8924453,52.3669429 4.8920062,52.3669919 4.8913854,52.3670637 4.8908197,52.3671370 4.8902998,52.3672370 4.8898615,52.3671291 4.8896993,52.3670540 4.8894770,52.3668100 4.8889610,52.3662950 4.8899760,52.3659433 4.8927894,52.3648234 4.8924353,52.3644078 4.8958631,52.3649367 4.8987743,52.3659270 4.8984410))";4.8948665;52.3659364;
17;"Buiksloterweg";"POLYGON((4.906142 52.383778,4.906506 52.383492,4.903321 52.382021,4.901328 52.383724,4.900245 52.383791,4.900196 52.383823,4.899957 52.384243,4.901879 52.384164,4.903565 52.382796,4.904023 52.382784,4.906142 52.383778))";"POLYGON((52.383778 4.906142,52.383492 4.906506,52.382021 4.903321,52.383724 4.901328,52.383791 4.900245,52.383823 4.900196,52.384243 4.899957,52.384164 4.901879,52.382796 4.903565,52.382784 4.904023,52.383778 4.906142))";4.90323665;52.38312595;
18;"Buikslotermeerplein";"POLYGON((4.9328400 52.3991686,4.9323419 52.3994081,4.9321137 52.3999071,4.9326812 52.4003509,4.9317822 52.4007633,4.9297126 52.4017272,4.9298580 52.4022026,4.9299254 52.4024558,4.9299569 52.4026472,4.9302275 52.4034858,4.9308242 52.4033340,4.9314900 52.4030830,4.9321075 52.4029531,4.9342038 52.4018433,4.9347416 52.4015867,4.9349280 52.4014593,4.9355423 52.4011457,4.9364114 52.4007442,4.9375462 52.4002771,4.9386098 52.3998549,4.9383553 52.3996211,4.9382246 52.3995003,4.9388809 52.3992354,4.9388895 52.3992409,4.9390055 52.3991972,4.9390653 52.3992495,4.9391501 52.3992172,4.9391626 52.3992265,4.9392588 52.3991876,4.9394403 52.3993607,4.9395593 52.3994816,4.9398995 52.3993366,4.9396685 52.3991140,4.9398954 52.3990214,4.9399967 52.3989899,4.9414881 52.3983999,4.9418613 52.3982510,4.9420929 52.3981598,4.9418926 52.3979704,4.9416198 52.3977220,4.9414343 52.3975776,4.9410433 52.3972135,4.9410469 52.3961702,4.9396111 52.3967278,4.9393035 52.3968519,4.9391616 52.3967167,4.9389097 52.3968155,4.9366145 52.3977325,4.9359343 52.3980233,4.9356252 52.3981452,4.9354751 52.3979999,4.9352258 52.3981050,4.9335977 52.3987566))";"POLYGON((52.3991686 4.9328400,52.3994081 4.9323419,52.3999071 4.9321137,52.4003509 4.9326812,52.4007633 4.9317822,52.4017272 4.9297126,52.4022026 4.9298580,52.4024558 4.9299254,52.4026472 4.9299569,52.4034858 4.9302275,52.4033340 4.9308242,52.4030830 4.9314900,52.4029531 4.9321075,52.4018433 4.9342038,52.4015867 4.9347416,52.4014593 4.9349280,52.4011457 4.9355423,52.4007442 4.9364114,52.4002771 4.9375462,52.3998549 4.9386098,52.3996211 4.9383553,52.3995003 4.9382246,52.3992354 4.9388809,52.3992409 4.9388895,52.3991972 4.9390055,52.3992495 4.9390653,52.3992172 4.9391501,52.3992265 4.9391626,52.3991876 4.9392588,52.3993607 4.9394403,52.3994816 4.9395593,52.3993366 4.9398995,52.3991140 4.9396685,52.3990214 4.9398954,52.3989899 4.9399967,52.3983999 4.9414881,52.3982510 4.9418613,52.3981598 4.9420929,52.3979704 4.9418926,52.3977220 4.9416198,52.3975776 4.9414343,52.3972135 4.9410433,52.3961702 4.9410469,52.3967278 4.9396111,52.3968519 4.9393035,52.3967167 4.9391616,52.3968155 4.9389097,52.3977325 4.9366145,52.3980233 4.9359343,52.3981452 4.9356252,52.3979999 4.9354751,52.3981050 4.9352258,52.3987566 4.9335977))";4.93590775;52.399821;
21;"Lambertus Zijlplein";"POLYGON((4.797847 52.377161,4.79882 52.377171,4.80056 52.377228,4.800576 52.377084,4.800601 52.377005,4.800647 52.37695,4.801862 52.376969,4.806025 52.376531,4.806351 52.376533,4.806441 52.376825,4.808681 52.376621,4.809407 52.379383,4.809335 52.380382,4.79786 52.380211,4.797955 52.377684,4.797847 52.377161))";"POLYGON((52.377161 4.797847,52.377171 4.79882,52.377228 4.80056,52.377084 4.800576,52.377005 4.800601,52.37695 4.800647,52.376969 4.801862,52.376531 4.806025,52.376533 4.806351,52.376825 4.806441,52.376621 4.808681,52.379383 4.809407,52.380382 4.809335,52.380211 4.79786,52.377684 4.797955,52.377161 4.797847))";4.803632;52.3784491;
26;"De Pijp";"POLYGON((4.886879 52.352078,4.891043 52.352634,4.891247 52.352017,4.891219 52.351466,4.891305 52.351111,4.890626 52.350769,4.890519 52.350763,4.890656 52.350499,4.890777 52.350561,4.891306 52.350537,4.891303 52.350490,4.891366 52.350489,4.891356 52.350400,4.891796 52.350373,4.891803 52.350427,4.891931 52.350494,4.892132 52.350484,4.892126 52.350671,4.892003 52.350677,4.891988 52.350712,4.891996 52.350751,4.891956 52.350756,4.891871 52.350799,4.891767 52.351005,4.891913 52.351086,4.891546 52.351342,4.891562 52.351374,4.891641 52.351385,4.891506 52.351504,4.891537 52.352054,4.891323 52.352678,4.891226 52.352945,4.890840 52.354004,4.890507 52.354747,4.890485 52.354900,4.890546 52.354911,4.890486 52.355086,4.890545 52.355389,4.895536 52.356419,4.892749 52.356586,4.892977 52.358082,4.891110 52.358188,4.890596 52.358241,4.889995 52.358404,4.889843 52.358454,4.889640 52.358206,4.889929 52.358118,4.890350 52.358023,4.890731 52.357964,4.890332 52.355469,4.889917 52.355384,4.890093 52.355020,4.888314 52.354663,4.887183 52.354729,4.887170 52.354543,4.888338 52.354482,4.890173 52.354844,4.890342 52.354459,4.890946 52.352895,4.886891 52.352352,4.886879 52.352078))";"POLYGON((52.352078 4.886879,52.352634 4.891043,52.352017 4.891247,52.351466 4.891219,52.351111 4.891305,52.350769 4.890626,52.350763 4.890519,52.350499 4.890656,52.350561 4.890777,52.350537 4.891306,52.350490 4.891303,52.350489 4.891366,52.350400 4.891356,52.350373 4.891796,52.350427 4.891803,52.350494 4.891931,52.350484 4.892132,52.350671 4.892126,52.350677 4.892003,52.350712 4.891988,52.350751 4.891996,52.350756 4.891956,52.350799 4.891871,52.351005 4.891767,52.351086 4.891913,52.351342 4.891546,52.351374 4.891562,52.351385 4.891641,52.351504 4.891506,52.352054 4.891537,52.352678 4.891323,52.352945 4.891226,52.354004 4.890840,52.354747 4.890507,52.354900 4.890485,52.354911 4.890546,52.355086 4.890486,52.355389 4.890545,52.356419 4.895536,52.356586 4.892749,52.358082 4.892977,52.358188 4.891110,52.358241 4.890596,52.358404 4.889995,52.358454 4.889843,52.358206 4.889640,52.358118 4.889929,52.358023 4.890350,52.357964 4.890731,52.355469 4.890332,52.355384 4.889917,52.355020 4.890093,52.354663 4.888314,52.354729 4.887183,52.354543 4.887170,52.354482 4.888338,52.354844 4.890173,52.354459 4.890342,52.352895 4.890946,52.352352 4.886891,52.352078 4.886879))";4.89121245;52.354407;
37;"Banne";"POLYGON((4.9155683 52.4063838,4.9157582 52.4062872,4.9167100 52.4071200,4.9169960 52.4070170,4.9171131 52.4071062,4.9169646 52.4071740,4.9171045 52.4072889,4.9171200 52.4072816,4.9172520 52.4073870,4.9172510 52.4073890,4.9183130 52.4083330,4.9153511 52.4096627,4.9147821 52.4091776,4.9146121 52.4090341,4.9147465 52.4089711,4.9143862 52.4086715,4.9143288 52.4086972,4.9141326 52.4085315,4.9137388 52.4082056,4.9137022 52.4081749,4.9133086 52.4078489,4.9130383 52.4076729,4.9127935 52.4074687,4.9126130 52.4072725,4.9130421 52.4070163,4.9134219 52.4073302,4.9136910 52.4075532,4.9140818 52.4078757,4.9141967 52.4080315,4.9143066 52.4081205,4.9149733 52.4078217,4.9152472 52.4076869,4.9155342 52.4079241,4.9156831 52.4078562,4.9156442 52.4078221,4.9158929 52.4077166,4.9162426 52.4075570,4.9167680 52.4073213,4.9166556 52.4072293))";"POLYGON((52.4063838 4.9155683,52.4062872 4.9157582,52.4071200 4.9167100,52.4070170 4.9169960,52.4071062 4.9171131,52.4071740 4.9169646,52.4072889 4.9171045,52.4072816 4.9171200,52.4073870 4.9172520,52.4073890 4.9172510,52.4083330 4.9183130,52.4096627 4.9153511,52.4091776 4.9147821,52.4090341 4.9146121,52.4089711 4.9147465,52.4086715 4.9143862,52.4086972 4.9143288,52.4085315 4.9141326,52.4082056 4.9137388,52.4081749 4.9137022,52.4078489 4.9133086,52.4076729 4.9130383,52.4074687 4.9127935,52.4072725 4.9126130,52.4070163 4.9130421,52.4073302 4.9134219,52.4075532 4.9136910,52.4078757 4.9140818,52.4080315 4.9141967,52.4081205 4.9143066,52.4078217 4.9149733,52.4076869 4.9152472,52.4079241 4.9155342,52.4078562 4.9156831,52.4078221 4.9156442,52.4077166 4.9158929,52.4075570 4.9162426,52.4073213 4.9167680,52.4072293 4.9166556))";4.915468;52.40796795;
43;"Spui e.o.";"POLYGON((4.8891590 52.3688960,4.8891650 52.3690310,4.8894410 52.3690260,4.8894480 52.3689420,4.8894460 52.3689040,4.8897413 52.3689352,4.8898215 52.3689545,4.8898950 52.3689705,4.8903507 52.3691079,4.8903661 52.3693068,4.8903953 52.3694127,4.8905333 52.3700798,4.8912191 52.3701456,4.8908479 52.3692432,4.8908233 52.3689892,4.8909007 52.3688086,4.8910234 52.3685915,4.8911515 52.3683743,4.8913050 52.3681645,4.8914719 52.3679596,4.8915242 52.3679060,4.8921159 52.3675332,4.8927693 52.3671881,4.8930060 52.3669910,4.8928630 52.3669250,4.8924453 52.3669274,4.8920062 52.3669429,4.8913854 52.3669919,4.8908197 52.3670637,4.8902998 52.3671370,4.8898615 52.3672370,4.8896993 52.3671291,4.8894770 52.3670570,4.8890640 52.3673070,4.8879053 52.3681589,4.8884970 52.3683560,4.8886270 52.3684230,4.8886750 52.3684400,4.8886990 52.3684180,4.8888040 52.3684560,4.8887820 52.3684800,4.8888300 52.3684980,4.8888230 52.3685040,4.8888850 52.3685290,4.8886970 52.3687340,4.8886890 52.3687430,4.8886200 52.3688200,4.8886020 52.3688540,4.8886010 52.3688870,4.8888830 52.3688860,4.8891470 52.3688880,4.8891550 52.3688920))";"POLYGON((52.3688960 4.8891590,52.3690310 4.8891650,52.3690260 4.8894410,52.3689420 4.8894480,52.3689040 4.8894460,52.3689352 4.8897413,52.3689545 4.8898215,52.3689705 4.8898950,52.3691079 4.8903507,52.3693068 4.8903661,52.3694127 4.8903953,52.3700798 4.8905333,52.3701456 4.8912191,52.3692432 4.8908479,52.3689892 4.8908233,52.3688086 4.8909007,52.3685915 4.8910234,52.3683743 4.8911515,52.3681645 4.8913050,52.3679596 4.8914719,52.3679060 4.8915242,52.3675332 4.8921159,52.3671881 4.8927693,52.3669910 4.8930060,52.3669250 4.8928630,52.3669274 4.8924453,52.3669429 4.8920062,52.3669919 4.8913854,52.3670637 4.8908197,52.3671370 4.8902998,52.3672370 4.8898615,52.3671291 4.8896993,52.3670570 4.8894770,52.3673070 4.8890640,52.3681589 4.8879053,52.3683560 4.8884970,52.3684230 4.8886270,52.3684400 4.8886750,52.3684180 4.8886990,52.3684560 4.8888040,52.3684800 4.8887820,52.3684980 4.8888300,52.3685040 4.8888230,52.3685290 4.8888850,52.3687340 4.8886970,52.3687430 4.8886890,52.3688200 4.8886200,52.3688540 4.8886020,52.3688870 4.8886010,52.3688860 4.8888830,52.3688880 4.8891470,52.3688920 4.8891550))";4.89046065;52.3685283;
45;"Jan Evertsenstraat en Mercatorplein";"POLYGON((4.8592240 52.3714661))";"POLYGON((52.3714661 4.8592240))";4.8592288;52.3714606;
47;"Van Woustraat";"POLYGON((4.9031317 52.3521874))";"POLYGON((52.3521874 4.9031317))";4.903137;52.3521811;
48;"Van Woustraat";"POLYGON((4.9031679 52.3522619,4.9031391 52.3522717,4.9030205 52.3526287,4.9030357 52.3526458,4.9030010 52.3527600,4.9029877 52.3527604,4.9029797 52.3527624,4.9029745 52.3527680,4.9027963 52.3530958,4.9028064 52.3531102,4.9027268 52.3532035,4.9025695 52.3534519,4.9024745 52.3535367,4.9024481 52.3535431,4.9022068 52.3538462,4.9022171 52.3538644,4.9021279 52.3539573,4.9020956 52.3539638,4.9018623 52.3542516,4.9018721 52.3542697,4.9017646 52.3543858,4.9017467 52.3543894,4.9014738 52.3547351,4.9014785 52.3547366,4.9014832 52.3547435,4.9014811 52.3547461,4.9012944 52.3549902,4.9012662 52.3549959,4.9008959 52.3554613,4.9009048 52.3554751,4.9008223 52.3555983,4.9007854 52.3556059,4.9004146 52.3560736,4.9004226 52.3560892,4.9003263 52.3562084,4.9003033 52.3562128,4.8999162 52.3567045,4.8999000 52.3567968,4.8998765 52.3568025,4.8997488 52.3570866,4.8996763 52.3573117,4.8996468 52.3573209,4.8994637 52.3577313,4.8995839 52.3580339,4.8990061 52.3579212,4.8991935 52.3576611,4.8992425 52.3575580,4.8992158 52.3575526,4.8992308 52.3575232,4.8992649 52.3575137,4.8992821 52.3574668,4.8993886 52.3572236,4.8994462 52.3570441,4.8994715 52.3570368,4.8996102 52.3567264,4.8996007 52.3567103,4.8996372 52.3566227,4.8996612 52.3566175,4.9000403 52.3561364,4.9000321 52.3561345,4.9000271 52.3561279,4.9000312 52.3561227,4.9001252 52.3560018,4.9001524 52.3559963,4.9005212 52.3555303,4.9005151 52.3555277,4.9005023 52.3555038,4.9005054 52.3555005,4.9006122 52.3553853,4.9006382 52.3553791,4.9010072 52.3549170,4.9009949 52.3548976,4.9011869 52.3546579,4.9012176 52.3546545,4.9013316 52.3545071,4.9013262 52.3545056,4.9014643 52.3543290,4.9014702 52.3543308,4.9015055 52.3542845,4.9014998 52.3542732,4.9015821 52.3541718,4.9016062 52.3541662,4.9018383 52.3538841,4.9018284 52.3538690,4.9019461 52.3537848,4.9019682 52.3537803,4.9021984 52.3534863,4.9021907 52.3534774,4.9022733 52.3533905,4.9023004 52.3533824,4.9023480 52.3532961,4.9023514 52.3532970,4.9023783 52.3532496,4.9023826 52.3532499,4.9024098 52.3532021,4.9024092 52.3532024,4.9024349 52.3531613,4.9024193 52.3531462,4.9024922 52.3530486,4.9025201 52.3530402,4.9026798 52.3527440,4.9026604 52.3527231,4.9027114 52.3525919,4.9027397 52.3525810,4.9028553 52.3522308,4.9028377 52.3522137,4.9028199 52.3520745,4.9028434 52.3520657,4.9032672 52.3521278,4.9032839 52.3521437,4.9033758 52.3523471))";"POLYGON((52.3522619 4.9031679,52.3522717 4.9031391,52.3526287 4.9030205,52.3526458 4.9030357,52.3527600 4.9030010,52.3527604 4.9029877,52.3527624 4.9029797,52.3527680 4.9029745,52.3530958 4.9027963,52.3531102 4.9028064,52.3532035 4.9027268,52.3534519 4.9025695,52.3535367 4.9024745,52.3535431 4.9024481,52.3538462 4.9022068,52.3538644 4.9022171,52.3539573 4.9021279,52.3539638 4.9020956,52.3542516 4.9018623,52.3542697 4.9018721,52.3543858 4.9017646,52.3543894 4.9017467,52.3547351 4.9014738,52.3547366 4.9014785,52.3547435 4.9014832,52.3547461 4.9014811,52.3549902 4.9012944,52.3549959 4.9012662,52.3554613 4.9008959,52.3554751 4.9009048,52.3555983 4.9008223,52.3556059 4.9007854,52.3560736 4.9004146,52.3560892 4.9004226,52.3562084 4.9003263,52.3562128 4.9003033,52.3567045 4.8999162,52.3567968 4.8999000,52.3568025 4.8998765,52.3570866 4.8997488,52.3573117 4.8996763,52.3573209 4.8996468,52.3577313 4.8994637,52.3580339 4.8995839,52.3579212 4.8990061,52.3576611 4.8991935,52.3575580 4.8992425,52.3575526 4.8992158,52.3575232 4.8992308,52.3575137 4.8992649,52.3574668 4.8992821,52.3572236 4.8993886,52.3570441 4.8994462,52.3570368 4.8994715,52.3567264 4.8996102,52.3567103 4.8996007,52.3566227 4.8996372,52.3566175 4.8996612,52.3561364 4.9000403,52.3561345 4.9000321,52.3561279 4.9000271,52.3561227 4.9000312,52.3560018 4.9001252,52.3559963 4.9001524,52.3555303 4.9005212,52.3555277 4.9005151,52.3555038 4.9005023,52.3555005 4.9005054,52.3553853 4.9006122,52.3553791 4.9006382,52.3549170 4.9010072,52.3548976 4.9009949,52.3546579 4.9011869,52.3546545 4.9012176,52.3545071 4.9013316,52.3545056 4.9013262,52.3543290 4.9014643,52.3543308 4.9014702,52.3542845 4.9015055,52.3542732 4.9014998,52.3541718 4.9015821,52.3541662 4.9016062,52.3538841 4.9018383,52.3538690 4.9018284,52.3537848 4.9019461,52.3537803 4.9019682,52.3534863 4.9021984,52.3534774 4.9021907,52.3533905 4.9022733,52.3533824 4.9023004,52.3532961 4.9023480,52.3532970 4.9023514,52.3532496 4.9023783,52.3532499 4.9023826,52.3532021 4.9024098,52.3532024 4.9024092,52.3531613 4.9024349,52.3531462 4.9024193,52.3530486 4.9024922,52.3530402 4.9025201,52.3527440 4.9026798,52.3527231 4.9026604,52.3525919 4.9027114,52.3525810 4.9027397,52.3522308 4.9028553,52.3522137 4.9028377,52.3520745 4.9028199,52.3520657 4.9028434,52.3521278 4.9032672,52.3521437 4.9032839,52.3523471 4.9033758))";4.901196;52.3550421;
49;"Van Woustraat";"MULTIPOLYGON(((4.8991158 52.3577266)),((4.9028428 52.3520654,4.9028206 52.3520742,4.9028387 52.3522144,4.9028558 52.3522302,4.9027388 52.3525815,4.9027101 52.3525918,4.9026592 52.3527219,4.9026705 52.3527239,4.9026789 52.3527282,4.9026832 52.3527339,4.9026782 52.3527444,4.9025189 52.3530396,4.9024914 52.3530491,4.9024208 52.3531464,4.9024354 52.3531615,4.9024107 52.3532032,4.9024084 52.3532029,4.9023808 52.3532497,4.9023783 52.3532491,4.9023520 52.3532961,4.9023482 52.3532957,4.9023235 52.3533426,4.9022995 52.3533825,4.9022727 52.3533912,4.9022660 52.3534040,4.9022533 52.3534084,4.9021909 52.3534777,4.9021977 52.3534865,4.9020610 52.3536566,4.9020654 52.3536583,4.9019676 52.3537803,4.9019458 52.3537847,4.9018277 52.3538690,4.9018378 52.3538839,4.9016067 52.3541658,4.9015825 52.3541708,4.9014993 52.3542729,4.9015056 52.3542855,4.9014699 52.3543304,4.9014651 52.3543294,4.9013253 52.3545056,4.9013301 52.3545077,4.9012420 52.3546201,4.9012439 52.3546206,4.9012180 52.3546539,4.9011870 52.3546580,4.9009949 52.3548972,4.9010069 52.3549173,4.9006379 52.3553793,4.9006116 52.3553852,4.9005053 52.3555000,4.9005028 52.3555038,4.9005160 52.3555288,4.9005215 52.3555302,4.9001532 52.3559960,4.9001248 52.3560014,4.9000314 52.3561229,4.9000279 52.3561279,4.9000322 52.3561343,4.9000400 52.3561364,4.8996618 52.3566177,4.8996386 52.3566229,4.8996005 52.3567099,4.8996103 52.3567266,4.8994722 52.3570362,4.8993893 52.3572229,4.8993254 52.3573686,4.8992642 52.3575143,4.8992314 52.3575231,4.8991966 52.3575131,4.8991828 52.3575300,4.8992420 52.3575588,4.8991932 52.3576612,4.8990055 52.3579210,4.8995835 52.3580338,4.8994635 52.3577317,4.8996473 52.3573208,4.8996773 52.3573118,4.8997491 52.3570864,4.8998765 52.3568024,4.8998992 52.3567968,4.8999152 52.3567044,4.9001116 52.3564590,4.9003034 52.3562127,4.9003244 52.3562086,4.9004241 52.3560894,4.9004142 52.3560737,4.9007853 52.3556054,4.9008228 52.3555983,4.9009053 52.3554754,4.9008965 52.3554616,4.9012656 52.3549964,4.9012936 52.3549906,4.9014813 52.3547461,4.9014833 52.3547434,4.9014779 52.3547362,4.9014745 52.3547350,4.9017473 52.3543893,4.9017499 52.3543904,4.9017637 52.3543871,4.9017652 52.3543855,4.9018721 52.3542696,4.9018627 52.3542516,4.9019629 52.3541291,4.9020952 52.3539648,4.9021280 52.3539581,4.9022182 52.3538652,4.9022070 52.3538461,4.9024479 52.3535429,4.9024749 52.3535368,4.9025691 52.3534520,4.9027254 52.3532025,4.9028075 52.3531107,4.9027964 52.3530953,4.9029754 52.3527677,4.9029840 52.3527627,4.9029931 52.3527602,4.9030046 52.3527601,4.9030368 52.3526455,4.9030196 52.3526288,4.9031401 52.3522743,4.9031702 52.3522624,4.9032842 52.3521435,4.9032689 52.3521285)))";"MULTIPOLYGON(((52.3577266 4.8991158)),((52.3520654 4.9028428,52.3520742 4.9028206,52.3522144 4.9028387,52.3522302 4.9028558,52.3525815 4.9027388,52.3525918 4.9027101,52.3527219 4.9026592,52.3527239 4.9026705,52.3527282 4.9026789,52.3527339 4.9026832,52.3527444 4.9026782,52.3530396 4.9025189,52.3530491 4.9024914,52.3531464 4.9024208,52.3531615 4.9024354,52.3532032 4.9024107,52.3532029 4.9024084,52.3532497 4.9023808,52.3532491 4.9023783,52.3532961 4.9023520,52.3532957 4.9023482,52.3533426 4.9023235,52.3533825 4.9022995,52.3533912 4.9022727,52.3534040 4.9022660,52.3534084 4.9022533,52.3534777 4.9021909,52.3534865 4.9021977,52.3536566 4.9020610,52.3536583 4.9020654,52.3537803 4.9019676,52.3537847 4.9019458,52.3538690 4.9018277,52.3538839 4.9018378,52.3541658 4.9016067,52.3541708 4.9015825,52.3542729 4.9014993,52.3542855 4.9015056,52.3543304 4.9014699,52.3543294 4.9014651,52.3545056 4.9013253,52.3545077 4.9013301,52.3546201 4.9012420,52.3546206 4.9012439,52.3546539 4.9012180,52.3546580 4.9011870,52.3548972 4.9009949,52.3549173 4.9010069,52.3553793 4.9006379,52.3553852 4.9006116,52.3555000 4.9005053,52.3555038 4.9005028,52.3555288 4.9005160,52.3555302 4.9005215,52.3559960 4.9001532,52.3560014 4.9001248,52.3561229 4.9000314,52.3561279 4.9000279,52.3561343 4.9000322,52.3561364 4.9000400,52.3566177 4.8996618,52.3566229 4.8996386,52.3567099 4.8996005,52.3567266 4.8996103,52.3570362 4.8994722,52.3572229 4.8993893,52.3573686 4.8993254,52.3575143 4.8992642,52.3575231 4.8992314,52.3575131 4.8991966,52.3575300 4.8991828,52.3575588 4.8992420,52.3576612 4.8991932,52.3579210 4.8990055,52.3580338 4.8995835,52.3577317 4.8994635,52.3573208 4.8996473,52.3573118 4.8996773,52.3570864 4.8997491,52.3568024 4.8998765,52.3567968 4.8998992,52.3567044 4.8999152,52.3564590 4.9001116,52.3562127 4.9003034,52.3562086 4.9003244,52.3560894 4.9004241,52.3560737 4.9004142,52.3556054 4.9007853,52.3555983 4.9008228,52.3554754 4.9009053,52.3554616 4.9008965,52.3549964 4.9012656,52.3549906 4.9012936,52.3547461 4.9014813,52.3547434 4.9014833,52.3547362 4.9014779,52.3547350 4.9014745,52.3543893 4.9017473,52.3543904 4.9017499,52.3543871 4.9017637,52.3543855 4.9017652,52.3542696 4.9018721,52.3542516 4.9018627,52.3541291 4.9019629,52.3539648 4.9020952,52.3539581 4.9021280,52.3538652 4.9022182,52.3538461 4.9022070,52.3535429 4.9024479,52.3535368 4.9024749,52.3534520 4.9025691,52.3532025 4.9027254,52.3531107 4.9028075,52.3530953 4.9027964,52.3527677 4.9029754,52.3527627 4.9029840,52.3527602 4.9029931,52.3527601 4.9030046,52.3526455 4.9030368,52.3526288 4.9030196,52.3522743 4.9031401,52.3522624 4.9031702,52.3521435 4.9032842,52.3521285 4.9032689)))";4.90115;52.3550421;
50;"Gein";"POLYGON((4.9872431 52.2975258))";"POLYGON((52.2975258 4.9872431))";4.9872482;52.2975203;
52;"Jan Evertsenstraat en Mercatorplein";"POLYGON((4.8482215 52.3697728))";"POLYGON((52.3697728 4.8482215))";4.8482268;52.3697669;
53;"Jan Evertsenstraat en Mercatorplein";"POLYGON((4.8478893 52.3694783,4.8483779 52.3695629,4.8483755 52.3695659,4.8486157 52.3696100,4.8492229 52.3697150,4.8495118 52.3697653,4.8498140 52.3698171,4.8498106 52.3698289,4.8498461 52.3698350,4.8498444 52.3698409,4.8498573 52.3698437,4.8498563 52.3698465,4.8498757 52.3698499,4.8498773 52.3698459,4.8499351 52.3698560,4.8499338 52.3698600,4.8499472 52.3698622,4.8499486 52.3698584,4.8500063 52.3698682,4.8500046 52.3698718,4.8500249 52.3698753,4.8500260 52.3698725,4.8500490 52.3698769,4.8500538 52.3698813,4.8501004 52.3698653,4.8500965 52.3698611,4.8504651 52.3690605,4.8504678 52.3690608,4.8504694 52.3690560,4.8504687 52.3690553,4.8505539 52.3688699,4.8507896 52.3689115,4.8507896 52.3689124,4.8507956 52.3689133,4.8507958 52.3689125,4.8513988 52.3690165,4.8513993 52.3690206,4.8514052 52.3690197,4.8514089 52.3690136,4.8514006 52.3690118,4.8514374 52.3689283,4.8518665 52.3689993,4.8518494 52.3690376,4.8518841 52.3690441,4.8518600 52.3690961,4.8519716 52.3691155,4.8518968 52.3692682,4.8518076 52.3692524,4.8517839 52.3692605,4.8513937 52.3701060,4.8514078 52.3701205,4.8515152 52.3701393,4.8515273 52.3701139,4.8519635 52.3701878,4.8519627 52.3701893,4.8519710 52.3701907,4.8519725 52.3701862,4.8521525 52.3702163,4.8521514 52.3702194,4.8536286 52.3704753,4.8536460 52.3704696,4.8536979 52.3703576,4.8539173 52.3703952,4.8538688 52.3704999,4.8538861 52.3705202,4.8552785 52.3707578,4.8554934 52.3707959,4.8555228 52.3708008,4.8555214 52.3708035,4.8561161 52.3709064,4.8561276 52.3708807,4.8564941 52.3709694,4.8566917 52.3710028,4.8570176 52.3710578,4.8583902 52.3712524,4.8583834 52.3713139,4.8587377 52.3713581,4.8587566 52.3713507,4.8588507 52.3708423,4.8591353 52.3708726,4.8590597 52.3713030,4.8591239 52.3713561,4.8596895 52.3714226,4.8598153 52.3713643,4.8600633 52.3713493,4.8600807 52.3713606,4.8607695 52.3712299,4.8608705 52.3714363,4.8599644 52.3716125,4.8599633 52.3716180,4.8599090 52.3716290,4.8599121 52.3716371,4.8598560 52.3716478,4.8593500 52.3715778,4.8593344 52.3715636,4.8590688 52.3715335,4.8590684 52.3715342,4.8589807 52.3715237,4.8589809 52.3715235,4.8584523 52.3714625,4.8584385 52.3715063,4.8584219 52.3715044,4.8584150 52.3714929,4.8584072 52.3714924,4.8584116 52.3714719,4.8583130 52.3714589,4.8582767 52.3715134,4.8582270 52.3715062,4.8580699 52.3714844,4.8569360 52.3713236,4.8566111 52.3712721,4.8563820 52.3712350,4.8560797 52.3712039,4.8560651 52.3712018,4.8560647 52.3712030,4.8559767 52.3711877,4.8559817 52.3711765,4.8559906 52.3711778,4.8559974 52.3711628,4.8554315 52.3710650,4.8554336 52.3710610,4.8554115 52.3710578,4.8551992 52.3710316,4.8551938 52.3710309,4.8551955 52.3710264,4.8545758 52.3709181,4.8545707 52.3709152,4.8545645 52.3709137,4.8545597 52.3709143,4.8545547 52.3709145,4.8545505 52.3709161,4.8545469 52.3709186,4.8545411 52.3709288,4.8544670 52.3709162,4.8544684 52.3709122,4.8544659 52.3709087,4.8544629 52.3709069,4.8544579 52.3709060,4.8544529 52.3709055,4.8544490 52.3709069,4.8544459 52.3709095,4.8544437 52.3709125,4.8543698 52.3708993,4.8543734 52.3708892,4.8543732 52.3708861,4.8543693 52.3708816,4.8543631 52.3708794,4.8543580 52.3708787,4.8543531 52.3708781,4.8543487 52.3708795,4.8537971 52.3707849,4.8537944 52.3707905,4.8537744 52.3707867,4.8537721 52.3707909,4.8537472 52.3707867,4.8537432 52.3707957,4.8537317 52.3707941,4.8535131 52.3707555,4.8534626 52.3707465,4.8534716 52.3707275,4.8514114 52.3703726,4.8514153 52.3703625,4.8513808 52.3703562,4.8513884 52.3703408,4.8513109 52.3703272,4.8512882 52.3703348,4.8512446 52.3704282,4.8512119 52.3704226,4.8512021 52.3704440,4.8511617 52.3704370,4.8511385 52.3704881,4.8511297 52.3704866,4.8511276 52.3704911,4.8510428 52.3704766,4.8510443 52.3704718,4.8510371 52.3704705,4.8510604 52.3704194,4.8510178 52.3704124,4.8510265 52.3703954,4.8510277 52.3703954,4.8510294 52.3703909,4.8504000 52.3702819,4.8503983 52.3702782,4.8503902 52.3702789,4.8503915 52.3702810,4.8503901 52.3702846,4.8503986 52.3702864,4.8503489 52.3703756,4.8503425 52.3703742,4.8503118 52.3704329,4.8498940 52.3703595,4.8500023 52.3701518,4.8499640 52.3701434,4.8499700 52.3701297,4.8499792 52.3701271,4.8499532 52.3700978,4.8499442 52.3701010,4.8499220 52.3700967,4.8499233 52.3700940,4.8499031 52.3700905,4.8499009 52.3700942,4.8498441 52.3700841,4.8498453 52.3700806,4.8498315 52.3700784,4.8498294 52.3700821,4.8497734 52.3700721,4.8497749 52.3700686,4.8497550 52.3700653,4.8497534 52.3700677,4.8497389 52.3700656,4.8497366 52.3700712,4.8496999 52.3700651,4.8496942 52.3700762,4.8493870 52.3700224,4.8491060 52.3699740,4.8484918 52.3698692,4.8484934 52.3698703,4.8477662 52.3697484))";"POLYGON((52.3694783 4.8478893,52.3695629 4.8483779,52.3695659 4.8483755,52.3696100 4.8486157,52.3697150 4.8492229,52.3697653 4.8495118,52.3698171 4.8498140,52.3698289 4.8498106,52.3698350 4.8498461,52.3698409 4.8498444,52.3698437 4.8498573,52.3698465 4.8498563,52.3698499 4.8498757,52.3698459 4.8498773,52.3698560 4.8499351,52.3698600 4.8499338,52.3698622 4.8499472,52.3698584 4.8499486,52.3698682 4.8500063,52.3698718 4.8500046,52.3698753 4.8500249,52.3698725 4.8500260,52.3698769 4.8500490,52.3698813 4.8500538,52.3698653 4.8501004,52.3698611 4.8500965,52.3690605 4.8504651,52.3690608 4.8504678,52.3690560 4.8504694,52.3690553 4.8504687,52.3688699 4.8505539,52.3689115 4.8507896,52.3689124 4.8507896,52.3689133 4.8507956,52.3689125 4.8507958,52.3690165 4.8513988,52.3690206 4.8513993,52.3690197 4.8514052,52.3690136 4.8514089,52.3690118 4.8514006,52.3689283 4.8514374,52.3689993 4.8518665,52.3690376 4.8518494,52.3690441 4.8518841,52.3690961 4.8518600,52.3691155 4.8519716,52.3692682 4.8518968,52.3692524 4.8518076,52.3692605 4.8517839,52.3701060 4.8513937,52.3701205 4.8514078,52.3701393 4.8515152,52.3701139 4.8515273,52.3701878 4.8519635,52.3701893 4.8519627,52.3701907 4.8519710,52.3701862 4.8519725,52.3702163 4.8521525,52.3702194 4.8521514,52.3704753 4.8536286,52.3704696 4.8536460,52.3703576 4.8536979,52.3703952 4.8539173,52.3704999 4.8538688,52.3705202 4.8538861,52.3707578 4.8552785,52.3707959 4.8554934,52.3708008 4.8555228,52.3708035 4.8555214,52.3709064 4.8561161,52.3708807 4.8561276,52.3709694 4.8564941,52.3710028 4.8566917,52.3710578 4.8570176,52.3712524 4.8583902,52.3713139 4.8583834,52.3713581 4.8587377,52.3713507 4.8587566,52.3708423 4.8588507,52.3708726 4.8591353,52.3713030 4.8590597,52.3713561 4.8591239,52.3714226 4.8596895,52.3713643 4.8598153,52.3713493 4.8600633,52.3713606 4.8600807,52.3712299 4.8607695,52.3714363 4.8608705,52.3716125 4.8599644,52.3716180 4.8599633,52.3716290 4.8599090,52.3716371 4.8599121,52.3716478 4.8598560,52.3715778 4.8593500,52.3715636 4.8593344,52.3715335 4.8590688,52.3715342 4.8590684,52.3715237 4.8589807,52.3715235 4.8589809,52.3714625 4.8584523,52.3715063 4.8584385,52.3715044 4.8584219,52.3714929 4.8584150,52.3714924 4.8584072,52.3714719 4.8584116,52.3714589 4.8583130,52.3715134 4.8582767,52.3715062 4.8582270,52.3714844 4.8580699,52.3713236 4.8569360,52.3712721 4.8566111,52.3712350 4.8563820,52.3712039 4.8560797,52.3712018 4.8560651,52.3712030 4.8560647,52.3711877 4.8559767,52.3711765 4.8559817,52.3711778 4.8559906,52.3711628 4.8559974,52.3710650 4.8554315,52.3710610 4.8554336,52.3710578 4.8554115,52.3710316 4.8551992,52.3710309 4.8551938,52.3710264 4.8551955,52.3709181 4.8545758,52.3709152 4.8545707,52.3709137 4.8545645,52.3709143 4.8545597,52.3709145 4.8545547,52.3709161 4.8545505,52.3709186 4.8545469,52.3709288 4.8545411,52.3709162 4.8544670,52.3709122 4.8544684,52.3709087 4.8544659,52.3709069 4.8544629,52.3709060 4.8544579,52.3709055 4.8544529,52.3709069 4.8544490,52.3709095 4.8544459,52.3709125 4.8544437,52.3708993 4.8543698,52.3708892 4.8543734,52.3708861 4.8543732,52.3708816 4.8543693,52.3708794 4.8543631,52.3708787 4.8543580,52.3708781 4.8543531,52.3708795 4.8543487,52.3707849 4.8537971,52.3707905 4.8537944,52.3707867 4.8537744,52.3707909 4.8537721,52.3707867 4.8537472,52.3707957 4.8537432,52.3707941 4.8537317,52.3707555 4.8535131,52.3707465 4.8534626,52.3707275 4.8534716,52.3703726 4.8514114,52.3703625 4.8514153,52.3703562 4.8513808,52.3703408 4.8513884,52.3703272 4.8513109,52.3703348 4.8512882,52.3704282 4.8512446,52.3704226 4.8512119,52.3704440 4.8512021,52.3704370 4.8511617,52.3704881 4.8511385,52.3704866 4.8511297,52.3704911 4.8511276,52.3704766 4.8510428,52.3704718 4.8510443,52.3704705 4.8510371,52.3704194 4.8510604,52.3704124 4.8510178,52.3703954 4.8510265,52.3703954 4.8510277,52.3703909 4.8510294,52.3702819 4.8504000,52.3702782 4.8503983,52.3702789 4.8503902,52.3702810 4.8503915,52.3702846 4.8503901,52.3702864 4.8503986,52.3703756 4.8503489,52.3703742 4.8503425,52.3704329 4.8503118,52.3703595 4.8498940,52.3701518 4.8500023,52.3701434 4.8499640,52.3701297 4.8499700,52.3701271 4.8499792,52.3700978 4.8499532,52.3701010 4.8499442,52.3700967 4.8499220,52.3700940 4.8499233,52.3700905 4.8499031,52.3700942 4.8499009,52.3700841 4.8498441,52.3700806 4.8498453,52.3700784 4.8498315,52.3700821 4.8498294,52.3700721 4.8497734,52.3700686 4.8497749,52.3700653 4.8497550,52.3700677 4.8497534,52.3700656 4.8497389,52.3700712 4.8497366,52.3700651 4.8496999,52.3700762 4.8496942,52.3700224 4.8493870,52.3699740 4.8491060,52.3698692 4.8484918,52.3698703 4.8484934,52.3697484 4.8477662))";4.85432335;52.37025185;
54;"Diamantbuurt";"POLYGON((4.9034157 52.3517815,4.9047265 52.3519600,4.9048946 52.3519895,4.9049969 52.3518015,4.9052131 52.3518306,4.9052187 52.3518270,4.9052434 52.3518296,4.9052484 52.3518364,4.9053081 52.3518451,4.9056039 52.3519095,4.9057703 52.3519462,4.9058337 52.3518345,4.9060237 52.3514992,4.9061615 52.3513019,4.9063559 52.3509618,4.9065198 52.3509828,4.9065810 52.3507410,4.9069321 52.3497796,4.9069989 52.3495948,4.9043647 52.3492128,4.9039243 52.3491524,4.9029417 52.3490514,4.9028968 52.3491607,4.9028875 52.3492384,4.9029280 52.3492429,4.9028427 52.3494716,4.9027954 52.3494604,4.9027597 52.3495395,4.9027046 52.3496782,4.9028058 52.3497674,4.9024129 52.3508011,4.9022600 52.3511646,4.9021688 52.3514133,4.9021044 52.3515992,4.9029527 52.3517188,4.9029688 52.3517329,4.9028434 52.3520657,4.9032697 52.3521280,4.9033940 52.3517907))";"POLYGON((52.3517815 4.9034157,52.3519600 4.9047265,52.3519895 4.9048946,52.3518015 4.9049969,52.3518306 4.9052131,52.3518270 4.9052187,52.3518296 4.9052434,52.3518364 4.9052484,52.3518451 4.9053081,52.3519095 4.9056039,52.3519462 4.9057703,52.3518345 4.9058337,52.3514992 4.9060237,52.3513019 4.9061615,52.3509618 4.9063559,52.3509828 4.9065198,52.3507410 4.9065810,52.3497796 4.9069321,52.3495948 4.9069989,52.3492128 4.9043647,52.3491524 4.9039243,52.3490514 4.9029417,52.3491607 4.9028968,52.3492384 4.9028875,52.3492429 4.9029280,52.3494716 4.9028427,52.3494604 4.9027954,52.3495395 4.9027597,52.3496782 4.9027046,52.3497674 4.9028058,52.3508011 4.9024129,52.3511646 4.9022600,52.3514133 4.9021688,52.3515992 4.9021044,52.3517188 4.9029527,52.3517329 4.9029688,52.3520657 4.9028434,52.3521280 4.9032697,52.3517907 4.9033940))";4.90455665;52.3505827;
55;"Willem Roelofsstraat / Jan Tooropstraat";"POLYGON((4.8358535 52.3633992))";"POLYGON((52.3633992 4.8358535))";4.8358581;52.3633925;
56;"Dapperbuurt";"POLYGON((4.9320060 52.3613305,4.9307218 52.3613447,4.9307262 52.3613960,4.9307574 52.3615686,4.9307944 52.3617597,4.9307837 52.3618505,4.9308052 52.3618795,4.9307959 52.3622356,4.9307543 52.3625786,4.9307744 52.3626055,4.9307362 52.3630121,4.9307354 52.3631596,4.9307560 52.3632350,4.9307554 52.3632345,4.9307155 52.3634845,4.9307034 52.3635919,4.9306806 52.3638386,4.9306799 52.3638557,4.9306635 52.3638858,4.9306533 52.3640242,4.9306663 52.3640708,4.9306602 52.3642320,4.9306439 52.3642769,4.9306620 52.3643351,4.9306674 52.3644433,4.9306566 52.3644738,4.9306578 52.3645184,4.9306750 52.3645470,4.9306920 52.3646926,4.9306821 52.3647363,4.9306944 52.3647722,4.9307084 52.3647882,4.9307471 52.3649528,4.9307722 52.3650537,4.9307903 52.3651227,4.9308196 52.3652030,4.9308782 52.3653734,4.9309149 52.3654859,4.9309375 52.3655470,4.9309651 52.3656168,4.9309908 52.3656631,4.9310288 52.3657179,4.9310539 52.3657424,4.9311162 52.3658528,4.9311080 52.3658559,4.9311151 52.3658645,4.9311439 52.3658595,4.9311949 52.3659379,4.9312017 52.3659507,4.9312099 52.3659493,4.9312678 52.3659505,4.9313783 52.3661346,4.9313379 52.3661328,4.9313334 52.3661367,4.9313312 52.3661410,4.9313200 52.3661431,4.9313190 52.3661473,4.9315789 52.3665606,4.9288645 52.3665161,4.9275170 52.3664942,4.9272264 52.3664691,4.9269428 52.3664056,4.9266653 52.3662967,4.9265070 52.3662016,4.9263903 52.3661323,4.9256113 52.3656618,4.9247759 52.3652413,4.9227846 52.3640379,4.9236881 52.3620283,4.9237575 52.3618738,4.9238268 52.3617832,4.9239016 52.3616469,4.9245328 52.3607516,4.9249557 52.3601811,4.9251944 52.3598748,4.9254196 52.3595186,4.9255315 52.3593405,4.9257620 52.3589868,4.9258367 52.3588470,4.9260508 52.3585221,4.9263256 52.3580562,4.9263131 52.3580379,4.9262793 52.3580279,4.9263918 52.3578468,4.9268125 52.3579660,4.9269205 52.3580001,4.9269175 52.3580032,4.9270817 52.3580560,4.9272438 52.3581108,4.9274891 52.3582014,4.9277143 52.3582945,4.9280649 52.3584642,4.9283833 52.3586470,4.9287592 52.3588963,4.9288819 52.3589762,4.9289075 52.3590084,4.9289601 52.3590481,4.9289699 52.3590415,4.9292605 52.3592676,4.9293151 52.3593290,4.9293579 52.3593516,4.9294729 52.3594509,4.9296132 52.3595930,4.9296352 52.3596211,4.9296838 52.3596615,4.9298624 52.3598485,4.9299217 52.3599158,4.9299410 52.3599611,4.9299954 52.3600040,4.9301110 52.3601694,4.9301811 52.3602682,4.9301887 52.3603046,4.9302333 52.3603830,4.9302555 52.3603785,4.9302986 52.3604409,4.9303098 52.3604453,4.9303750 52.3604319,4.9303722 52.3604265,4.9305706 52.3603892,4.9305717 52.3603915,4.9305730 52.3603942,4.9307553 52.3603599,4.9307537 52.3603578,4.9307564 52.3603557,4.9307349 52.3603097,4.9307738 52.3603037,4.9307805 52.3603139,4.9308368 52.3603023,4.9308676 52.3602931,4.9308930 52.3602794,4.9309142 52.3602653,4.9309245 52.3602502,4.9309501 52.3602154,4.9310380 52.3600778,4.9310718 52.3600859,4.9311164 52.3600153,4.9311226 52.3600167,4.9312168 52.3598704,4.9309431 52.3597894,4.9309364 52.3597976,4.9303157 52.3596674,4.9304568 52.3594249,4.9308475 52.3595206,4.9310002 52.3595656,4.9312533 52.3596387,4.9311767 52.3597341,4.9317518 52.3599061,4.9318047 52.3598371,4.9319073 52.3597074,4.9319046 52.3597061,4.9319167 52.3596880,4.9319234 52.3596903,4.9319395 52.3596661,4.9319354 52.3596644,4.9319500 52.3596479,4.9319564 52.3596492,4.9319800 52.3596151,4.9324080 52.3597583,4.9323171 52.3598373,4.9319915 52.3601486,4.9319637 52.3601971,4.9317875 52.3603923,4.9316711 52.3605329,4.9315818 52.3606504,4.9323513 52.3608523))";"POLYGON((52.3613305 4.9320060,52.3613447 4.9307218,52.3613960 4.9307262,52.3615686 4.9307574,52.3617597 4.9307944,52.3618505 4.9307837,52.3618795 4.9308052,52.3622356 4.9307959,52.3625786 4.9307543,52.3626055 4.9307744,52.3630121 4.9307362,52.3631596 4.9307354,52.3632350 4.9307560,52.3632345 4.9307554,52.3634845 4.9307155,52.3635919 4.9307034,52.3638386 4.9306806,52.3638557 4.9306799,52.3638858 4.9306635,52.3640242 4.9306533,52.3640708 4.9306663,52.3642320 4.9306602,52.3642769 4.9306439,52.3643351 4.9306620,52.3644433 4.9306674,52.3644738 4.9306566,52.3645184 4.9306578,52.3645470 4.9306750,52.3646926 4.9306920,52.3647363 4.9306821,52.3647722 4.9306944,52.3647882 4.9307084,52.3649528 4.9307471,52.3650537 4.9307722,52.3651227 4.9307903,52.3652030 4.9308196,52.3653734 4.9308782,52.3654859 4.9309149,52.3655470 4.9309375,52.3656168 4.9309651,52.3656631 4.9309908,52.3657179 4.9310288,52.3657424 4.9310539,52.3658528 4.9311162,52.3658559 4.9311080,52.3658645 4.9311151,52.3658595 4.9311439,52.3659379 4.9311949,52.3659507 4.9312017,52.3659493 4.9312099,52.3659505 4.9312678,52.3661346 4.9313783,52.3661328 4.9313379,52.3661367 4.9313334,52.3661410 4.9313312,52.3661431 4.9313200,52.3661473 4.9313190,52.3665606 4.9315789,52.3665161 4.9288645,52.3664942 4.9275170,52.3664691 4.9272264,52.3664056 4.9269428,52.3662967 4.9266653,52.3662016 4.9265070,52.3661323 4.9263903,52.3656618 4.9256113,52.3652413 4.9247759,52.3640379 4.9227846,52.3620283 4.9236881,52.3618738 4.9237575,52.3617832 4.9238268,52.3616469 4.9239016,52.3607516 4.9245328,52.3601811 4.9249557,52.3598748 4.9251944,52.3595186 4.9254196,52.3593405 4.9255315,52.3589868 4.9257620,52.3588470 4.9258367,52.3585221 4.9260508,52.3580562 4.9263256,52.3580379 4.9263131,52.3580279 4.9262793,52.3578468 4.9263918,52.3579660 4.9268125,52.3580001 4.9269205,52.3580032 4.9269175,52.3580560 4.9270817,52.3581108 4.9272438,52.3582014 4.9274891,52.3582945 4.9277143,52.3584642 4.9280649,52.3586470 4.9283833,52.3588963 4.9287592,52.3589762 4.9288819,52.3590084 4.9289075,52.3590481 4.9289601,52.3590415 4.9289699,52.3592676 4.9292605,52.3593290 4.9293151,52.3593516 4.9293579,52.3594509 4.9294729,52.3595930 4.9296132,52.3596211 4.9296352,52.3596615 4.9296838,52.3598485 4.9298624,52.3599158 4.9299217,52.3599611 4.9299410,52.3600040 4.9299954,52.3601694 4.9301110,52.3602682 4.9301811,52.3603046 4.9301887,52.3603830 4.9302333,52.3603785 4.9302555,52.3604409 4.9302986,52.3604453 4.9303098,52.3604319 4.9303750,52.3604265 4.9303722,52.3603892 4.9305706,52.3603915 4.9305717,52.3603942 4.9305730,52.3603599 4.9307553,52.3603578 4.9307537,52.3603557 4.9307564,52.3603097 4.9307349,52.3603037 4.9307738,52.3603139 4.9307805,52.3603023 4.9308368,52.3602931 4.9308676,52.3602794 4.9308930,52.3602653 4.9309142,52.3602502 4.9309245,52.3602154 4.9309501,52.3600778 4.9310380,52.3600859 4.9310718,52.3600153 4.9311164,52.3600167 4.9311226,52.3598704 4.9312168,52.3597894 4.9309431,52.3597976 4.9309364,52.3596674 4.9303157,52.3594249 4.9304568,52.3595206 4.9308475,52.3595656 4.9310002,52.3596387 4.9312533,52.3597341 4.9311767,52.3599061 4.9317518,52.3598371 4.9318047,52.3597074 4.9319073,52.3597061 4.9319046,52.3596880 4.9319167,52.3596903 4.9319234,52.3596661 4.9319395,52.3596644 4.9319354,52.3596479 4.9319500,52.3596492 4.9319564,52.3596151 4.9319800,52.3597583 4.9324080,52.3598373 4.9323171,52.3601486 4.9319915,52.3601971 4.9319637,52.3603923 4.9317875,52.3605329 4.9316711,52.3606504 4.9315818,52.3608523 4.9323513))";4.9276013;52.3621967;
59;"Wittenburg - Oostelijke Eilanden";"POLYGON((4.9242783 52.3744300,4.9227050 52.3748283,4.9217708 52.3749668,4.9216463 52.3746735,4.9214590 52.3742260,4.9214080 52.3741905,4.9206639 52.3737237,4.9205907 52.3736942,4.9197428 52.3731735,4.9196932 52.3731655,4.9188342 52.3726257,4.9188025 52.3725809,4.9180703 52.3721239,4.9180198 52.3721150,4.9172674 52.3716412,4.9168750 52.3714151,4.9169304 52.3713652,4.9169159 52.3713538,4.9169415 52.3713382,4.9169811 52.3713620,4.9171522 52.3712605,4.9171464 52.3712569,4.9172275 52.3711876,4.9172246 52.3711857,4.9172536 52.3711680,4.9172970 52.3711965,4.9174709 52.3710971,4.9174646 52.3710924,4.9175459 52.3710206,4.9175302 52.3710114,4.9175591 52.3709947,4.9175968 52.3710193,4.9177674 52.3709195,4.9177625 52.3709139,4.9178481 52.3708456,4.9178288 52.3708349,4.9178626 52.3708143,4.9179464 52.3707757,4.9176901 52.3706059,4.9174752 52.3704292,4.9170510 52.3699987,4.9202885 52.3688482,4.9207042 52.3693133,4.9210717 52.3695365,4.9212977 52.3695087,4.9224249 52.3701950,4.9226622 52.3700486,4.9227551 52.3701103,4.9225087 52.3702562,4.9273467 52.3734933))";"POLYGON((52.3744300 4.9242783,52.3748283 4.9227050,52.3749668 4.9217708,52.3746735 4.9216463,52.3742260 4.9214590,52.3741905 4.9214080,52.3737237 4.9206639,52.3736942 4.9205907,52.3731735 4.9197428,52.3731655 4.9196932,52.3726257 4.9188342,52.3725809 4.9188025,52.3721239 4.9180703,52.3721150 4.9180198,52.3716412 4.9172674,52.3714151 4.9168750,52.3713652 4.9169304,52.3713538 4.9169159,52.3713382 4.9169415,52.3713620 4.9169811,52.3712605 4.9171522,52.3712569 4.9171464,52.3711876 4.9172275,52.3711857 4.9172246,52.3711680 4.9172536,52.3711965 4.9172970,52.3710971 4.9174709,52.3710924 4.9174646,52.3710206 4.9175459,52.3710114 4.9175302,52.3709947 4.9175591,52.3710193 4.9175968,52.3709195 4.9177674,52.3709139 4.9177625,52.3708456 4.9178481,52.3708349 4.9178288,52.3708143 4.9178626,52.3707757 4.9179464,52.3706059 4.9176901,52.3704292 4.9174752,52.3699987 4.9170510,52.3688482 4.9202885,52.3693133 4.9207042,52.3695365 4.9210717,52.3695087 4.9212977,52.3701950 4.9224249,52.3700486 4.9226622,52.3701103 4.9227551,52.3702562 4.9225087,52.3734933 4.9273467))";4.92211585;52.3719005;
60;"Wildemanbuurt";"POLYGON((4.8015689 52.3634698,4.8025921 52.3636765,4.8025978 52.3638755,4.8025692 52.3639021,4.8024880 52.3638722,4.8021751 52.3641898,4.8022567 52.3642206,4.8020101 52.3644701,4.8011233 52.3642934,4.8010688 52.3644003,4.8006198 52.3652245,4.8005654 52.3653300,4.8003507 52.3657216,4.7999395 52.3656302,4.8002078 52.3651871,4.8002662 52.3650797,4.8003840 52.3648551,4.8008387 52.3640109,4.8006976 52.3639826,4.7994876 52.3637372,4.7993462 52.3637087,4.7981345 52.3634662,4.7979931 52.3634354,4.7975494 52.3633976,4.7981428 52.3622931,4.7972025 52.3621028,4.7966174 52.3620064,4.7967764 52.3616907,4.7981103 52.3591684,4.8071349 52.3610063,4.8058538 52.3634256,4.8030491 52.3628835,4.8029894 52.3629432,4.8026749 52.3632601,4.8027574 52.3632905,4.8025143 52.3635398,4.8016235 52.3633634))";"POLYGON((52.3634698 4.8015689,52.3636765 4.8025921,52.3638755 4.8025978,52.3639021 4.8025692,52.3638722 4.8024880,52.3641898 4.8021751,52.3642206 4.8022567,52.3644701 4.8020101,52.3642934 4.8011233,52.3644003 4.8010688,52.3652245 4.8006198,52.3653300 4.8005654,52.3657216 4.8003507,52.3656302 4.7999395,52.3651871 4.8002078,52.3650797 4.8002662,52.3648551 4.8003840,52.3640109 4.8008387,52.3639826 4.8006976,52.3637372 4.7994876,52.3637087 4.7993462,52.3634662 4.7981345,52.3634354 4.7979931,52.3633976 4.7975494,52.3622931 4.7981428,52.3621028 4.7972025,52.3620064 4.7966174,52.3616907 4.7967764,52.3591684 4.7981103,52.3610063 4.8071349,52.3634256 4.8058538,52.3628835 4.8030491,52.3629432 4.8029894,52.3632601 4.8026749,52.3632905 4.8027574,52.3635398 4.8025143,52.3633634 4.8016235))";4.80188115;52.362438;
63;"Kalverstraat / Rokin";"POLYGON((4.8932008 52.3708657,4.8933653 52.3715225,4.8934682 52.3719123,4.8936578 52.3724775,4.8931330 52.3725810,4.8927520 52.3726320,4.8921190 52.3726630,4.8914020 52.3726450,4.8914169 52.3707849,4.8903394 52.3706066,4.8902873 52.3705090,4.8914061 52.3706772,4.8912191 52.3701456,4.8908479 52.3692432,4.8908233 52.3689892,4.8909007 52.3688086,4.8910234 52.3685915,4.8911515 52.3683743,4.8913050 52.3681645,4.8915242 52.3679060,4.8915242 52.3679060,4.8921159 52.3675332,4.8927693 52.3671881,4.8930060 52.3669910,4.8937390 52.3674790,4.8938114 52.3674197,4.8944860 52.3676787,4.8935306 52.3684842,4.8928514 52.3693077,4.8930233 52.3701218))";"POLYGON((52.3708657 4.8932008,52.3715225 4.8933653,52.3719123 4.8934682,52.3724775 4.8936578,52.3725810 4.8931330,52.3726320 4.8927520,52.3726630 4.8921190,52.3726450 4.8914020,52.3707849 4.8914169,52.3706066 4.8903394,52.3705090 4.8902873,52.3706772 4.8914061,52.3701456 4.8912191,52.3692432 4.8908479,52.3689892 4.8908233,52.3688086 4.8909007,52.3685915 4.8910234,52.3683743 4.8911515,52.3681645 4.8913050,52.3679060 4.8915242,52.3679060 4.8915242,52.3675332 4.8921159,52.3671881 4.8927693,52.3669910 4.8930060,52.3674790 4.8937390,52.3674197 4.8938114,52.3676787 4.8944860,52.3684842 4.8935306,52.3693077 4.8928514,52.3701218 4.8930233))";4.89239165;52.36982;
69;"Mauritskade";"POLYGON((4.9122691 52.3612876,4.9119130 52.3612467,4.9116319 52.3612156,4.9114326 52.3611420,4.9112977 52.3610585,4.9108280 52.3607850,4.9102538 52.3606230,4.9097262 52.3605740,4.9091826 52.3606201,4.9096580 52.3599412,4.9102568 52.3592370,4.9105302 52.3587448,4.9111943 52.3588857,4.9108499 52.3594592,4.9110962 52.3598399,4.9121230 52.3596261,4.9123184 52.3593435,4.9124369 52.3591437,4.9128020 52.3592306,4.9133868 52.3593527,4.9136256 52.3596135,4.9132086 52.3597964,4.9130215 52.3601204,4.9127164 52.3603265,4.9124765 52.3608400,4.9133903 52.3609150,4.9132365 52.3613930))";"POLYGON((52.3612876 4.9122691,52.3612467 4.9119130,52.3612156 4.9116319,52.3611420 4.9114326,52.3610585 4.9112977,52.3607850 4.9108280,52.3606230 4.9102538,52.3605740 4.9097262,52.3606201 4.9091826,52.3599412 4.9096580,52.3592370 4.9102568,52.3587448 4.9105302,52.3588857 4.9111943,52.3594592 4.9108499,52.3598399 4.9110962,52.3596261 4.9121230,52.3593435 4.9123184,52.3591437 4.9124369,52.3592306 4.9128020,52.3593527 4.9133868,52.3596135 4.9136256,52.3597964 4.9132086,52.3601204 4.9130215,52.3603265 4.9127164,52.3608400 4.9124765,52.3609150 4.9133903,52.3613930 4.9132365))";4.9114091;52.3600619;
71;"Station Noorderpark";"POLYGON((4.9243214 52.3880033,4.9236989 52.3873327,4.9203297 52.3886238,4.9194551 52.3876062,4.9187200 52.3879439,4.9160589 52.3867795,4.9142833 52.3879483,4.9175341 52.3903645,4.9182681 52.3911957,4.9232292 52.3899186,4.9213926 52.3891453))";"POLYGON((52.3880033 4.9243214,52.3873327 4.9236989,52.3886238 4.9203297,52.3876062 4.9194551,52.3879439 4.9187200,52.3867795 4.9160589,52.3879483 4.9142833,52.3903645 4.9175341,52.3911957 4.9182681,52.3899186 4.9232292,52.3891453 4.9213926))";4.91930735;52.3889806;

