OBJECTNUMMER;Volgnummer;Adres;Soort_tuin;Sinds;Oppervlakte_m2;Stadsdeel;Foto;Weblink;SELECTIE;WKT_LNG_LAT;WKT_LAT_LNG;LNG;LAT;
1;201;"Middenweg";"Sedumdak";2012;80;"Oost";"middenweg_94.jpg";"SEDUMDAK";"POINT(4.9362948,52.3497931)";"POINT(52.3497931,4.9362948)";4.9362948;52.3497931;
2;202;"Middenweg";"Sedumdak";2012;80;"Oost";"middenweg_98.jpg";"SEDUMDAK";"POINT(4.9364049,52.3496939)";"POINT(52.3496939,4.9364049)";4.9364049;52.3496939;
3;203;"Middenweg";"Sedumdak";2012;80;"Oost";"middenweg_100.jpg";"SEDUMDAK";"POINT(4.936485,52.3496939)";"POINT(52.3496939,4.936485)";4.936485;52.3496939;
4;204;"Nieuwe Doelenstraat";"Sedumdak";2012;83;"Centrum";"nieuwe_doelenstraat.jpg";"SEDUMDAK";"POINT(4.8945048,52.3675925)";"POINT(52.3675925,4.8945048)";4.8945048;52.3675925;
5;205;"Soetendaal";"Solar-sedumdak";2012;72;"Zuid";"soetendaal.jpg";"";"SOLARSEDUM";"POINT(4.8630159,52.3255354)";"POINT(52.3255354,4.8630159)";4.8630159;52.3255354;
6;10;"Spaarndammerstraat 107-113f";"Sedumdak";2005;"Centrum";"Kromhout-20050630.jpg";"SEDUMDAK";"POINT(4.8782952,52.3903929)";"POINT(52.3903929,4.8782952)";4.8782952;52.3903929;
7;33;"Kinderboerderij Westerpark";"Sedumdak";"West";"SEDUMDAK";"POINT(4.8652651,52.3873946)";"POINT(52.3873946,4.8652651)";4.8652651;52.3873946;
8;3;"Prinseneiland 36";"Sedumdak";"Centrum";"SEDUMDAK";"POINT(4.8875349,52.384793)";"POINT(52.384793,4.8875349)";4.8875349;52.384793;
9;40;"Brouwersgracht 160";"Sedumdak";"Centrum";"Aanleg Ecodaken 023Brouwersgracht 160.jpg";"SEDUMDAK";"POINT(4.889025,52.3804938)";"POINT(52.3804938,4.889025)";4.889025;52.3804938;
10;16;"Westerstraat/Tichelstraat";"Daktuin";"Centrum";"DAKTUIN";"POINT(4.8811052,52.3781935)";"POINT(52.3781935,4.8811052)";4.8811052;52.3781935;
11;13;"Sportplaza Mercator";"Muur";2000;"West";"Mercatorsportplaza_groendak_FAH.jpg";"MUUR";"POINT(4.8460448,52.3716933)";"POINT(52.3716933,4.8460448)";4.8460448;52.3716933;
12;30;"Hudsonhof";"Daktuin";1999;300;"West";"DAKTUIN";"POINT(4.8518851,52.3698927)";"POINT(52.3698927,4.8518851)";4.8518851;52.3698927;
13;14;"Mercatorplein Bibliotheek";"Sedumdak";2006;0;"West";"Mercatorplein 2.JPG";"";"SEDUMDAK";"POINT(4.8502548,52.3692938)";"POINT(52.3692938,4.8502548)";4.8502548;52.3692938;
14;35;"Dokter Meurerlaan 8";"Sedumdak";0;0;"Nieuw-West";"HvA-osdorp.jpg";"";"SEDUMDAK";"POINT(4.8062208,52.3677527)";"POINT(52.3677527,4.8062208)";4.8062208;52.3677527;
15;12;"Calandlyceum, Pieter Calandlaan 182";"Sedumdak";2006;800;"Nieuw-West";"SEDUMDAK";"POINT(4.8060052,52.3536917)";"POINT(52.3536917,4.8060052)";4.8060052;52.3536917;
16;43;"Dijlenhof";"Sedumdak";"Nieuw-West";"SEDUMDAK";"POINT(4.8049452,52.3438918)";"POINT(52.3438918,4.8049452)";4.8049452;52.3438918;
17;44;"Denderhof";"Sedumdak";"Nieuw-West";"SEDUMDAK";"POINT(4.8049552,52.3429915)";"POINT(52.3429915,4.8049552)";4.8049552;52.3429915;
18;19;"Jaagpad";"Sedumdak";"Zuid";"SEDUMDAK";"POINT(4.8492448,52.3451926)";"POINT(52.3451926,4.8492448)";4.8492448;52.3451926;
19;9;"Cornelis Krusemanstraat";"Sedumdak";2008;65;"Zuid";"Krusemank.jpg";"SEDUMDAK";"POINT(4.8632052,52.3514945)";"POINT(52.3514945,4.8632052)";4.8632052;52.3514945;
20;17;"Amsterdams lyceum Valeriusplein";"Daktuin";"Zuid";"DAKTUIN";"POINT(4.864495,52.3511931)";"POINT(52.3511931,4.864495)";4.864495;52.3511931;
21;26;"Eerste Jan Steenstraat 14-36";"Daktuin";1986;300;"Zuid";"DAKTUIN";"POINT(4.888355,52.3533942)";"POINT(52.3533942,4.888355)";4.888355;52.3533942;
22;8;"Ruysdaelkade 215";"Sedumdak";2009;196;"Zuid";"Ruysdaelkadek.jpg";"SEDUMDAK";"POINT(4.8870451,52.3510939)";"POINT(52.3510939,4.8870451)";4.8870451;52.3510939;
23;25;"Tweede van der Helststraat 66";"Daktuin";1987;1200;"Zuid";"DAKTUIN";"POINT(4.8937852,52.3501937)";"POINT(52.3501937,4.8937852)";4.8937852;52.3501937;
24;34;"Bur. Tellegenstraat-P.L. Takstraat";"Sedumdak";"Zuid";"SEDUMDAK";"POINT(4.8983748,52.3497931)";"POINT(52.3497931,4.8983748)";4.8983748;52.3497931;
25;28;"Van Woustraat";"Daktuin";2003;175;"Zuid";"van woustraat.jpg";"http://daktuin.org/";"DAKTUIN";"POINT(4.898915,52.357392)";"POINT(52.357392,4.898915)";4.898915;52.357392;
26;39;"Achtergracht 43G";"Sedumdak";"Centrum";"Aanleg Ecodaken 033Achtergracht 43g.jpg";"SEDUMDAK";"POINT(4.902395,52.3614928)";"POINT(52.3614928,4.902395)";4.902395;52.3614928;
27;31;"Tweede Boerhaavestraat";"Daktuin";1900;"Oost";"DAKTUIN";"POINT(4.9119751,52.3593947)";"POINT(52.3593947,4.9119751)";4.9119751;52.3593947;
28;4;"Weesperzijde 105";"Sedumdak";2002;"Oost";"weesperzijde105.jpg";"SEDUMDAK";"POINT(4.9117649,52.3515936)";"POINT(52.3515936,4.9117649)";4.9117649;52.3515936;
29;5;"Luykxterrein Weesperzijde 112";"Sedumdak";2008;"Oost";"SEDUMDAK";"POINT(4.9131648,52.3508917)";"POINT(52.3508917,4.9131648)";4.9131648;52.3508917;
30;38;"Retiefstraat 11";"Daktuin";10;"Oost";"retiefstraat.jpg";"DAKTUIN";"POINT(4.9252951,52.3561942)";"POINT(52.3561942,4.9252951)";4.9252951;52.3561942;
31;20;"Februariplein";"Daktuin";"Centrum";"markenplein_1e.jpg";"DAKTUIN";"POINT(4.9060051,52.3686911)";"POINT(52.3686911,4.9060051)";4.9060051;52.3686911;
32;21;"Koerierstersplein";"Daktuin";"Centrum";"DAKTUIN";"POINT(4.9071948,52.3692938)";"POINT(52.3692938,4.9071948)";4.9071948;52.3692938;
33;22;"Anne Frankstraat";"Daktuin";"Centrum";"DAKTUIN";"POINT(4.908335,52.3695914)";"POINT(52.3695914,4.908335)";4.908335;52.3695914;
34;15;"Artis dierenhok";"Sedumdak";"Centrum";"SEDUMDAK";"POINT(4.9189951,52.366593)";"POINT(52.366593,4.9189951)";4.9189951;52.366593;
35;18;"Hoogte Kadijk";"Daktuin";1993;1200;"Centrum";"hoogte-kadijk.jpg";"";"DAKTUIN";"POINT(4.9219075,52.3674348)";"POINT(52.3674348,4.9219075)";4.9219075;52.3674348;
36;7;"Prinsengracht 324 P";"Sedumdak";"Centrum";"woonboot_prinsengracht.jpg";"SEDUMDAK";"POINT(4.8825548,52.3690917)";"POINT(52.3690917,4.8825548)";4.8825548;52.3690917;
37;24;"WG-terrein Babs";"Sedumdak";1994;"West";"SEDUMDAK";"POINT(4.869735,52.3632933)";"POINT(52.3632933,4.869735)";4.869735;52.3632933;
38;41;"Jacob van Lennepkade 623";"Sedumdak";0;0;"West";"Aanleg Ecodaken 012J. van Lennepkade 623.jpg";"";"SEDUMDAK";"POINT(4.8595841,52.3619506)";"POINT(52.3619506,4.8595841)";4.8595841;52.3619506;
39;45;"Jacob van Lennepkade ";"Sedumdak";0;0;"West";"";"";"SEDUMDAK";"POINT(4.8681538,52.3641745)";"POINT(52.3641745,4.8681538)";4.8681538;52.3641745;
40;42;"Levantkade";"Sedumdak";"Oost";"dak levantkade gereed.jpg";"SEDUMDAK";"POINT(4.9463351,52.3766944)";"POINT(52.3766944,4.9463351)";4.9463351;52.3766944;
41;23;"Baron G.A. Tindalplein";"Daktuin";"Oost";"DAKTUIN";"POINT(4.9415648,52.3732916)";"POINT(52.3732916,4.9415648)";4.9415648;52.3732916;
42;1;"Sporthal Borneokade";"Sedumdak";"Oost";"SEDUMDAK";"POINT(4.9392149,52.3705947)";"POINT(52.3705947,4.9392149)";4.9392149;52.3705947;
43;2;"Dirk Vreekenstraat";"Sedumdak";"Oost";"dirk_vreeken.jpg";"SEDUMDAK";"POINT(4.9351351,52.3704917)";"POINT(52.3704917,4.9351351)";4.9351351;52.3704917;
44;36;"Lisdoddelaan";"Grasdak";"Oost";"Eva_Besnyostraat.jpg";"GRASDAK";"POINT(4.9926751,52.3528945)";"POINT(52.3528945,4.9926751)";4.9926751;52.3528945;
45;37;"Diemerparklaan";"Sedumdak";"Oost";"Diemerparklaan.jpg";"SEDUMDAK";"POINT(5.0068352,52.3510939)";"POINT(52.3510939,5.0068352)";5.0068352;52.3510939;
46;32;"Haarlerbergerweg";"Daktuin";"Zuidoost";"DAKTUIN";"POINT(4.952575,52.3030936)";"POINT(52.3030936,4.952575)";4.952575;52.3030936;
47;6;"Korte Oudekerkerdijk 7";"Sedumdak";"Oost";"waternet.jpg";"SEDUMDAK";"POINT(4.9165552,52.3397948)";"POINT(52.3397948,4.9165552)";4.9165552;52.3397948;
48;46;"Kattenburg";"Daktuin";7000;"Centrum";"kattenburg.jpg";"DAKTUIN";"POINT(4.9188149,52.3722922)";"POINT(52.3722922,4.9188149)";4.9188149;52.3722922;
49;47;"Artis";"Muur";"Centrum";"MUUR";"POINT(4.9152648,52.3670928)";"POINT(52.3670928,4.9152648)";4.9152648;52.3670928;
50;48;"Tretjakovlaan 16";"Daktuin";2009;144;"Nieuw-West";"http://www.rooijakkers-tomesen.com/R+T/DJs_Garden_info.html";"DAKTUIN";"POINT(4.8307049,52.3660933)";"POINT(52.3660933,4.8307049)";4.8307049;52.3660933;
51;49;"Blankenstraat 402-410 / Frans de Wollantstraat 8-84";"Solar-sedumdak";1996;260;"Centrum";"blankenstraat.jpg";"";"SOLARSEDUM";"POINT(4.9321568,52.3709914)";"POINT(52.3709914,4.9321568)";4.9321568;52.3709914;
52;50;"Lambert Zijlplein";"Sedumdak";2006;1425;"Nieuw-West";"";"";"SEDUMDAK";"POINT(4.8024981,52.3776557)";"POINT(52.3776557,4.8024981)";4.8024981;52.3776557;
53;51;"Schoenerstraat 11";"Sedumdak";"Noord";"SEDUMDAK";"POINT(4.9081452,52.4044921)";"POINT(52.4044921,4.9081452)";4.9081452;52.4044921;
54;52;"GWL-terrein";"Sedumdak";1999;"West";"SEDUMDAK";"POINT(4.8678052,52.3832938)";"POINT(52.3832938,4.8678052)";4.8678052;52.3832938;
55;53;"GWL-terrein";"Sedumdak";1999;"West";"SEDUMDAK";"POINT(4.8677952,52.3850943)";"POINT(52.3850943,4.8677952)";4.8677952;52.3850943;
56;54;"A.S Onderwijzerhof";"Sedumdak";2010;1300;"Centrum";"NieuweAmstelstraatTurfsteeg3.JPG";"http://nl.wikipedia.org/wiki/De_Halve_Wereld";"SEDUMDAK";"POINT(4.9032252,52.3669936)";"POINT(52.3669936,4.9032252)";4.9032252;52.3669936;
58;56;"Pres. Kennedylaan 923";"Sedumdak";2007;300;"Zuid";"kendedylaan923.jpg";"SEDUMDAK";"POINT(4.8937752,52.3402945)";"POINT(52.3402945,4.8937752)";4.8937752;52.3402945;
59;57;"Victorieplein 11";"Sedumdak";96;"Zuid";"petteflet.jpg";"SEDUMDAK";"POINT(4.904855,52.3453948)";"POINT(52.3453948,4.904855)";4.904855;52.3453948;
60;58;"A.J. Ernstlaan 112";"Sedumdak";1600;"Zuid";"Ernstlaan112.jpg";"SEDUMDAK";"POINT(4.8780849,52.3327948)";"POINT(52.3327948,4.8780849)";4.8780849;52.3327948;
61;59;"Keizersgracht";"Sedumdak";2010;22;"Centrum";"SEDUMDAK";"POINT(4.8858249,52.3729941)";"POINT(52.3729941,4.8858249)";4.8858249;52.3729941;
62;60;"Amstelveenseweg 820";"Sedumdak";2010;8;"Zuid";"SEDUMDAK";"POINT(4.8571951,52.3295943)";"POINT(52.3295943,4.8571951)";4.8571951;52.3295943;
63;61;"Amstelveenseweg 824";"Sedumdak";2010;10;"Zuid";"SEDUMDAK";"POINT(4.857065,52.3294913)";"POINT(52.3294913,4.857065)";4.857065;52.3294913;
64;62;"Oudegeeststraat";"Sedumdak";2010;250;"Nieuw-west";"SEDUMDAK";"POINT(4.7971351,52.3530928)";"POINT(52.3530928,4.7971351)";4.7971351;52.3530928;
65;63;"Oosterdokskade 38";"Sedumdak";2010;75;"Centrum";"boot-phkade.jpg";"";"SEDUMDAK";"POINT(4.9059141,52.3741957)";"POINT(52.3741957,4.9059141)";4.9059141;52.3741957;
66;64;"GGD";"Sedumdak";2007;650;"Centrum";"SEDUMDAK";"POINT(4.9081252,52.3622939)";"POINT(52.3622939,4.9081252)";4.9081252;52.3622939;
67;66;"Vivaldi";"Sedumdak";2006;1425;"Zuid";"SEDUMDAK";"POINT(4.8850949,52.3372923)";"POINT(52.3372923,4.8850949)";4.8850949;52.3372923;
68;67;"Pedro de Medinalaan";"Sedumdak";2008;660;"Oost";"SEDUMDAK";"POINT(4.9781148,52.3626944)";"POINT(52.3626944,4.9781148)";4.9781148;52.3626944;
69;68;"Eerste Van Campenstraat";"Sedumdak";2010;70;"Zuid";"1evcampenstraat.jpg";"SEDUMDAK";"POINT(4.889725,52.3572928)";"POINT(52.3572928,4.889725)";4.889725;52.3572928;
70;69;"Lutkemeerweg";"Sedumdak";"West";"vandertol1.jpg";"SEDUMDAK";"POINT(4.7642252,52.3572928)";"POINT(52.3572928,4.7642252)";4.7642252;52.3572928;
71;70;"Lutkemeerweg";"Kruidendak";2010;52;"West";"vandertol2.jpg";"KRUIDENDAK";"POINT(4.762315,52.3577925)";"POINT(52.3577925,4.762315)";4.762315;52.3577925;
72;71;"Oudezijds Achterburgwal";"Sedumdak";2010;40;"Centrum";"oudezijdsachterburgwal.jpg";"SEDUMDAK";"POINT(4.8953249,52.3700911)";"POINT(52.3700911,4.8953249)";4.8953249;52.3700911;
73;73;"Stuurmankade";"Sedumdak";2010;112;"Oost";"stuurmankade-1.jpg";"SEDUMDAK";"POINT(4.9487851,52.3723914)";"POINT(52.3723914,4.9487851)";4.9487851;52.3723914;
74;74;"Stuurmankade";"Sedumdak";2010;47;"Oost";"stuurmankade-2.jpg";"SEDUMDAK";"POINT(4.9492652,52.3724944)";"POINT(52.3724944,4.9492652)";4.9492652;52.3724944;
75;75;"Van Ostadestraat";"Solar-sedumdak";2010;48;"Zuid";"VanOstadestraat.jpg";"";"SOLARSEDUM";"POINT(4.8936031,52.3525321)";"POINT(52.3525321,4.8936031)";4.8936031;52.3525321;
76;77;"Rijksstraatweg Duivendrecht";"Sedumdak";2010;4;"Buiten Amsterdam";"rijksstraatweg-duivendrecht.jpg";"";"SEDUMDAK";"POINT(4.9415018,52.3341834)";"POINT(52.3341834,4.9415018)";4.9415018;52.3341834;
77;78;"Tweede Helmerstraat";"Sedumdak";2010;58;"West";"2ehelmerstraat.jpg";"SEDUMDAK";"POINT(4.8768051,52.3646933)";"POINT(52.3646933,4.8768051)";4.8768051;52.3646933;
78;79;"Stadsdeelkantoor Oost";"Sedumdak";2010;"Oost";"SDkantoor Oost.jpg";"http://www.youtube.com/watch?v=2L9JyM7nlt8";"SEDUMDAK";"POINT(4.9313352,52.3567931)";"POINT(52.3567931,4.9313352)";4.9313352;52.3567931;
79;81;"IJzerhof";"Sedumdak";"Nieuw-west";"SEDUMDAK";"POINT(4.805455,52.3439948)";"POINT(52.3439948,4.805455)";4.805455;52.3439948;
80;82;"Zennehof";"Sedumdak";"Nieuw-west";"SEDUMDAK";"POINT(4.805485,52.3432929)";"POINT(52.3432929,4.805485)";4.805485;52.3432929;
81;84;"Liederkerkeplantsoen";"Sedumdak";"Nieuw-west";"SEDUMDAK";"POINT(4.806175,52.3432929)";"POINT(52.3432929,4.806175)";4.806175;52.3432929;
82;85;"Liederkerkeplantsoen";"Sedumdak";"Nieuw-west";"SEDUMDAK";"POINT(4.8062951,52.3425948)";"POINT(52.3425948,4.8062951)";4.8062951;52.3425948;
83;86;"Watermaalpad";"Sedumdak";"Nieuw-west";"SEDUMDAK";"POINT(4.805475,52.3425948)";"POINT(52.3425948,4.805475)";4.805475;52.3425948;
84;83;"Liederkerkeplantsoen";"Sedumdak";"Nieuw-west";"SEDUMDAK";"POINT(4.806165,52.3438918)";"POINT(52.3438918,4.806165)";4.806165;52.3438918;
85;87;"Watermaalpad";"Sedumdak";"Nieuw-west";"SEDUMDAK";"POINT(4.8046448,52.3425948)";"POINT(52.3425948,4.8046448)";4.8046448;52.3425948;
86;111;"Valeriusstraat";"Sedumdak";2010;43;"Zuid";"Valeriusstraat.jpg";"SEDUMDAK";"POINT(4.8578551,52.3510939)";"POINT(52.3510939,4.8578551)";4.8578551;52.3510939;
87;89;"Nieuwe Uilenburgerstraat";"Sedumdak";2011;175;"Centrum";"uilenburgerstraat.jpg";"SEDUMDAK";"POINT(4.903815,52.3701941)";"POINT(52.3701941,4.903815)";4.903815;52.3701941;
88;90;"Nicolaas Witsenkade";"Sedumdak";2011;40;"Centrum";"Nic-Witsenkade.jpg";"SEDUMDAK";"POINT(4.8965852,52.3582923)";"POINT(52.3582923,4.8965852)";4.8965852;52.3582923;
89;91;"Wakkerstraat";"Sedumdak";2010;73;"Oost";"Wakkerstraat.jpg";"SEDUMDAK";"POINT(4.9284952,52.3540923)";"POINT(52.3540923,4.9284952)";4.9284952;52.3540923;
90;92;"Florijn";"Sedumdak";2011;55;"Zuidoost";"Kidz en friends.jpg";"SEDUMDAK";"POINT(4.9556949,52.3206946)";"POINT(52.3206946,4.9556949)";4.9556949;52.3206946;
91;93;"Dijksgracht";"Sedumdak";2010;42;"Centrum";"Jannie 009.jpg";"";"SEDUMDAK";"POINT(4.916249,52.3761222)";"POINT(52.3761222,4.916249)";4.916249;52.3761222;
92;94;"Overtoom";"Sedumdak";2011;420;"West";"conscious.jpg";"";"SEDUMDAK";"POINT(4.8563878,52.3576361)";"POINT(52.3576361,4.8563878)";4.8563878;52.3576361;
93;95;"Middenweg";"Sedumdak";2011;50;"Oost";"middenweg.jpg";"SEDUMDAK";"POINT(4.9373648,52.3497931)";"POINT(52.3497931,4.9373648)";4.9373648;52.3497931;
94;96;"Johannes Verhulststraat";"Sedumdak";2011;75;"Zuid";"Johannes-verhulst.jpg";"SEDUMDAK";"POINT(4.8702848,52.3537947)";"POINT(52.3537947,4.8702848)";4.8702848;52.3537947;
95;97;"Roemer Visscherstraat";"Sedumdak";2010;94;"West";"Roemer-Visscherstraat.jpg";"SEDUMDAK";"POINT(4.8757451,52.3611914)";"POINT(52.3611914,4.8757451)";4.8757451;52.3611914;
96;98;"De Wittenstraat";"Sedumdak";2010;140;"West";"SEDUMDAK";"POINT(4.8796351,52.3835913)";"POINT(52.3835913,4.8796351)";4.8796351;52.3835913;
97;99;"James Bradleystraat";"Sedumdak";2010;45;"Oost";"James Bradleystraat.jpg";"SEDUMDAK";"POINT(4.9769952,52.3607947)";"POINT(52.3607947,4.9769952)";4.9769952;52.3607947;
98;100;"Entrepotdok";"Sedumdak";2010;585;"Centrum";"Entrepotdok110-220_in aanleg_4.jpg";"SEDUMDAK";"POINT(4.9216449,52.3662917)";"POINT(52.3662917,4.9216449)";4.9216449;52.3662917;
99;101;"Noordermarkt";"Sedumdak";2011;53;"Centrum";"Noordermarkt.jpg";"SEDUMDAK";"POINT(4.886935,52.3799941)";"POINT(52.3799941,4.886935)";4.886935;52.3799941;
100;102;"Nieuwe Herengracht";"Sedumdak";2011;105;"Centrum";"nwe-herengracht.jpg";"SEDUMDAK";"POINT(4.903815,52.3659941)";"POINT(52.3659941,4.903815)";4.903815;52.3659941;
101;103;"Pieter de Hoochstraat";"Sedumdak";2011;615;"Zuid";"Pieter-de-Hooch.jpg";"SEDUMDAK";"POINT(4.8857748,52.355992)";"POINT(52.355992,4.8857748)";4.8857748;52.355992;
102;104;"Herenmarkt";"Sedumdak";2011;40;"Centrum";"Herenmarkt.jpg";"SEDUMDAK";"POINT(4.8912451,52.3798949)";"POINT(52.3798949,4.8912451)";4.8912451;52.3798949;
103;105;"Prinsengracht";"Sedumdak";2011;120;"Centrum";"Prinsengracht.jpg";"SEDUMDAK";"POINT(4.8911951,52.3624922)";"POINT(52.3624922,4.8911951)";4.8911951;52.3624922;
104;106;"Lisdoddelaan";"Sedumdak";2011;40;"Oost";"Lisdoddelaan98.jpg";"SEDUMDAK";"POINT(4.994395,52.3521926)";"POINT(52.3521926,4.994395)";4.994395;52.3521926;
105;107;"Egelantiersstraat";"Sedumdak";"Centrum";"http://www.youtube.com/watch?v=UvRGG8GTQuk";"SEDUMDAK";"POINT(4.8837349,52.3769919)";"POINT(52.3769919,4.8837349)";4.8837349;52.3769919;
106;108;"Kalverstraat";"Sedumdak";2011;385;"Centrum";"kalverstraat.jpg";"SEDUMDAK";"POINT(4.8912151,52.3700911)";"POINT(52.3700911,4.8912151)";4.8912151;52.3700911;
107;109;"Lisdoddelaan";"Sedumdak";2011;45;"Oost";"Lisdoddelaan100.jpg";"SEDUMDAK";"POINT(4.9944251,52.3521926)";"POINT(52.3521926,4.9944251)";4.9944251;52.3521926;
108;110;"Plantage Middenlaan";"Sedumdak";2010;238;"Centrum";"Hugo-de-vries.jpg";"SEDUMDAK";"POINT(4.9081552,52.3670928)";"POINT(52.3670928,4.9081552)";4.9081552;52.3670928;
109;112;"Sloterkade";"Solar-sedumdak";2010;50;"Zuid";"sloterkade.jpg";"";"SOLARSEDUM";"POINT(4.8513338,52.3493392)";"POINT(52.3493392,4.8513338)";4.8513338;52.3493392;
110;113;"Des Presstraat";"Sedumdak";2010;250;"Zuid";"Des Presstraat.jpg";"SEDUMDAK";"POINT(4.8613951,52.350392)";"POINT(52.350392,4.8613951)";4.8613951;52.350392;
111;114;"RAI";"Sedumdak";0;200;"Zuid";"RAI-2013.jpg";"";"SEDUMDAK";"POINT(4.8890188,52.3409659)";"POINT(52.3409659,4.8890188)";4.8890188;52.3409659;
112;115;"Overtoom";"Sedumdak";"West";"SEDUMDAK";"POINT(4.8745148,52.3627936)";"POINT(52.3627936,4.8745148)";4.8745148;52.3627936;
113;119;"Dijkbraak";"Sedumdak";2011;50;"Noord";"";"";"SEDUMDAK";"POINT(4.8923079,52.4231764)";"POINT(52.4231764,4.8923079)";4.8923079;52.4231764;
114;120;"Dijkbraak";"Solar-sedumdak";2011;50;"Noord";"";"";"SOLARSEDUM";"POINT(4.8919568,52.4228164)";"POINT(52.4228164,4.8919568)";4.8919568;52.4228164;
115;121;"Dijkbraak";"Sedumdak";2011;50;"Noord";"dijkbraak23.jpg";"";"SEDUMDAK";"POINT(4.8918964,52.4228548)";"POINT(52.4228548,4.8918964)";4.8918964;52.4228548;
116;122;"Dijkbraak";"Sedumdak";2011;50;"Noord";"Dijkbraak 14-3.jpg";"";"SEDUMDAK";"POINT(4.8920166,52.4231104)";"POINT(52.4231104,4.8920166)";4.8920166;52.4231104;
117;72;"Spui";"Sedumdak";2010;180;"Centrum";"Spui-AmericanBookcentre32.jpg";"SEDUMDAK";"POINT(4.8895552,52.3689925)";"POINT(52.3689925,4.8895552)";4.8895552;52.3689925;
118;80;"Werf &#096;t Kromhout Nieuwe vaart";"Sedumdak";0;0;"Centrum";"";"";"SEDUMDAK";"POINT(4.9208533,52.3677888)";"POINT(52.3677888,4.9208533)";4.9208533;52.3677888;
119;123;"Fietsenstalling kantoor ING";"Sedumdak";150;"West";"ING-sloterdijkpark.jpg";"SEDUMDAK";"POINT(4.8509352,52.3858916)";"POINT(52.3858916,4.8509352)";4.8509352;52.3858916;
121;125;"Carolina MacGillavrylaan";"Muur";2011;100;"Oost";"WTCW-muur.jpg";"MUUR";"POINT(4.948405,52.3569914)";"POINT(52.3569914,4.948405)";4.948405;52.3569914;
122;126;"Jacob Marisplein";"Sedumdak";2011;75;"Zuid";"Jacob Marisplein.jpg";"SEDUMDAK";"POINT(4.8524949,52.3536917)";"POINT(52.3536917,4.8524949)";4.8524949;52.3536917;
123;127;"Bonnefantenstraat";"Sedumdak";2000;750;"Nieuw-west";"bonnefantenstraat.jpg";"SEDUMDAK";"POINT(4.831085,52.3659941)";"POINT(52.3659941,4.831085)";4.831085;52.3659941;
124;27;"Jacob van Lennepkade 621";"Sedumdak";40;"West";"JacobVanLennepkade.jpg";"SEDUMDAK";"POINT(4.859925,52.3619925)";"POINT(52.3619925,4.859925)";4.859925;52.3619925;
125;11;"Korte Koningsstraat";"Sedumdak";2009;50;"Centrum";"KoningsstraatRosner14.jpg";"SEDUMDAK";"POINT(4.9029648,52.3716933)";"POINT(52.3716933,4.9029648)";4.9029648;52.3716933;
126;128;"Huntum";"Solar-sedumdak";2011;70;"Zuidoost";"huntum.jpg";"";"SOLARSEDUM";"POINT(4.9619691,52.3069007)";"POINT(52.3069007,4.9619691)";4.9619691;52.3069007;
127;129;"Bijlmerplein";"Daktuin";1987;7600;"Zuidoost";"DAKTUIN";"POINT(4.9531252,52.3133933)";"POINT(52.3133933,4.9531252)";4.9531252;52.3133933;
128;130;"Valkenburgerstraat";"Sedumdak";"Centrum";"SEDUMDAK";"POINT(4.9066651,52.3697936)";"POINT(52.3697936,4.9066651)";4.9066651;52.3697936;
129;131;"Tot 2016 Ford heeft pand verlaten Muren zijn niet meer in tact";"Muur";0;0;"Zuid";"ford-Amstelkade.jpg";"";"MUUR";"POINT(4.9078062,52.3394553)";"POINT(52.3394553,4.9078062)";4.9078062;52.3394553;
130;132;"Johan Huizingalaan";"Grasdak";"Nieuw-west";"GRASDAK";"POINT(4.8280151,52.3501937)";"POINT(52.3501937,4.8280151)";4.8280151;52.3501937;
131;133;"Knappertstraat";"Grasdak";"Nieuw-west";"GRASDAK";"POINT(4.829335,52.3501937)";"POINT(52.3501937,4.829335)";4.829335;52.3501937;
132;134;"Boddaertstraat";"Grasdak";"Nieuw-west";"GRASDAK";"POINT(4.8307049,52.3501937)";"POINT(52.3501937,4.8307049)";4.8307049;52.3501937;
133;135;"Loosduinenstraat";"Sedumdak";2011;"Nieuw-west";"SEDUMDAK";"POINT(4.8386648,52.3506934)";"POINT(52.3506934,4.8386648)";4.8386648;52.3506934;
134;136;"Kwintsheulstraat";"Daktuin";2011;"Nieuw-west";"DAKTUIN";"POINT(4.8401248,52.3507926)";"POINT(52.3507926,4.8401248)";4.8401248;52.3507926;
135;137;"Amstel 1";"Sedumdak";2011;1700;"Centrum";"stopera_roof_4-800x499.jpg";"SEDUMDAK";"POINT(4.9003951,52.3682944)";"POINT(52.3682944,4.9003951)";4.9003951;52.3682944;
136;138;"Hendrik Werkmanstraat";"Sedumdak";2008;2500;"Nieuw-west";"SEDUMDAK";"POINT(4.8362749,52.3690917)";"POINT(52.3690917,4.8362749)";4.8362749;52.3690917;
137;139;"Hendrik Werkmanstraat";"Sedumdak";2008;700;"Nieuw-west";"SEDUMDAK";"POINT(4.8361852,52.3683936)";"POINT(52.3683936,4.8361852)";4.8361852;52.3683936;
138;140;"Valkenburgerstraat";"Sedumdak";2011;"Centrum";"SEDUMDAK";"POINT(4.9077752,52.3703925)";"POINT(52.3703925,4.9077752)";4.9077752;52.3703925;
139;29;"Schiphol Aankomst Hal";"Sedumdak";1994;8500;"Buiten Amsterdam";"schiphol.jpg";"";"SEDUMDAK";"POINT(4.7623532,52.3084494)";"POINT(52.3084494,4.7623532)";4.7623532;52.3084494;
140;76;"Weteringschans";"Sedumdak";2010;68;"Centrum";"Weteringsschans.jpg";"SEDUMDAK";"POINT(4.8935049,52.3595931)";"POINT(52.3595931,4.8935049)";4.8935049;52.3595931;
141;141;"Goudsbloemstraat";"Sedumdak";2010;"Centrum";"SEDUMDAK";"POINT(4.886245,52.3808943)";"POINT(52.3808943,4.886245)";4.886245;52.3808943;
142;142;"Prinsengracht";"Sedumdak";2010;"Centrum";"SEDUMDAK";"POINT(4.882045,52.3671919)";"POINT(52.3671919,4.882045)";4.882045;52.3671919;
143;143;"Tennisclub Elzenhagen";"Sedumdak";2011;"Noord";"vliegenbos.jpg";"SEDUMDAK";"POINT(4.9365752,52.3896948)";"POINT(52.3896948,4.9365752)";4.9365752;52.3896948;
144;144;"Arlandaweg";"Sedumdak";"West";"arlandaweg.jpg";"SEDUMDAK";"POINT(4.8369749,52.385594)";"POINT(52.385594,4.8369749)";4.8369749;52.385594;
145;145;"Amsteldijk";"Sedumdak";2011;1455;"Zuid";"Amsteldijk96.jpg";"SEDUMDAK";"POINT(4.9133351,52.3418929)";"POINT(52.3418929,4.9133351)";4.9133351;52.3418929;
146;146;"Singel";"Sedumdak";2011;57;"Centrum";"singel155.jpg";"";"SEDUMDAK";"POINT(4.8900903,52.3746532)";"POINT(52.3746532,4.8900903)";4.8900903;52.3746532;
147;147;"Prinsengracht";"Sedumdak";2011;57;"Centrum";"prinsengracht1115.jpg";"SEDUMDAK";"POINT(4.9012048,52.3628928)";"POINT(52.3628928,4.9012048)";4.9012048;52.3628928;
148;148;"Wibautstraat";"Sedumdak";2011;60;"Oost";"wibautstraat150.jpg";"SEDUMDAK";"POINT(4.9117148,52.3537947)";"POINT(52.3537947,4.9117148)";4.9117148;52.3537947;
149;149;"Nicolaas Witsenkade";"Sedumdak";2011;40;"Centrum";"NicolaasWitsenkade11.jpg";"";"SEDUMDAK";"POINT(4.8941271,52.3584563)";"POINT(52.3584563,4.8941271)";4.8941271;52.3584563;
150;150;"Derde Kostverlorenkade";"Sedumdak";2011;40;"West";"derdekostverlorenkade.jpg";"SEDUMDAK";"POINT(4.8569648,52.3597914)";"POINT(52.3597914,4.8569648)";4.8569648;52.3597914;
151;151;"IJselstraat";"Sedumdak";2011;603;"Zuid";"ijsselstraat.jpg";"SEDUMDAK";"POINT(4.9007552,52.347592)";"POINT(52.347592,4.9007552)";4.9007552;52.347592;
152;152;"Bickersgracht";"Sedumdak";2011;204;"Centrum";"bickersgracht.jpg";"";"SEDUMDAK";"POINT(4.8888051,52.3863341)";"POINT(52.3863341,4.8888051)";4.8888051;52.3863341;
153;153;"Kerkstraat";"Sedumdak";2011;120;"Centrum";"";"";"SEDUMDAK";"POINT(4.8872355,52.3644106)";"POINT(52.3644106,4.8872355)";4.8872355;52.3644106;
154;154;"Keizersgracht";"Sedumdak";2011;160;"Centrum";"keizersgracht132.jpg";"SEDUMDAK";"POINT(4.8866451,52.3766944)";"POINT(52.3766944,4.8866451)";4.8866451;52.3766944;
155;155;"Stade de Colombes";"Sedumdak";2011;88;"Oost";"stade-de-columbus.jpg";"SEDUMDAK";"POINT(4.951925,52.3452918)";"POINT(52.3452918,4.951925)";4.951925;52.3452918;
156;156;"James Cookstraat";"Sedumdak";2011;40;"West";"james-cookstraat.jpg";"SEDUMDAK";"POINT(4.852185,52.3723914)";"POINT(52.3723914,4.852185)";4.852185;52.3723914;
157;157;"Boelelaan";"Sedumdak";2011;500;"Zuid";"Boelelaan.jpg";"SEDUMDAK";"POINT(4.8594448,52.3360945)";"POINT(52.3360945,4.8594448)";4.8594448;52.3360945;
158;158;"Ravenswaaipad";"Sedumdak";2011;826;"Zuidoost";"SEDUMDAK";"POINT(4.978265,52.2972914)";"POINT(52.2972914,4.978265)";4.978265;52.2972914;
159;159;"Vredenhofpad";"Solar-sedumdak";2011;63;"West";"vredenhofpad.jpg";"";"SOLARSEDUM";"POINT(4.8619649,52.3828856)";"POINT(52.3828856,4.8619649)";4.8619649;52.3828856;
160;160;"Prinsengracht";"Sedumdak";2011;105;"Centrum";"prinsengracht441.jpg";"SEDUMDAK";"POINT(4.8836749,52.3706938)";"POINT(52.3706938,4.8836749)";4.8836749;52.3706938;
161;161;"Zocherstraat";"Sedumdak";2011;50;"West";"zocherstraat.jpg";"";"SEDUMDAK";"POINT(4.8552582,52.3566634)";"POINT(52.3566634,4.8552582)";4.8552582;52.3566634;
162;162;"Latherusstraat";"Sedumdak";2011;171;"Noord";"Latherusstraat.jpg";"";"SEDUMDAK";"POINT(4.9156911,52.3958594)";"POINT(52.3958594,4.9156911)";4.9156911;52.3958594;
163;163;"Wouwermanstraat";"Sedumdak";2011;40;"Zuid";"wouwermansstraat.jpg";"SEDUMDAK";"POINT(4.8800652,52.3550917)";"POINT(52.3550917,4.8800652)";4.8800652;52.3550917;
164;164;"Eerste Atjehstraat";"Sedumdak";2011;40;"Oost";"1atjehstraat.jpg";"";"SEDUMDAK";"POINT(4.9370224,52.3624923)";"POINT(52.3624923,4.9370224)";4.9370224;52.3624923;
165;165;"Oudeschans";"Sedumdak";2011;177;"Centrum";"oudeschans.jpg";"SEDUMDAK";"POINT(4.9024751,52.3708922)";"POINT(52.3708922,4.9024751)";4.9024751;52.3708922;
166;166;"Laing's nekstraat";"Sedumdak";2011;44;"Oost";"L-nekstraat.jpg";"SEDUMDAK";"POINT(4.9246948,52.3541915)";"POINT(52.3541915,4.9246948)";4.9246948;52.3541915;
167;167;"Karel du Jardinstraat";"Sedumdak";2011;430;"Zuid";"SEDUMDAK";"POINT(4.8952048,52.3506934)";"POINT(52.3506934,4.8952048)";4.8952048;52.3506934;
168;168;"Clara Zetkinstraat";"Solar-sedumdak";2011;40;"Zuidoost";"clara-zetkinstraat.jpg";"";"SOLARSEDUM";"POINT(4.961879,52.3218352)";"POINT(52.3218352,4.961879)";4.961879;52.3218352;
169;169;"Zocherstraat";"Sedumdak";2011;50;"West";"SEDUMDAK";"POINT(4.8579552,52.3572928)";"POINT(52.3572928,4.8579552)";4.8579552;52.3572928;
170;173;"Spyridon louisweg";"Sedumdak";2011;50;"Noord";"SEDUMDAK";"POINT(4.9203551,52.4024932)";"POINT(52.4024932,4.9203551)";4.9203551;52.4024932;
171;171;"Spyridon louisweg";"Sedumdak";2011;50;"Noord";"SEDUMDAK";"POINT(4.9189751,52.4020926)";"POINT(52.4020926,4.9189751)";4.9189751;52.4020926;
172;172;"Spyridon louisweg";"Sedumdak";2011;50;"Noord";"SEDUMDAK";"POINT(4.9188449,52.4021918)";"POINT(52.4021918,4.9188449)";4.9188449;52.4021918;
173;174;"Spyridon louisweg";"Sedumdak";2011;50;"Noord";"SEDUMDAK";"POINT(4.9202449,52.402394)";"POINT(52.402394,4.9202449)";4.9202449;52.402394;
174;175;"Spyridon louisweg";"Sedumdak";2011;50;"Noord";"SEDUMDAK";"POINT(4.9193551,52.4020926)";"POINT(52.4020926,4.9193551)";4.9193551;52.4020926;
175;176;"Korte Koningstraat";"Sedumdak";2009;120;"Centrum";"SEDUMDAK";"POINT(4.9031951,52.3716933)";"POINT(52.3716933,4.9031951)";4.9031951;52.3716933;
176;177;"Korte Keizersdwarsstraat";"Sedumdak";2009;240;"Centrum";"SEDUMDAK";"POINT(4.902735,52.3713919)";"POINT(52.3713919,4.902735)";4.902735;52.3713919;
177;178;"Floraweg";"Solar-sedumdak";2011;388;"Noord";"flora_weg_200.jpg";"";"SOLARSEDUM";"POINT(4.9085562,52.4000022)";"POINT(52.4000022,4.9085562)";4.9085562;52.4000022;
178;179;"Da Costakade";"Kruidendak";50;"West";"da_costakade.jpg";"KRUIDENDAK";"POINT(4.873215,52.372193)";"POINT(52.372193,4.873215)";4.873215;52.372193;
179;180;"Woltera van Reesstraat";"Sedumdak";2000;0;"Oost";"woltera-oud.jpg";"";"SEDUMDAK";"POINT(4.9284189,52.3599364)";"POINT(52.3599364,4.9284189)";4.9284189;52.3599364;
180;182;"Nicolaas Maesstraat";"Sedumdak";2011;200;"Zuid";"nicolaas_maesschool.jpg";"SEDUMDAK";"POINT(4.875695,52.3540923)";"POINT(52.3540923,4.875695)";4.875695;52.3540923;
181;181;"Amstel";"Sedumdak";2011;40;"Centrum";"amstel.jpg";"SEDUMDAK";"POINT(4.9018052,52.3635947)";"POINT(52.3635947,4.9018052)";4.9018052;52.3635947;
182;183;"Kadoelenweg";"Sedumdak";2006;17;"Noord";"kadoelenweg.jpg";"";"SEDUMDAK";"POINT(4.9064038,52.4155966)";"POINT(52.4155966,4.9064038)";4.9064038;52.4155966;
183;184;"Tamariskhof";"Sedumdak";2011;97;"Oost";"SEDUMDAK";"POINT(5.0014851,52.3458945)";"POINT(52.3458945,5.0014851)";5.0014851;52.3458945;
184;185;"Rustenburgerdwarsstraat";"Sedumdak";1998;450;"Zuid";"pieter_aerts.jpg";"SEDUMDAK";"POINT(4.9042451,52.353192)";"POINT(52.353192,4.9042451)";4.9042451;52.353192;
185;186;"Wachterliedplantsoen";"Sedumdak";2009;770;"West";"Wachterliedplantsoen";"http://www.sempergreen.com/nl/projecten/groendak-woonwijk-amsterdam";"SEDUMDAK";"POINT(4.8538949,52.3771941)";"POINT(52.3771941,4.8538949)";4.8538949;52.3771941;
186;187;"Rode Kruislaan";"Muur";2012;0;"Buiten Amsterdam";"";"";"MUUR";"POINT(4.9721019,52.3411833)";"POINT(52.3411833,4.9721019)";4.9721019;52.3411833;
187;188;"Spaklerweg";"Daktuin";2012;3000;"Buiten Amsterdam";"zuidpark.jpg";"http://www.zuidpark.nl/";"DAKTUIN";"POINT(4.9218271,52.3310896)";"POINT(52.3310896,4.9218271)";4.9218271;52.3310896;
188;189;"Nicolaas Maesstraat";"Sedumdak";2012;10;"Zuid";"nicolaas_maessstraat.jpg";"SEDUMDAK";"POINT(4.8789451,52.3541915)";"POINT(52.3541915,4.8789451)";4.8789451;52.3541915;
189;190;"Palestrinastraat";"Sedumdak";2012;30;"Zuid";"Palestrinastraat.jpg";"";"SEDUMDAK";"POINT(4.8770049,52.3562627)";"POINT(52.3562627,4.8770049)";4.8770049;52.3562627;
190;191;"Werf Kattenlaan";"Sedumdak";2012;170;"Zuid";"kattenlaan.jpg";"SEDUMDAK";"POINT(4.8657548,52.3588912)";"POINT(52.3588912,4.8657548)";4.8657548;52.3588912;
191;192;"Rijnsburgstraat";"Sedumdak";2012;22;"Zuid";"Rijnsburgstraat.jpg";"SEDUMDAK";"POINT(4.8491952,52.3474928)";"POINT(52.3474928,4.8491952)";4.8491952;52.3474928;
192;193;"Pieter de Hoochstraat";"Sedumdak";2012;24;"Zuid";"p-de-hooch.jpg";"SEDUMDAK";"POINT(4.8850748,52.3572928)";"POINT(52.3572928,4.8850748)";4.8850748;52.3572928;
193;194;"De Lairessestraat";"Sedumdak";2012;21;"Zuid";"lairessestraat.jpg";"SEDUMDAK";"POINT(4.8745849,52.3544928)";"POINT(52.3544928,4.8745849)";4.8745849;52.3544928;
194;195;"Omval";"Solar-sedumdak";2012;80;"Oost";"omval.jpg";"";"SOLARSEDUM";"POINT(4.9142592,52.3454558)";"POINT(52.3454558,4.9142592)";4.9142592;52.3454558;
195;196;"IJsbaanpad";"Sedumdak";2012;85;"Zuid";"ijsbaanpad.jpg";"SEDUMDAK";"POINT(4.8485248,52.3415915)";"POINT(52.3415915,4.8485248)";4.8485248;52.3415915;
196;197;"Bloemgracht";"Sedumdak";2012;85;"Centrum";"bloemgracht.jpg";"SEDUMDAK";"POINT(4.8807151,52.3743941)";"POINT(52.3743941,4.8807151)";4.8807151;52.3743941;
197;198;"Nieuwezijds Voorburgwal";"Sedumdak";2012;40;"Centrum";"SEDUMDAK";"POINT(4.8907449,52.3740927)";"POINT(52.3740927,4.8907449)";4.8907449;52.3740927;
198;199;"Eerste Rozendwarsstraat";"Sedumdak";2012;100;"Centrum";"eerste_rozendwarsstraat.jpg";"SEDUMDAK";"POINT(4.8804452,52.3730933)";"POINT(52.3730933,4.8804452)";4.8804452;52.3730933;
199;200;"Borneokade";"Sedumdak";2012;92;"Oost";"borneokade.jpg";"SEDUMDAK";"POINT(4.9436548,52.3709914)";"POINT(52.3709914,4.9436548)";4.9436548;52.3709914;
200;206;"Eerste Schinkelstraat";"Solar-sedumdak";2012;40;"Zuid";"Eersteschinkelstraat.jpg";"";"SOLARSEDUM";"POINT(4.8541138,52.3539092)";"POINT(52.3539092,4.8541138)";4.8541138;52.3539092;
203;208;"Woltera van Reestraat";"Sedumdak";2012;960;"Oost";"wolteravanreestraat.jpg";"";"SEDUMDAK";"POINT(4.9283922,52.3596999)";"POINT(52.3596999,4.9283922)";4.9283922;52.3596999;
204;208;"Woltera van Reestraat";"Sedumdak";2012;960;"Oost";"wolteravanreestraat.jpg";"";"SEDUMDAK";"POINT(4.9283922,52.3596999)";"POINT(52.3596999,4.9283922)";4.9283922;52.3596999;
205;208;"Woltera van Reestraat";"Sedumdak";2012;960;"Oost";"wolteravanreestraat.jpg";"";"SEDUMDAK";"POINT(4.9283922,52.3596999)";"POINT(52.3596999,4.9283922)";4.9283922;52.3596999;
206;234;"Buiksloterbreek";"Sedumdak";2012;0;"Noord";"bb1.jpg";"";"SEDUMDAK";"POINT(4.907552,52.4021613)";"POINT(52.4021613,4.907552)";4.907552;52.4021613;
207;234;"Buiksloterbreek";"Sedumdak";2012;0;"Noord";"bb1.jpg";"";"SEDUMDAK";"POINT(4.907552,52.4021613)";"POINT(52.4021613,4.907552)";4.907552;52.4021613;
208;234;"Buiksloterbreek";"Sedumdak";2012;61;"Noord";"bb1.jpg";"";"SEDUMDAK";"POINT(4.907552,52.4021613)";"POINT(52.4021613,4.907552)";4.907552;52.4021613;
209;235;"Buiksloterbreek";"Solar-sedumdak";2012;55;"Noord";"bb2.jpg";"";"SOLARSEDUM";"POINT(4.9075382,52.4021079)";"POINT(52.4021079,4.9075382)";4.9075382;52.4021079;
210;236;"Buiksloterbreek";"Solar-sedumdak";2012;56;"Noord";"bb3.jpg";"";"SOLARSEDUM";"POINT(4.90746,52.4019629)";"POINT(52.4019629,4.90746)";4.90746;52.4019629;
211;237;"Buiksloterbreek";"Sedumdak";2012;56;"Noord";"bb4.jpg";"";"SEDUMDAK";"POINT(4.9074581,52.4019095)";"POINT(52.4019095,4.9074581)";4.9074581;52.4019095;
214;238;"Hoendiepstraat";"Sedumdak";2012;9;"Zuid";"Groendak Hoendiepstraat 44-2.JPG";"";"SEDUMDAK";"POINT(4.9105718,52.3420188)";"POINT(52.3420188,4.9105718)";4.9105718;52.3420188;
216;239;"Herengracht 125";"Sedumdak";2012;150;"Centrum";"";"";"SEDUMDAK";"POINT(4.889447,52.3758399)";"POINT(52.3758399,4.889447)";4.889447;52.3758399;
217;240;"Overtoom";"Sedumdak";2012;580;"West";"overtoom.jpg";"http://www.ot301.nl";"SEDUMDAK";"POINT(4.865886,52.3597418)";"POINT(52.3597418,4.865886)";4.865886;52.3597418;
218;241;"Nieuwe Prinsengracht";"Sedumdak";2013;438;"Centrum";"IMG_0091.jpg";"";"SEDUMDAK";"POINT(4.9050729,52.3629424)";"POINT(52.3629424,4.9050729)";4.9050729;52.3629424;
219;242;"Museumpromenade";"Grasdak";2009;0;"Zuid";"museumplein.jpg";"";"GRASDAK";"POINT(4.879997,52.3572165)";"POINT(52.3572165,4.879997)";4.879997;52.3572165;
221;244;"Akersluis";"Sedumdak";2009;0;"Nieuw-West";"akersluis.jpg";"";"SEDUMDAK";"POINT(4.7944829,52.3437735)";"POINT(52.3437735,4.7944829)";4.7944829;52.3437735;
222;243;"Amstelpark Werf De Borcht";"Sedumdak";0;138;"Zuid";"";"";"SEDUMDAK";"POINT(4.8924401,52.3252875)";"POINT(52.3252875,4.8924401)";4.8924401;52.3252875;
223;245;"Sloterkade";"Solar-sedumdak";2013;55;"Zuid";"Sloterkade 3.jpg";"";"SOLARSEDUM";"POINT(4.8514101,52.3496558)";"POINT(52.3496558,4.8514101)";4.8514101;52.3496558;
224;246;"Sloterkade";"Solar-sedumdak";0;55;"Zuid";"";"";"SOLARSEDUM";"POINT(4.8513839,52.3496176)";"POINT(52.3496176,4.8513839)";4.8513839;52.3496176;
225;247;"Sloterkade";"Solar-sedumdak";2013;55;"Zuid";"sloterkade174v2.jpg";"";"SOLARSEDUM";"POINT(4.8513811,52.3495719)";"POINT(52.3495719,4.8513811)";4.8513811;52.3495719;
233;250;"Arena";"Grasdak";1996;5000;"Zuidoost";"arena.jpg";"";"GRASDAK";"POINT(4.941879,52.3140456)";"POINT(52.3140456,4.941879)";4.941879;52.3140456;
241;249;"Prinsengracht";"Sedumdak";2013;210;"Centrum";"prinsengracht700.jpg";"";"SEDUMDAK";"POINT(4.894264,52.361508)";"POINT(52.361508,4.894264)";4.894264;52.361508;
245;251;"Egelantiersgracht";"Sedumdak";2013;185;"Centrum";"egelantiersgracht.jpg";"";"SEDUMDAK";"POINT(4.87971,52.3752791)";"POINT(52.3752791,4.87971)";4.87971;52.3752791;
246;252;"Sloterkade";"Sedumdak";0;40;"Zuid";"";"";"SEDUMDAK";"POINT(4.8513381,52.3494345)";"POINT(52.3494345,4.8513381)";4.8513381;52.3494345;
247;253;"VU Boelelaan Openbare daktuin";"Daktuin";2013;800;"Zuid";"VU.jpg";"";"DAKTUIN";"POINT(4.8660638,52.3339736)";"POINT(52.3339736,4.8660638)";4.8660638;52.3339736;
249;254;"Sarphatipark";"Sedumdak";2013;44;"Zuid";"sarphatipark.jpg";"";"SEDUMDAK";"POINT(4.894623,52.3540923)";"POINT(52.3540923,4.894623)";4.894623;52.3540923;
250;115;"Sloterkade";"Sedumdak";2012;50;"Zuid";"Sloterkade177-179.jpg";"";"SEDUMDAK";"POINT(4.8513272,52.3493888)";"POINT(52.3493888,4.8513272)";4.8513272;52.3493888;
251;256;"Beatrixpark";"Sedumdak";2013;100;"Zuid";"";"";"SEDUMDAK";"POINT(4.8843448,52.343579)";"POINT(52.343579,4.8843448)";4.8843448;52.343579;
257;257;"Realengracht";"Sedumdak";0;0;"Centrum";"realengracht.jpg";"";"SEDUMDAK";"POINT(4.8867109,52.3871886)";"POINT(52.3871886,4.8867109)";4.8867109;52.3871886;
258;258;"Vinkenstraat";"Grasdak";0;0;"Centrum";"";"";"GRASDAK";"POINT(4.8836911,52.3839079)";"POINT(52.3839079,4.8836911)";4.8836911;52.3839079;
259;259;"Roerstraat";"Sedumdak";2013;6;"Zuid";"roerstraat21.jpg";"";"SEDUMDAK";"POINT(4.8995259,52.3448226)";"POINT(52.3448226,4.8995259)";4.8995259;52.3448226;
260;260;"Paleis van Justitie Westerdok";"Muur";2012;0;"Centrum";"justitie.jpg";"";"MUUR";"POINT(4.8934271,52.3837477)";"POINT(52.3837477,4.8934271)";4.8934271;52.3837477;
261;845;"Camping zeeburg";"Sedumdak";2013;0;"Oost";"zeeburgereiland.jpg";"";"SEDUMDAK";"POINT(4.9606168,52.3659255)";"POINT(52.3659255,4.9606168)";4.9606168;52.3659255;
262;262;"Hogeschool van Amsterdam";"Sedumdak";0;650;"Oost";"";"";"SEDUMDAK";"POINT(4.9079492,52.3587195)";"POINT(52.3587195,4.9079492)";4.9079492;52.3587195;
263;263;"Surinameplein";"Sedumdak";2011;50;"West";"fietsenstalling Surinameplein.jpg";"";"SEDUMDAK";"POINT(4.8517988,52.3583724)";"POINT(52.3583724,4.8517988)";4.8517988;52.3583724;
264;264;"Schepenbergweg Werf Stadsdel Zuidoost";"Sedumdak";2012;0;"Zuidoost";"";"";"SEDUMDAK";"POINT(4.9463952,52.2944647)";"POINT(52.2944647,4.9463952)";4.9463952;52.2944647;
265;265;"Darlingstraat ";"Solar-sedumdak";0;800;"Zuidoost";"";"";"SOLARSEDUM";"POINT(4.9498608,52.3198325)";"POINT(52.3198325,4.9498608)";4.9498608;52.3198325;
266;266;"NEMO";"Kruidendak";2013;1160;"Centrum";"nemo.jpg";"";"KRUIDENDAK";"POINT(4.9123528,52.3745505)";"POINT(52.3745505,4.9123528)";4.9123528;52.3745505;
267;267;"Stade de Colombes";"Solar-sedumdak";2013;103;"Oost";"stade-de-colombes.jpg";"";"SOLARSEDUM";"POINT(4.9528172,52.3447653)";"POINT(52.3447653,4.9528172)";4.9528172;52.3447653;
269;268;"Amstelplein";"Sedumdak";0;0;"Oost";"";"";"SEDUMDAK";"POINT(4.9160969,52.3449904)";"POINT(52.3449904,4.9160969)";4.9160969;52.3449904;
270;269;"Sloterkade";"Solar-sedumdak";2013;135;"Zuid";"sloterkade.jpg";"";"SOLARSEDUM";"POINT(4.8528988,52.3545004)";"POINT(52.3545004,4.8528988)";4.8528988;52.3545004;
271;270;"Symfonie ";"Sedumdak";0;0;"Zuid";"";"";"SEDUMDAK";"POINT(4.8885939,52.3350875)";"POINT(52.3350875,4.8885939)";4.8885939;52.3350875;
272;271;"ITO-Tower";"Sedumdak";0;0;"Zuid";"";"";"SEDUMDAK";"POINT(4.872935,52.3369185)";"POINT(52.3369185,4.872935)";4.872935;52.3369185;
273;272;"ABN-AMRO";"Sedumdak";0;0;"Zuid";"";"";"SEDUMDAK";"POINT(4.8723018,52.3377959)";"POINT(52.3377959,4.8723018)";4.8723018;52.3377959;
274;273;" Baker & Mackenzie";"Sedumdak";0;0;"Zuid";"";"";"SEDUMDAK";"POINT(4.8710468,52.3377463)";"POINT(52.3377463,4.8710468)";4.8710468;52.3377463;
275;274;"Crosstowers";"Sedumdak";0;0;"Zuid";"";"";"SEDUMDAK";"POINT(4.884887,52.3377844)";"POINT(52.3377844,4.884887)";4.884887;52.3377844;
276;275;"Frans van Mierrisstraat";"Sedumdak";2013;30;"Zuid";"frans-van-Mierrisstraat.jpg";"";"SEDUMDAK";"POINT(4.879163,52.3539664)";"POINT(52.3539664,4.879163)";4.879163;52.3539664;
277;276;"Nieuwe Houttuinen";"Sedumdak";2012;1352;"Centrum";"nwe houttuinen.jpg";"";"SEDUMDAK";"POINT(4.8860242,52.384072)";"POINT(52.384072,4.8860242)";4.8860242;52.384072;
278;277;"De Lairessestraat";"Sedumdak";2013;53;"Zuid";"foto1.JPG";"";"SEDUMDAK";"POINT(4.8703601,52.3534018)";"POINT(52.3534018,4.8703601)";4.8703601;52.3534018;
279;278;"Leidsestraat";"Sedumdak";2013;169;"Centrum";"leidsestraat.jpg";"";"SEDUMDAK";"POINT(4.8848231,52.365296)";"POINT(52.365296,4.8848231)";4.8848231;52.365296;
280;279;"Ravenswaaijpad School";"Sedumdak";2012;400;"Zuidoost";"reigersbos.jpg";"";"SEDUMDAK";"POINT(4.9775889,52.2944647)";"POINT(52.2944647,4.9775889)";4.9775889;52.2944647;
281;281;"Banstraat";"Solar-sedumdak";2013;70;"Zuid";"banstraat.jpg";"";"SOLARSEDUM";"POINT(4.8755958,52.3526732)";"POINT(52.3526732,4.8755958)";4.8755958;52.3526732;
282;280;"Soembawastraat";"Sedumdak";2013;260;"Oost";"";"";"SEDUMDAK";"POINT(4.9441369,52.3634574)";"POINT(52.3634574,4.9441369)";4.9441369;52.3634574;
283;282;"Pieter Aertsstraat";"Sedumdak";2013;300;"Zuid";"p-aertsstraat.jpg";"";"SEDUMDAK";"POINT(4.904156,52.3527876)";"POINT(52.3527876,4.904156)";4.904156;52.3527876;
284;283;"Roelof Hartstraat";"Sedumdak";2013;140;"Zuid";"roelof-hart.jpg";"";"SEDUMDAK";"POINT(4.884351,52.3520133)";"POINT(52.3520133,4.884351)";4.884351;52.3520133;
285;284;"Jacob obrechtstraat";"Sedumdak";2013;65;"Zuid";"Jacob_Obrechtstraat_24_groendak.jpg";"";"SEDUMDAK";"POINT(4.8750808,52.3561408)";"POINT(52.3561408,4.8750808)";4.8750808;52.3561408;
286;285;"stichtstraat";"Solar-sedumdak";2013;39;"Zuid";"GroendakFurstner.jpg";"";"SOLARSEDUM";"POINT(4.8986652,52.3391615)";"POINT(52.3391615,4.8986652)";4.8986652;52.3391615;
287;286;"Saxen Weimarlaan";"Sedumdak";2013;22;"Zuid";"Saxen Weimarlaan 35.jpg";"";"SEDUMDAK";"POINT(4.8571961,52.3528678)";"POINT(52.3528678,4.8571961)";4.8571961;52.3528678;
288;287;"Jan van Eijckstraat";"Sedumdak";2013;50;"Zuid";"sedumdak Van Eijckstraat.jpg";"";"SEDUMDAK";"POINT(4.876508,52.3498427)";"POINT(52.3498427,4.876508)";4.876508;52.3498427;
289;287;"Gaasterlandstraat 5";"Sedumdak";2013;1000;"Zuid";"polderdak.jpg";"http://amsterdam.nl/zuidas/nieuws/2013/10oktober/polderdak-old-school/";"SEDUMDAK";"POINT(4.89626,52.3373915)";"POINT(52.3373915,4.89626)";4.89626;52.3373915;
290;289;"Wibautstraat";"Grasdak";2014;700;"Oost";"wibaut125k.jpg";"";"GRASDAK";"POINT(4.912905,52.3546607)";"POINT(52.3546607,4.912905)";4.912905;52.3546607;
292;290;"Eerste Jan van der Heidenstraat";"Sedumdak";2014;14;"Zuid";"Fotogroenedak 1eJvdH36Adam.JPG";"";"SEDUMDAK";"POINT(4.8879769,52.3527533)";"POINT(52.3527533,4.8879769)";4.8879769;52.3527533;
293;291;"Sarphatistraat";"Sedumdak";0;0;"Centrum";"Amstelhotel.jpg";"";"SEDUMDAK";"POINT(4.904907,52.3603598)";"POINT(52.3603598,4.904907)";4.904907;52.3603598;
294;292;"Frissenstein 78";"Sedumdak";2014;424;"Zuidoost";"frissenstein.jpg";"";"SEDUMDAK";"POINT(4.9528649,52.3161704)";"POINT(52.3161704,4.9528649)";4.9528649;52.3161704;
295;293;"Diamantstraat";"Sedumdak";2014;7;"Zuid";"foto-diamant.JPG";"";"SEDUMDAK";"POINT(4.90576,52.3520934)";"POINT(52.3520934,4.90576)";4.90576;52.3520934;
296;294;"Schellingwouderdijk";"Sedumdak";2014;44;"Noord";"schellingwouderdijk.jpg";"";"SEDUMDAK";"POINT(4.963712,52.3837325)";"POINT(52.3837325,4.963712)";4.963712;52.3837325;
297;295;"Waterlandplein";"Daktuin";2014;6000;"Noord";"waterlandplein.jpg";"http://www.atelierpro.nl/nl/projects/65/nieuw-waterlandplein-1";"DAKTUIN";"POINT(4.9552252,52.3929793)";"POINT(52.3929793,4.9552252)";4.9552252;52.3929793;
298;296;"Soembawastraat boven school";"Daktuin";2014;260;"Oost";"soembawa.jpg";"";"DAKTUIN";"POINT(4.9443352,52.3634688)";"POINT(52.3634688,4.9443352)";4.9443352;52.3634688;
299;297;"Marnixstraat";"Sedumdak";2014;40;"Centrum";"marnix.jpg";"";"SEDUMDAK";"POINT(4.8813598,52.3815734)";"POINT(52.3815734,4.8813598)";4.8813598;52.3815734;
300;298;"Stadstimmertuin";"Sedumdak";2014;0;"Centrum";"";"";"SEDUMDAK";"POINT(4.9063928,52.3614165)";"POINT(52.3614165,4.9063928)";4.9063928;52.3614165;
301;299;"Bennebroekstraat";"Sedumdak";2014;36;"Zuid";"benneb.JPG";"";"SEDUMDAK";"POINT(4.8483069,52.3527457)";"POINT(52.3527457,4.8483069)";4.8483069;52.3527457;
302;300;"Bennebroekstraat";"Sedumdak";2014;35;"Zuid";"Bijlage 4 - foto groen dak Bennebroekstraat 11C.jpg";"";"SEDUMDAK";"POINT(4.848902,52.3527419)";"POINT(52.3527419,4.848902)";4.848902;52.3527419;
303;301;"Jacob Marisstraat";"Sedumdak";2014;30;"Zuid";"foto 1-8.JPG";"";"SEDUMDAK";"POINT(4.8525178,52.3540236)";"POINT(52.3540236,4.8525178)";4.8525178;52.3540236;
304;302;"Zandhoek";"Sedumdak";0;0;"Centrum";"";"";"SEDUMDAK";"POINT(4.8905408,52.3879515)";"POINT(52.3879515,4.8905408)";4.8905408;52.3879515;
305;303;"WTCW 408";"Sedumdak";0;900;"Oost";"";"";"SEDUMDAK";"POINT(4.9583852,52.356053)";"POINT(52.356053,4.9583852)";4.9583852;52.356053;
306;304;"Prinsengracht";"Kruidendak";2014;56;"Centrum";"IMG_2303.jpg";"";"KRUIDENDAK";"POINT(4.8828652,52.3702094)";"POINT(52.3702094,4.8828652)";4.8828652;52.3702094;
307;305;"John Coltranestraat";"Solar-sedumdak";2014;60;"Nieuw-West";"John Coltranestraat 19.JPG";"";"SOLARSEDUM";"POINT(4.8261602,52.3437201)";"POINT(52.3437201,4.8261602)";4.8261602;52.3437201;
308;306;"Willem Mollhof";"Solar-sedumdak";2014;50;"Nieuw-West";"Willem Mollhof 4 en 5.jpg";"";"SOLARSEDUM";"POINT(4.8255541,52.3612982)";"POINT(52.3612982,4.8255541)";4.8255541;52.3612982;
309;307;"Prinses Marijkestraat";"Sedumdak";2014;58;"Zuid";"Prinses Marijkestraat 48.JPG";"";"SEDUMDAK";"POINT(4.871495,52.3420989)";"POINT(52.3420989,4.871495)";4.871495;52.3420989;
310;308;"Fahrenheitstraat";"Solar-sedumdak";2014;43;"Oost";"Fahrenheitsraat 10.JPG";"";"SOLARSEDUM";"POINT(4.9234378,52.3425414)";"POINT(52.3425414,4.9234378)";4.9234378;52.3425414;
311;309;"Middenweg 119";"Solar-sedumdak";2014;50;"Oost";"Middenweg 119.JPG";"";"SOLARSEDUM";"POINT(4.9339149,52.3518988)";"POINT(52.3518988,4.9339149)";4.9339149;52.3518988;
312;310;"Weesperzijde";"Solar-sedumdak";2014;60;"Oost";"Weesperzijde 112e.jpg";"";"SOLARSEDUM";"POINT(4.912111,52.350865)";"POINT(52.350865,4.912111)";4.912111;52.350865;
313;311;"Schweigmannstraat";"Solar-sedumdak";2014;46;"Nieuw-West";"Schweigmannstraat 5.jpg";"";"SOLARSEDUM";"POINT(4.8356759,52.3832099)";"POINT(52.3832099,4.8356759)";4.8356759;52.3832099;
314;312;"Linnaeusparkweg ";"Solar-sedumdak";2014;77;"Oost";"Linnaseusparkweg 37.JPG";"";"SOLARSEDUM";"POINT(4.9334538,52.3546263)";"POINT(52.3546263,4.9334538)";4.9334538;52.3546263;
315;317;"Linnaeusparkweg";"Solar-sedumdak";2014;71;"Oost";"Linnaeusparkweg 41.JPG";"";"SOLARSEDUM";"POINT(4.933593,52.3545844)";"POINT(52.3545844,4.933593)";4.933593;52.3545844;
316;313;"Magalhaensplein";"Solar-sedumdak";2014;42;"West";"Maghaelsplein 14.JPG";"";"SOLARSEDUM";"POINT(4.8538082,52.3680197)";"POINT(52.3680197,4.8538082)";4.8538082;52.3680197;
317;318;"Burgersdijkstraat";"Solar-sedumdak";2013;32;"Nieuw-West";"Burgersdijkstraat 20.JPG";"";"SOLARSEDUM";"POINT(4.8244731,52.3610083)";"POINT(52.3610083,4.8244731)";4.8244731;52.3610083;
318;320;"Cornelis van Alkemadestraat";"Sedumdak";2013;50;"Nieuw-West";"";"";"SEDUMDAK";"POINT(4.8259318,52.3605086)";"POINT(52.3605086,4.8259318)";4.8259318;52.3605086;
319;321;"Fahrenheitsraat";"Sedumdak";2013;10;"Oost";"";"";"SEDUMDAK";"POINT(4.9235432,52.3426291)";"POINT(52.3426291,4.9235432)";4.9235432;52.3426291;
320;322;"Newtonstraat";"Solar-sedumdak";2013;21;"Oost";"Newtonstraat 67.jpg";"";"SOLARSEDUM";"POINT(4.9358599,52.3561751)";"POINT(52.3561751,4.9358599)";4.9358599;52.3561751;
321;323;"Kea Boumanstraat";"Solar-sedumdak";2014;0;"Oost";"";"";"SOLARSEDUM";"POINT(4.9706209,52.372972)";"POINT(52.372972,4.9706209)";4.9706209;52.372972;
322;319;"Kea Boumanstraat";"Solar-sedumdak";2014;31;"Oost";"Kea Boumanstraat 88.jpg";"";"SOLARSEDUM";"POINT(4.9689042,52.373889)";"POINT(52.373889,4.9689042)";4.9689042;52.373889;
323;324;"Anfieldroad";"Solar-sedumdak";2013;24;"Oost";"";"";"SOLARSEDUM";"POINT(4.9475729,52.344216)";"POINT(52.344216,4.9475729)";4.9475729;52.344216;
324;325;"Sloterkade";"Solar-sedumdak";2013;25;"Zuid";"Sloterkade 67.jpg";"";"SOLARSEDUM";"POINT(4.8529098,52.3544165)";"POINT(52.3544165,4.8529098)";4.8529098;52.3544165;
325;326;"Wallestein";"Solar-sedumdak";2013;69;"Zuid";"Wallestein 38.JPG";"";"SOLARSEDUM";"POINT(4.8642962,52.3243643)";"POINT(52.3243643,4.8642962)";4.8642962;52.3243643;
326;327;"Ben Websterstraat";"Solar-sedumdak";2013;0;"Nieuw-West";"Ben Websterstraat 13.JPG";"";"SOLARSEDUM";"POINT(4.823765,52.3439719)";"POINT(52.3439719,4.823765)";4.823765;52.3439719;
327;329;"Jan Olphert Vaillantlaan";"Solar-sedumdak";2013;0;"Oost";"J.O. Vaillantlaan 58.JPG";"";"SOLARSEDUM";"POINT(4.97738,52.361489)";"POINT(52.361489,4.97738)";4.97738;52.361489;
328;328;"Vierwindenstraat";"Solar-sedumdak";2013;0;"Centrum";"Vierwindenstraat 84.JPG";"";"SOLARSEDUM";"POINT(4.8877218,52.3879248)";"POINT(52.3879248,4.8877218)";4.8877218;52.3879248;
329;330;"Wibautstraat 150";"Sedumdak";2014;0;"Oost";"wibautstraat.jpg";"";"SEDUMDAK";"POINT(4.9118221,52.3538672)";"POINT(52.3538672,4.9118221)";4.9118221;52.3538672;
330;331;"Dintelstraat";"Sedumdak";2014;132;"Zuid";"Dintelstraat.jpg";"";"SEDUMDAK";"POINT(4.8928082,52.3446242)";"POINT(52.3446242,4.8928082)";4.8928082;52.3446242;
331;332;"Frans van Mierisstraat";"Sedumdak";2014;12;"Zuid";"frans.jpg";"";"SEDUMDAK";"POINT(4.8805692,52.3539778)";"POINT(52.3539778,4.8805692)";4.8805692;52.3539778;
332;333;"Cornelis anthoniszstraat";"Solar-sedumdak";2014;0;"Zuid";"";"";"SOLARSEDUM";"POINT(4.886215,52.3540923)";"POINT(52.3540923,4.886215)";4.886215;52.3540923;
333;124;"Van Diemenstraat";"Muur";2011;100;"West";"van-diemenstraat.jpg";"";"MUUR";"POINT(4.8864591,52.3901412)";"POINT(52.3901412,4.8864591)";4.8864591;52.3901412;
334;401;"Barentzplein";"Sedumdak";2014;150;"West";"";"http://www.klompbv.nl/over-ons/nieuws/renovatie_westerspeeltuin_barentszplein_amsterdam/";"SEDUMDAK";"POINT(4.8903181,52.3894736)";"POINT(52.3894736,4.8903181)";4.8903181;52.3894736;
335;402;"Gerrit van der Veenstraat";"Sedumdak";2014;16;"Zuid";"1 (1).jpg";"";"SEDUMDAK";"POINT(4.8800428,52.3485724)";"POINT(52.3485724,4.8800428)";4.8800428;52.3485724;
336;403;"Willemsparkschool";"Solar-sedumdak";2014;0;"Zuid";"IMG_9108.JPG";"";"SOLARSEDUM";"POINT(4.8696921,52.351052)";"POINT(52.351052,4.8696921)";4.8696921;52.351052;
337;404;"Montessorischool Maas en Waal";"Solar-sedumdak";2014;0;"Zuid";"IMG_9154.JPG";"";"SOLARSEDUM";"POINT(4.9004681,52.3436247)";"POINT(52.3436247,4.9004681)";4.9004681;52.3436247;
338;405;"Baarsstraat";"Sedumdak";2014;24;"Zuid";"Baarsstraat5.jpg";"";"SEDUMDAK";"POINT(4.854645,52.3506438)";"POINT(52.3506438,4.854645)";4.854645;52.3506438;
339;406;"Damrak";"Sedumdak";2014;0;"Centrum";"damrak.jpg";"";"SEDUMDAK";"POINT(4.8967159,52.3761908)";"POINT(52.3761908,4.8967159)";4.8967159;52.3761908;
340;407;"Daltonschool Neptunus IJburg";"Solar-sedumdak";2014;0;"Oost";"neptunus.jpg";"";"SOLARSEDUM";"POINT(4.9909818,52.3595397)";"POINT(52.3595397,4.9909818)";4.9909818;52.3595397;
341;408;"Geert Grooteschool";"Solar-sedumdak";2014;0;"Zuid";"geert-groote.jpg";"";"SOLARSEDUM";"POINT(4.8629682,52.341561)";"POINT(52.341561,4.8629682)";4.8629682;52.341561;
342;409;"President Kennedylaan";"Sedumdak";2014;16;"Zuid";"pres-kennedy.jpg";"";"SEDUMDAK";"POINT(4.9118912,52.3425032)";"POINT(52.3425032,4.9118912)";4.9118912;52.3425032;
343;410;"Schoolwerktuinen Kalfjeslaan";"Solar-sedumdak";2014;200;"Zuid";"kalfjeslaan.jpg";"";"SOLARSEDUM";"POINT(4.8918712,52.3226439)";"POINT(52.3226439,4.8918712)";4.8918712;52.3226439;
344;841;"Stadionweg ";"Sedumdak";2014;52;"Zuid";"stadionweg.jpg";"";"SEDUMDAK";"POINT(4.8802979,52.3475577)";"POINT(52.3475577,4.8802979)";4.8802979;52.3475577;
345;207;"Stade de Colombes";"Sedumdak";2014;40;"Oost";"";"";"SEDUMDAK";"POINT(4.9522989,52.3450629)";"POINT(52.3450629,4.9522989)";4.9522989;52.3450629;
346;335;"Groot Blankenberg 25";"Solar-sedumdak";2014;62;"Zuid";"groot_blankenberg.jpg";"";"SOLARSEDUM";"POINT(4.8792889,52.3242766)";"POINT(52.3242766,4.8792889)";4.8792889;52.3242766;
347;336;"Jacob Obrechtstraat 3";"Sedumdak";2014;36;"Zuid";"jacob_O.jpg";"";"SEDUMDAK";"POINT(4.8742731,52.357823)";"POINT(52.357823,4.8742731)";4.8742731;52.357823;
349;337;"Cannenburg";"Solar-sedumdak";2014;66;"Zuid";"cannenburg.jpg";"";"SOLARSEDUM";"POINT(4.8642371,52.3311392)";"POINT(52.3311392,4.8642371)";4.8642371;52.3311392;
350;411;"Amstelveenseweg";"Solar-sedumdak";2015;100;"Zuid";"Amstelveenseweg 751.jpg";"";"SOLARSEDUM";"POINT(4.8581078,52.3286864)";"POINT(52.3286864,4.8581078)";4.8581078;52.3286864;
351;412;"Kuipersstraat";"Sedumdak";2015;30;"Zuid";"Kuipersstraat_149.jpg";"";"SEDUMDAK";"POINT(4.9001381,52.3529212)";"POINT(52.3529212,4.9001381)";4.9001381;52.3529212;
352;452;"Sloterkade ";"Sedumdak";2015;100;"Zuid";"Sloterkade_139b.jpg";"";"SEDUMDAK";"POINT(4.8520591,52.351895)";"POINT(52.351895,4.8520591)";4.8520591;52.351895;
353;413;"Jan Willem Brouwersstraat ";"Sedumdak";2015;14;"Zuid";"Jan-Willem-Brouwersstraat-11.jpg";"";"SEDUMDAK";"POINT(4.8780072,52.3561179)";"POINT(52.3561179,4.8780072)";4.8780072;52.3561179;
354;414;"Van Ostadestraat 29 ";"Sedumdak";2015;250;"Zuid";"Van-Ostadestraat-29.jpg";"";"SEDUMDAK";"POINT(4.8882639,52.3517882)";"POINT(52.3517882,4.8882639)";4.8882639;52.3517882;
355;421;"Hogeweg";"Sedumdak";2013;35;"Oost";"";"";"SEDUMDAK";"POINT(4.9331801,52.3548972)";"POINT(52.3548972,4.9331801)";4.9331801;52.3548972;
356;422;"Hogeweg ";"Sedumdak";2013;54;"Oost";"";"";"SEDUMDAK";"POINT(4.9336898,52.3557059)";"POINT(52.3557059,4.9336898)";4.9336898;52.3557059;
357;423;"J.O. Vaillantlaan  ";"Sedumdak";2013;50;"Oost";"";"";"SEDUMDAK";"POINT(4.9770181,52.3613593)";"POINT(52.3613593,4.9770181)";4.9770181;52.3613593;
358;424;"Linnaeusparkweg";"Sedumdak";2013;21;"Oost";"";"";"SEDUMDAK";"POINT(4.9414442,52.3491217)";"POINT(52.3491217,4.9414442)";4.9414442;52.3491217;
359;425;"Linnaeusparkweg";"Sedumdak";2013;73;"Oost";"";"";"SEDUMDAK";"POINT(4.9318688,52.3551222)";"POINT(52.3551222,4.9318688)";4.9318688;52.3551222;
360;426;"Lisdoddelaan";"Sedumdak";2013;43;"Oost";"";"";"SEDUMDAK";"POINT(4.996577,52.3512274)";"POINT(52.3512274,4.996577)";4.996577;52.3512274;
361;427;"Lisdoddelaan";"Sedumdak";2013;57;"Oost";"";"";"SEDUMDAK";"POINT(4.991368,52.3537566)";"POINT(52.3537566,4.991368)";4.991368;52.3537566;
362;428;"Middenweg ";"Sedumdak";2013;52;"Oost";"";"";"SEDUMDAK";"POINT(4.9325769,52.3527876)";"POINT(52.3527876,4.9325769)";4.9325769;52.3527876;
364;429;"Nicolaas Hennemanhof";"Sedumdak";2013;34;"Oost";"";"";"SEDUMDAK";"POINT(4.9920409,52.3578841)";"POINT(52.3578841,4.9920409)";4.9920409;52.3578841;
365;430;"Wakkerstraat";"Sedumdak";2013;33;"Buiten Amsterdam";"";"";"SEDUMDAK";"POINT(4.9274862,52.3531996)";"POINT(52.3531996,4.9274862)";4.9274862;52.3531996;
366;431;"Weesperzijde ";"Sedumdak";2013;26;"Buiten Amsterdam";"";"";"SEDUMDAK";"POINT(4.923857,52.3420302)";"POINT(52.3420302,4.923857)";4.923857;52.3420302;
367;432;"Ben van Meerendonkstraat";"Sedumdak";2014;44;"Oost";"";"";"SEDUMDAK";"POINT(5.0116718,52.3489081)";"POINT(52.3489081,5.0116718)";5.0116718;52.3489081;
369;434;"Borneokade 141";"Muur";2014;25;"Oost";"";"";"MUUR";"POINT(4.941468,52.3706442)";"POINT(52.3706442,4.941468)";4.941468;52.3706442;
370;435;"Hogeweg";"Sedumdak";2014;56;"Oost";"";"";"SEDUMDAK";"POINT(4.9330189,52.355313)";"POINT(52.355313,4.9330189)";4.9330189;52.355313;
371;436;"James Bradleystraat";"Sedumdak";2014;12;"Oost";"";"";"SEDUMDAK";"POINT(4.9803712,52.3598639)";"POINT(52.3598639,4.9803712)";4.9803712;52.3598639;
372;437;"Kea Boumanstraat";"Sedumdak";2014;51;"Oost";"";"";"SEDUMDAK";"POINT(4.9700687,52.3732456)";"POINT(52.3732456,4.9700687)";4.9700687;52.3732456;
373;438;"Kea Boumanstraat";"Sedumdak";2014;49;"Oost";"";"";"SEDUMDAK";"POINT(4.9705503,52.3730093)";"POINT(52.3730093,4.9705503)";4.9705503;52.3730093;
374;439;"Lisdoddelaan";"Sedumdak";2014;98;"Oost";"";"";"SEDUMDAK";"POINT(4.994168,52.3522193)";"POINT(52.3522193,4.994168)";4.994168;52.3522193;
375;440;"Nico Jessekade";"Sedumdak";2014;60;"Oost";"";"";"SEDUMDAK";"POINT(4.999573,52.3507353)";"POINT(52.3507353,4.999573)";4.999573;52.3507353;
376;441;"Nico Jessekade";"Sedumdak";2014;78;"Oost";"";"";"SEDUMDAK";"POINT(4.9996531,52.3506972)";"POINT(52.3506972,4.9996531)";4.9996531;52.3506972;
377;442;"Overamstelstraat";"Sedumdak";2014;28;"Buiten Amsterdam";"";"";"SEDUMDAK";"POINT(4.9137881,52.3506552)";"POINT(52.3506552,4.9137881)";4.9137881;52.3506552;
378;443;"Panamakade";"Sedumdak";2014;21;"Oost";"";"";"SEDUMDAK";"POINT(4.9445102,52.3730704)";"POINT(52.3730704,4.9445102)";4.9445102;52.3730704;
381;446;"Scheepstimmermanstraat 70";"Sedumdak";2014;33;"Oost";"";"";"SEDUMDAK";"POINT(4.9498422,52.3722159)";"POINT(52.3722159,4.9498422)";4.9498422;52.3722159;
382;447;"Scheepstimmermanstraat";"Sedumdak";2014;33;"Oost";"";"";"SEDUMDAK";"POINT(4.9499061,52.3722426)";"POINT(52.3722426,4.9499061)";4.9499061;52.3722426;
383;453;"Semarangstraat";"Sedumdak";2014;93;"Oost";"";"";"SEDUMDAK";"POINT(4.9439709,52.3611609)";"POINT(52.3611609,4.9439709)";4.9439709;52.3611609;
384;449;"Soembawastraat";"Sedumdak";2014;8;"Oost";"";"";"SEDUMDAK";"POINT(4.9432871,52.3629576)";"POINT(52.3629576,4.9432871)";4.9432871;52.3629576;
385;450;"Zwanebloemlaan";"Sedumdak";2014;50;"Oost";"";"";"SEDUMDAK";"POINT(4.9988458,52.3518111)";"POINT(52.3518111,4.9988458)";4.9988458;52.3518111;
386;451;"Seinwachterstraat / Ertskade";"Sedumdak";2014;382;"Oost";"";"";"SEDUMDAK";"POINT(4.943238,52.3738104)";"POINT(52.3738104,4.943238)";4.943238;52.3738104;
396;9999999;"Prinsengracht";"Sedumdak";2016;48;"Centrum";"Prinsengracht_774.jpg";"";"SEDUMDAK";"POINT(5.0E-6,-7.0E-6)";"POINT(-7.0E-6,5.0E-6)";5.0E-6;-7.0E-6;
397;861;"Prinsengracht";"Sedumdak";2016;48;"Centrum";"Prinsengracht_774.jpg";"";"SEDUMDAK";"POINT(4.897609,52.3615805)";"POINT(52.3615805,4.897609)";4.897609;52.3615805;
399;801;"Rutherfordstraat ";"Sedumdak";2016;40;"Oost";"Rutherfordstraat 4.jpg";"al aangelegd?";"SEDUMDAK";"POINT(4.944405,52.35201)";"POINT(52.35201,4.944405)";4.944405;52.35201;
400;802;"Johannes de Bekahof";"Solar-sedumdak";2016;50;"Nieuw-West";"Johannes_de_Bekahof12-k.jpg";"";"SOLARSEDUM";"POINT(4.825213,52.360519)";"POINT(52.360519,4.825213)";4.825213;52.360519;
401;803;"Hoofdweg ";"Sedumdak";2016;74;"West";"Hoofdweg390e_3k.jpg";"";"SEDUMDAK";"POINT(4.849034,52.373095)";"POINT(52.373095,4.849034)";4.849034;52.373095;
402;804;"Jan Luijkenstraat";"Sedumdak";2016;40;"Zuid";"Jan Luijkenstraat 27k.jpg";"";"SEDUMDAK";"POINT(4.880346,52.359329)";"POINT(52.359329,4.880346)";4.880346;52.359329;
403;805;"Prinseneiland";"Sedumdak";2016;203;"Centrum";"";"al aangelegd?";"SEDUMDAK";"POINT(4.8873122,52.3844573)";"POINT(52.3844573,4.8873122)";4.8873122;52.3844573;
404;806;"Blok 35 Ijburg";"Sedumdak";2016;1090;"Oost";"ijburg.jpg";"al aangelegd?";"SEDUMDAK";"POINT(5.000517,52.352833)";"POINT(52.352833,5.000517)";5.000517;52.352833;
405;807;"Tintorettostraat";"Sedumdak";2016;34;"Zuid";"Tintorettotstraaat.JPG";"";"SEDUMDAK";"POINT(4.870875,52.347367)";"POINT(52.347367,4.870875)";4.870875;52.347367;
406;808;"Brouwersgracht";"Sedumdak";2016;48;"Centrum";"";"al aangelegd?";"SEDUMDAK";"POINT(4.8890822,52.3798186)";"POINT(52.3798186,4.8890822)";4.8890822;52.3798186;
407;809;"Oetewalerstraat 24-28";"Solar-sedumdak";2016;300;"Oost";"Oetewalerstraat 24 tm 28 (14).JPG";"";"SOLARSEDUM";"POINT(4.927421,52.358859)";"POINT(52.358859,4.927421)";4.927421;52.358859;
408;811;"Weesperzijde";"Sedumdak";2016;340;"Oost";"weesperzijde.JPG";"";"SEDUMDAK";"POINT(4.9114678,52.3519141)";"POINT(52.3519141,4.9114678)";4.9114678;52.3519141;
409;812;"Willy Pétillonstraat";"Solar-sedumdak";2016;40;"Nieuw-West";"willyp.jpg";"";"SOLARSEDUM";"POINT(4.81103,52.380182)";"POINT(52.380182,4.81103)";4.81103;52.380182;
410;815;"Apollolaan";"Sedumdak";2016;230;"Zuid";"";"al aangelegd?";"SEDUMDAK";"POINT(4.8737261,52.3502547)";"POINT(52.3502547,4.8737261)";4.8737261;52.3502547;
411;862;"Barkentijnkade";"Sedumdak";2016;35;"Oost";"";"";"SEDUMDAK";"POINT(4.989834,52.363699)";"POINT(52.363699,4.989834)";4.989834;52.363699;
412;864;"Max Planckstraat ";"Sedumdak";2016;40;"Oost";"";"";"SEDUMDAK";"POINT(4.945049,52.352222)";"POINT(52.352222,4.945049)";4.945049;52.352222;
413;817;"Bloemgracht";"Sedumdak";2017;303;"Centrum";"bloemgracht.jpg";"";"SEDUMDAK";"POINT(4.8776338,52.3737799)";"POINT(52.3737799,4.8776338)";4.8776338;52.3737799;
414;818;"Van Effenstraat 1 ";"Sedumdak";2016;35;"West";"";"al aangelegd?";"SEDUMDAK";"POINT(4.8628118,52.3661467)";"POINT(52.3661467,4.8628118)";4.8628118;52.3661467;
415;819;"De Cuserstraat 3  ";"Solar-sedumdak";2017;2000;"Zuid";"cedergroep.jpg";"";"SOLARSEDUM";"POINT(4.867555,52.323369)";"POINT(52.323369,4.867555)";4.867555;52.323369;
417;821;"Spaarndammerplantsoen";"Sedumdak";2016;134;"West";"oostzaanstr.jpg";"al aangelegd?";"SEDUMDAK";"POINT(4.87415,52.389895)";"POINT(52.389895,4.87415)";4.87415;52.389895;
418;822;"Van Breestraat";"Solar-sedumdak";2016;55;"Zuid";"Groen dak van Breestraat 121.JPG";"";"SOLARSEDUM";"POINT(4.87272,52.35573)";"POINT(52.35573,4.87272)";4.87272;52.35573;
419;823;"Kruislaan 235  ";"Sedumdak";2017;102;"Oost";"middenweg.jpg";"";"SEDUMDAK";"POINT(4.9393599,52.3475882)";"POINT(52.3475882,4.9393599)";4.9393599;52.3475882;
420;824;"Da Costastraat";"Sedumdak";2016;188;"West";"";"";"SEDUMDAK";"POINT(4.875228,52.367679)";"POINT(52.367679,4.875228)";4.875228;52.367679;
421;825;"Majubastraat ";"Sedumdak";2016;616;"Oost";"majuba.jpg";"al aangelegd?";"SEDUMDAK";"POINT(4.921655,52.354182)";"POINT(52.354182,4.921655)";4.921655;52.354182;
422;826;"Tweede Oosterparkstraat/Sparrenweg ";"Sedumdak";2016;125;"Oost";"dak sparrenweg 2 oostep 2.jpg";"";"SEDUMDAK";"POINT(4.916373,52.357134)";"POINT(52.357134,4.916373)";4.916373;52.357134;
423;827;"Gerard Doustraat";"Daktuin";2016;30;"Zuid";"Gerard_Doustraat_184.jpg";"";"DAKTUIN";"POINT(4.8954532,52.3563735)";"POINT(52.3563735,4.8954532)";4.8954532;52.3563735;
424;828;"Tweede Atjehstraat";"Sedumdak";2016;30;"Oost";"nsmitk.jpg";"";"SEDUMDAK";"POINT(4.932912,52.361767)";"POINT(52.361767,4.932912)";4.932912;52.361767;
425;829;"Prinsengracht";"Sedumdak";2016;52;"Centrum";"prinsengracht827.jpg";"";"SEDUMDAK";"POINT(4.888948,52.362789)";"POINT(52.362789,4.888948)";4.888948;52.362789;
426;830;"Retiefstraat 3";"Sedumdak";2016;70;"Oost";"retiefk.jpg";"";"SEDUMDAK";"POINT(4.925756,52.356392)";"POINT(52.356392,4.925756)";4.925756;52.356392;
427;831;"Singel";"Sedumdak";2016;65;"Centrum";"singel32.jpg";"";"SEDUMDAK";"POINT(4.8930442,52.3784186)";"POINT(52.3784186,4.8930442)";4.8930442;52.3784186;
428;832;"Bilderdijkstraat";"Sedumdak";2016;128;"West";"";"al aangelegd?";"SEDUMDAK";"POINT(4.8712051,52.3681304)";"POINT(52.3681304,4.8712051)";4.8712051;52.3681304;
429;833;"Dijlehof";"Sedumdak";2016;36;"Nieuw-West";"dijleweg.jpg";"";"SEDUMDAK";"POINT(4.8051898,52.3440138)";"POINT(52.3440138,4.8051898)";4.8051898;52.3440138;
430;834;"Bloemgracht";"Sedumdak";2016;96;"Centrum";"bloemgr1.jpg";"";"SEDUMDAK";"POINT(4.878155,52.373809)";"POINT(52.373809,4.878155)";4.878155;52.373809;
431;835;"Gelderlandplein";"Sedumdak";2016;559;"Zuid";"";"al aangelegd?";"SEDUMDAK";"POINT(4.8768351,52.3313834)";"POINT(52.3313834,4.8768351)";4.8768351;52.3313834;
432;844;"Valkenburgerstraat The Double";"Daktuin";2013;0;"Centrum";"valkenbuurgerstraat.jpg";"";"DAKTUIN";"POINT(4.9062269,52.3697096)";"POINT(52.3697096,4.9062269)";4.9062269;52.3697096;
433;846;"VU Nog in aanbouw";"Kruidendak";2017;1187;"Buiten Amsterdam";"vu.jpg";"";"KRUIDENDAK";"POINT(4.8635099,52.3344885)";"POINT(52.3344885,4.8635099)";4.8635099;52.3344885;
434;863;"Bastenakenstraat";"Sedumdak";2016;50;"Nieuw-West";"";"";"SEDUMDAK";"POINT(4.8209379,52.3446395)";"POINT(52.3446395,4.8209379)";4.8209379;52.3446395;
435;843;"Bastenakenstraat";"Sedumdak";2016;50;"Nieuw-West";"";"";"SEDUMDAK";"POINT(4.8207662,52.3445632)";"POINT(52.3445632,4.8207662)";4.8207662;52.3445632;
436;848;"Amsteldijk";"Sedumdak";2016;0;"Zuid";"Amstelkde2.jpg";"";"SEDUMDAK";"POINT(4.905114,52.356627)";"POINT(52.356627,4.905114)";4.905114;52.356627;
437;849;"Schimmelstraat";"Sedumdak";2017;33;"West";"";"al aangelegd?";"SEDUMDAK";"POINT(4.8666098,52.3687598)";"POINT(52.3687598,4.8666098)";4.8666098;52.3687598;
439;850;"Stadhouderskade";"Sedumdak";2017;61;"Zuid";"";"al aangelegd?";"SEDUMDAK";"POINT(4.897389,52.357873)";"POINT(52.357873,4.897389)";4.897389;52.357873;
440;851;"Bertha von Suttnerstraat ";"Sedumdak";2017;67;"Zuidoost";"bertha-klein.jpg";"";"SEDUMDAK";"POINT(4.9656432,52.3215224)";"POINT(52.3215224,4.9656432)";4.9656432;52.3215224;
441;852;"Bilderderijkkade 801";"Sedumdak";2017;82;"West";"";"al aangelegd?";"SEDUMDAK";"POINT(4.868075,52.371027)";"POINT(52.371027,4.868075)";4.868075;52.371027;
442;853;"Burgemeester Stramanweg";"Sedumdak";2017;0;"Zuidoost";"";"al aangelegd?";"SEDUMDAK";"POINT(4.9303448,52.3088233)";"POINT(52.3088233,4.9303448)";4.9303448;52.3088233;
443;854;"Violettenstraat";"Sedumdak";2017;385;"Centrum";"";"";"SEDUMDAK";"POINT(4.885102,52.3785292)";"POINT(52.3785292,4.885102)";4.885102;52.3785292;
444;855;"Jacob van Lennepkade";"Sedumdak";2017;37;"West";"jacobvanL.jpg";"";"SEDUMDAK";"POINT(4.8592398,52.3623168)";"POINT(52.3623168,4.8592398)";4.8592398;52.3623168;
445;905;"Meester Treublaan ";"Sedumdak";2017;313;"Oost";"Mr treublaan8.jpg";"";"SEDUMDAK";"POINT(4.915234,52.348095)";"POINT(52.348095,4.915234)";4.915234;52.348095;
446;857;"Schinkelhavenkade";"Kruidendak";2017;230;"Zuid";"schinkel.jpg";"Al aangelegd ? ";"KRUIDENDAK";"POINT(4.854436,52.356063)";"POINT(52.356063,4.854436)";4.854436;52.356063;
447;858;"Waaigat";"Sedumdak";2017;1190;"Centrum";"waaigat.jpg";"";"SEDUMDAK";"POINT(4.9212091,52.3697898)";"POINT(52.3697898,4.9212091)";4.9212091;52.3697898;
448;859;"Wiltzanglaan 93";"Sedumdak";2017;490;"West";"";"Al aangelegd ?";"SEDUMDAK";"POINT(4.840553,52.3815009)";"POINT(52.3815009,4.840553)";4.840553;52.3815009;
449;860;"Daelenbroek";"Sedumdak";2017;105;"Zuid";"";"al aangelegd  ?";"SEDUMDAK";"POINT(4.8790028,52.3231818)";"POINT(52.3231818,4.8790028)";4.8790028;52.3231818;
450;901;"Sarphatistraat";"Muur";2017;145;"Centrum";"Sarphatistraat_2017.jpg";"";"MUUR";"POINT(4.911457,52.361694)";"POINT(52.361694,4.911457)";4.911457;52.361694;
451;873;"RAI";"Muur";0;0;"Zuid";"rai.jpg";"";"MUUR";"POINT(4.8902728,52.3396455)";"POINT(52.3396455,4.8902728)";4.8902728;52.3396455;
452;897;"James Wattstraat";"Daktuin";0;0;"Oost";"casa.jpg";"";"DAKTUIN";"POINT(4.9223439,52.3491907)";"POINT(52.3491907,4.9223439)";4.9223439;52.3491907;
453;903;"De Mirandabad";"Sedumdak";2016;0;"Zuid";"";"";"SEDUMDAK";"POINT(4.9052718,52.3393309)";"POINT(52.3393309,4.9052718)";4.9052718;52.3393309;
454;874;"Digitaalstraat 18";"Muur";0;0;"Noord";"digitaalstraat.jpg";"";"MUUR";"POINT(4.8825803,52.4106015)";"POINT(52.4106015,4.8825803)";4.8825803;52.4106015;
455;866;"Prinses Irenestraat 31-33";"Daktuin";0;667;"Zuid";"";"al aangelegd?";"DAKTUIN";"POINT(4.8757406,52.341576)";"POINT(52.341576,4.8757406)";4.8757406;52.341576;
456;867;"Hogehilweg 20";"Sedumdak";2017;274;"Zuidoost";"Hogehil.jpg";"";"SEDUMDAK";"POINT(4.9483669,52.3069693)";"POINT(52.3069693,4.9483669)";4.9483669;52.3069693;
457;869;"Wibautstraat 64";"Sedumdak";2017;1080;"Oost";"";"al aangelegd?";"SEDUMDAK";"POINT(4.9106764,52.3557157)";"POINT(52.3557157,4.9106764)";4.9106764;52.3557157;
458;868;"Zoutkeetskgracht 117";"Solar-sedumdak";2017;1140;"Centrum";"";"al aangelegd?";"SOLARSEDUM";"POINT(4.8883521,52.3880469)";"POINT(52.3880469,4.8883521)";4.8883521;52.3880469;
460;870;"Antonio  Vivaldistraat 50";"Daktuin";2017;1900;"Zuid";"vivaldi.jpg";"http://polderdak.nl/projecten/dakpark-vivaldistraat/";"DAKTUIN";"POINT(4.885469,52.3358787)";"POINT(52.3358787,4.885469)";4.885469;52.3358787;
461;871;"Bos en Lommerplein";"Sedumdak";2016;0;"West";"";"";"SEDUMDAK";"POINT(4.8474018,52.3773846)";"POINT(52.3773846,4.8474018)";4.8474018;52.3773846;
462;904;"Prinsengracht";"Sedumdak";0;0;"Zuid";"prgracht.jpg";"";"SEDUMDAK";"POINT(4.8997652,52.3623204)";"POINT(52.3623204,4.8997652)";4.8997652;52.3623204;
463;898;"sciencepark startup";"Kruidendak";2017;0;"Oost";"startup.jpg";"";"KRUIDENDAK";"POINT(4.9596777,52.3549752)";"POINT(52.3549752,4.9596777)";4.9596777;52.3549752;
464;899;"Carolina Macgillavrylaan";"Grasdak";2017;0;"Oost";"sp.jpg";"";"GRASDAK";"POINT(4.9471679,52.3577765)";"POINT(52.3577765,4.9471679)";4.9471679;52.3577765;
465;872;"Wilhelminaplein 12-14";"Kruidendak";2017;800;"Nieuw-West";"KoninginWilhelminaplein12-14.jpg";"";"KRUIDENDAK";"POINT(4.8366664,52.3554028)";"POINT(52.3554028,4.8366664)";4.8366664;52.3554028;
466;875;"Weesperzijde 1050";"Sedumdak";2017;105;"Oost";"weesperzijde.jpg";"";"SEDUMDAK";"POINT(4.9094493,52.3533048)";"POINT(52.3533048,4.9094493)";4.9094493;52.3533048;
467;876;"Jacob van Lennepkade 394H";"Sedumdak";2017;36;"West";"jvl394k.jpg";"";"SEDUMDAK";"POINT(4.8595605,52.3623172)";"POINT(52.3623172,4.8595605)";4.8595605;52.3623172;
468;877;"Amsteldijk";"Sedumdak";2016;54;"Zuid";"Amstelkde.jpg";"";"SEDUMDAK";"POINT(4.9050512,52.3566092)";"POINT(52.3566092,4.9050512)";4.9050512;52.3566092;
469;878;"Amsteldijk 803";"Sedumdak";2017;96;"Zuid";"";"";"SEDUMDAK";"POINT(4.9117489,52.3479179)";"POINT(52.3479179,4.9117489)";4.9117489;52.3479179;
470;879;"Amsteldijk 827";"Solar-sedumdak";2017;74;"Zuid";"Amsteldijk827.jpg";"";"SOLARSEDUM";"POINT(4.9136517,52.3433781)";"POINT(52.3433781,4.9136517)";4.9136517;52.3433781;
471;880;"Amsteldijk 858";"Sedumdak";2017;40;"Zuid";"";"";"SEDUMDAK";"POINT(4.9085797,52.3390218)";"POINT(52.3390218,4.9085797)";4.9085797;52.3390218;
472;881;"Bilderdijkkade 810";"Sedumdak";2016;57;"West";"";"";"SEDUMDAK";"POINT(4.8680067,52.3706523)";"POINT(52.3706523,4.8680067)";4.8680067;52.3706523;
473;900;"Bilderdijkkade  852";"Sedumdak";2017;100;"West";"groendak2-8-20179k.jpg";"";"SEDUMDAK";"POINT(4.8710704,52.3662324)";"POINT(52.3662324,4.8710704)";4.8710704;52.3662324;
474;882;"Da Costakade 304";"Sedumdak";2017;62;"West";"";"";"SEDUMDAK";"POINT(4.872555,52.3721414)";"POINT(52.3721414,4.872555)";4.872555;52.3721414;
475;883;"Da Costakade 305";"Sedumdak";2017;86;"West";"";"";"SEDUMDAK";"POINT(4.8725074,52.3720759)";"POINT(52.3720759,4.8725074)";4.8725074;52.3720759;
476;884;"Da Costakade 310";"Sedumdak";2017;50;"West";"247_da costadade310k.jpg";"";"SEDUMDAK";"POINT(4.8722367,52.371633)";"POINT(52.371633,4.8722367)";4.8722367;52.371633;
477;885;"Da Costakade 319";"Sedumdak";2017;54;"West";"254k.jpg";"";"SEDUMDAK";"POINT(4.8727581,52.37201)";"POINT(52.37201,4.8727581)";4.8727581;52.37201;
478;886;"Durgerdammerdijk 1013";"Sedumdak";2016;75;"Noord";"";"";"SEDUMDAK";"POINT(4.9793185,52.3745149)";"POINT(52.3745149,4.9793185)";4.9793185;52.3745149;
479;888;"Marnixkade 50F";"Sedumdak";2016;80;"Centrum";"";"";"SEDUMDAK";"POINT(4.8794548,52.3802818)";"POINT(52.3802818,4.8794548)";4.8794548;52.3802818;
480;887;"Silodam 463";"Sedumdak";2017;67;"West";"";"";"SEDUMDAK";"POINT(4.8903244,52.3916515)";"POINT(52.3916515,4.8903244)";4.8903244;52.3916515;
481;889;"Stadhouderskade 561";"Sedumdak";2017;111;"Zuid";"";"";"SEDUMDAK";"POINT(4.8946757,52.3580311)";"POINT(52.3580311,4.8946757)";4.8946757;52.3580311;
482;890;"Weesperzijde 1096";"Sedumdak";2017;96;"Oost";"";"";"SEDUMDAK";"POINT(4.9135062,52.3469896)";"POINT(52.3469896,4.9135062)";4.9135062;52.3469896;
483;891;"Westerdok 101";"Sedumdak";2017;20;"Centrum";"";"";"SEDUMDAK";"POINT(4.891474,52.38754)";"POINT(52.38754,4.891474)";4.891474;52.38754;
484;892;"Zeeburgerpad 144";"Sedumdak";2017;60;"Oost";"";"";"SEDUMDAK";"POINT(4.944248,52.3667938)";"POINT(52.3667938,4.944248)";4.944248;52.3667938;
485;893;" Zeeburgerpad 145";"Sedumdak";2017;70;"Oost";"zeeburgerpad 145k.jpg";"";"SEDUMDAK";"POINT(4.9440271,52.3668063)";"POINT(52.3668063,4.9440271)";4.9440271;52.3668063;
486;894;"Zeeburgerpad 146";"Sedumdak";2017;49;"Oost";"";"";"SEDUMDAK";"POINT(4.9437652,52.3667803)";"POINT(52.3667803,4.9437652)";4.9437652;52.3667803;
487;896;"Valschermkade/Vliegtuigstraat";"Muur";2017;0;"Zuid";"hoek valschermkade.jpg";"";"MUUR";"POINT(4.8455648,52.3402509)";"POINT(52.3402509,4.8455648)";4.8455648;52.3402509;
488;895;"Panamakade 214";"Muur";2015;20;"Oost";"pananma.jpg";"";"MUUR";"POINT(4.9388817,52.3724071)";"POINT(52.3724071,4.9388817)";4.9388817;52.3724071;
489;902;"Wibautstraat 125";"Sedumdak";0;700;"Oost";"";"";"SEDUMDAK";"POINT(4.9128613,52.3540849)";"POINT(52.3540849,4.9128613)";4.9128613;52.3540849;
490;906;"Heinzestraat 9";"Sedumdak";2017;375;"Zuid";"";"";"SEDUMDAK";"POINT(4.8770638,52.3526133)";"POINT(52.3526133,4.8770638)";4.8770638;52.3526133;
491;910;"Professor J.H. Gunningstraat ";"Sedumdak";2018;0;"Nieuw-West";"gunnningstr.jpg";"";"SEDUMDAK";"POINT(4.8038986,52.3534781)";"POINT(52.3534781,4.8038986)";4.8038986;52.3534781;
492;911;"Ringdijk";"Sedumdak";2018;45;"Oost";"ringdijk45.jpg";"";"SEDUMDAK";"POINT(4.9235638,52.3525065)";"POINT(52.3525065,4.9235638)";4.9235638;52.3525065;
493;912;"Lijnbaansgracht";"Sedumdak";2018;0;"Centrum";"lijnbaansgracht2.jpg";"";"SEDUMDAK";"POINT(4.8827943,52.3832681)";"POINT(52.3832681,4.8827943)";4.8827943;52.3832681;
494;913;"Waalstraat en Amstelkade";"Sedumdak";2018;0;"Zuid";"Waalstraat-en-Amstelkade.jpg";"";"SEDUMDAK";"POINT(4.9002268,52.3481307)";"POINT(52.3481307,4.9002268)";4.9002268;52.3481307;
495;915;"Van Hallstraat";"Muur";2018;18;"West";"Van_Hallstraat_2018.jpg";"";"MUUR";"POINT(4.8711307,52.3818144)";"POINT(52.3818144,4.8711307)";4.8711307;52.3818144;
496;916;"Keizersgracht";"Muur";2018;300;"Centrum";"Keizersgracht_2018.jpg";"";"MUUR";"POINT(4.8849526,52.36928)";"POINT(52.36928,4.8849526)";4.8849526;52.36928;
497;917;"Nieuwezijdse Voorburgwal";"Muur";2017;36;"Centrum";"NZ-voorburgwal_2017.jpg";"";"MUUR";"POINT(4.8955137,52.3772563)";"POINT(52.3772563,4.8955137)";4.8955137;52.3772563;
498;918;"Nicolaas Maesstraat";"Muur";2017;65;"Zuid";"NicolaasMaesstraat_2017.jpg";"";"MUUR";"POINT(4.8782157,52.3542722)";"POINT(52.3542722,4.8782157)";4.8782157;52.3542722;
499;919;"Keizersgracht";"Muur";2011;17;"Centrum";"keizersgracht_2011.jpg";"";"MUUR";"POINT(4.8888851,52.3642232)";"POINT(52.3642232,4.8888851)";4.8888851;52.3642232;
500;920;"Boeroestraat";"Muur";2018;0;"Oost";"boeroe.jpg";"";"MUUR";"POINT(4.9429786,52.3646612)";"POINT(52.3646612,4.9429786)";4.9429786;52.3646612;
501;921;"Zacharias Jansestraat ";"Solar-sedumdak";2018;55;"Oost";"zj.jpg";"";"SOLARSEDUM";"POINT(4.9280087,52.3527167)";"POINT(52.3527167,4.9280087)";4.9280087;52.3527167;
502;925;"vd Helstplein ";"Solar-sedumdak";2018;54;"Zuid";"";"";"SOLARSEDUM";"POINT(4.8951022,52.351238)";"POINT(52.351238,4.8951022)";4.8951022;52.351238;
503;925;"Binnenkant";"Sedumdak";2018;118;"Centrum";"Binnenkant3.jpg";"";"SEDUMDAK";"POINT(4.9034443,52.3745061)";"POINT(52.3745061,4.9034443)";4.9034443;52.3745061;
504;926;"Binnenkant";"Sedumdak";0;0;"Centrum";"Binnenkant20G.jpg";"";"SEDUMDAK";"POINT(4.9043029,52.3734784)";"POINT(52.3734784,4.9043029)";4.9043029;52.3734784;
505;927;"Oude Schans";"Sedumdak";0;0;"Centrum";"OudeSchans23Z.jpg";"";"SEDUMDAK";"POINT(4.9052149,52.3713885)";"POINT(52.3713885,4.9052149)";4.9052149;52.3713885;
506;928;"Rapenburg";"Solar-sedumdak";0;0;"Centrum";"Rapenburg11.jpg";"";"SOLARSEDUM";"POINT(4.9069238,52.3719299)";"POINT(52.3719299,4.9069238)";4.9069238;52.3719299;
507;929;"Wittenburgergracht";"Solar-sedumdak";0;0;"Centrum";"Wittenburgergracht18.jpg";"";"SOLARSEDUM";"POINT(4.9196044,52.369248)";"POINT(52.369248,4.9196044)";4.9196044;52.369248;
508;930;"Wittenburgergracht";"Sedumdak";0;0;"Centrum";"Wittenburgergracht36.jpg";"";"SEDUMDAK";"POINT(4.924624,52.3675189)";"POINT(52.3675189,4.924624)";4.924624;52.3675189;

