OBJECTNUMMER;Naam;Hoofdgroep;Functie;Foto;Website;Opmerking;Begin;Eind;SELECTIE;WKT_LNG_LAT;WKT_LAT_LNG;LNG;LAT;
3;"Oude Kerk 1306";"Religie";"Kerk";"Oude kerk.jpg";"";"Bron: Cornelis Anthonisz 1544";1306;0;"RELIGIE";"POINT(4.89799,52.3743064)";"POINT(52.3743064,4.89799)";4.89799;52.3743064;
4;"Windmolenzijdepoorthuis 1300-1380";"Militair";"Poort";"";"";"";1300;1380;"MILITAIR";"POINT(4.8967359,52.3770453)";"POINT(52.3770453,4.8967359)";4.8967359;52.3770453;
5;"Haarlemmerpoort 1425-1579";"Militair";"Poort";"Haarlemmerpoort.jpg";"";"Bron: Cornelis Anthonisz 1544";1425;1579;"MILITAIR";"POINT(4.8946922,52.3789069)";"POINT(52.3789069,4.8946922)";4.8946922;52.3789069;
6;"Bindwijkerpoort 1340-1425";"Militair";"Poort";"";"";"";1340;1425;"MILITAIR";"POINT(4.8910301,52.3689658)";"POINT(52.3689658,4.8910301)";4.8910301;52.3689658;
7;"Heiligewegspoort 1425-1610";"Militair";"Poort";"Heiligewegspoort1544.jpg";"";"Bron: Cornelis Anthonisz 1544";1425;1610;"MILITAIR";"POINT(4.8899562,52.3673407)";"POINT(52.3673407,4.8899562)";4.8899562;52.3673407;
8;"Regulierspoort 1452-1591";"Militair";"Poort";"Regulierspoort1544.jpg";"";"Bron: Cornelis Anthonisz 1544";1452;1591;"MILITAIR";"POINT(4.8933508,52.3670775)";"POINT(52.3670775,4.8933508)";4.8933508;52.3670775;
9;"Olofspoort 1380-1618";"Militair";"Poort";"SintOlofspoort.jpg";"";"Bron: Cornelis Anthonisz 1544";1380;1618;"MILITAIR";"POINT(4.8997109,52.3762213)";"POINT(52.3762213,4.8997109)";4.8997109;52.3762213;
10;"Sint-Anthonispoort 1466-1617";"Militair";"Poort";"Sint Anthonispoort.jpg";"";"Bron: Cornelis Anthonisz 1544";1466;1617;"MILITAIR";"POINT(4.9003422,52.3727881)";"POINT(52.3727881,4.9003422)";4.9003422;52.3727881;
12;"Nieuwe Kerk 1408";"Religie";"Kerk";"Nieuwe kerk.jpg";"";"Bron: Cornelis Anthonisz 1544";1408;0;"RELIGIE";"POINT(4.8918011,52.3739287)";"POINT(52.3739287,4.8918011)";4.8918011;52.3739287;
13;"St.-Elisabethskapel 1361-1492";"Religie";"Kapel";"Sint Elisabethskapel.jpg";"";"Bron: Cornelis Anthonisz 1544";1361;1492;"RELIGIE";"POINT(4.8913858,52.3728263)";"POINT(52.3728263,4.8913858)";4.8913858;52.3728263;
14;"Sint-Pieterskapel 1382-1578";"Religie";"Kapel";"Sint Pieterskapel.jpg";"";"Bron: Cornelis Anthonisz 1544";1395;1578;"RELIGIE";"POINT(4.8933608,52.3710028)";"POINT(52.3710028,4.8933608)";4.8933608;52.3710028;
15;"Regulierenklooster 1394-1532";"Religie";"Klooster";"Reguliersklooster.jpg";"";"Bron: Jacob van Deventer rond 1560";1394;1532;"RELIGIE";"POINT(4.8990471,52.3639304)";"POINT(52.3639304,4.8990471)";4.8990471;52.3639304;
16;"St.-Marienveld ten Nieuwenlichte- of Oude Nonnenklooster 1389-1578";"Religie";"Klooster";"Oude Nonnenklooster.jpg";"";"Bron: Cornelis Anthonisz 1544";1389;1578;"RELIGIE";"POINT(4.8958609,52.3690383)";"POINT(52.3690383,4.8958609)";4.8958609;52.3690383;
17;"Kartuizerklooster Sint-Andries-ter-Zaliger-Haven 1392-1578";"Religie";"Klooster";"Karthuizerklooster.jpg";"";"Bron: Jacob van Deventer rond 1560";1392;1578;"RELIGIE";"POINT(4.8818562,52.379296)";"POINT(52.379296,4.8818562)";4.8818562;52.379296;
18;"Sint-Claraconvent 1397-1578";"Religie";"Klooster";"SintClaraconvent.jpg";"";"Bron: Cornelis Anthonisz 1544";1397;1578;"RELIGIE";"POINT(4.8939669,52.3696219)";"POINT(52.3696219,4.8939669)";4.8939669;52.3696219;
19;"Sint-Agnes- of Agnietenklooster 1397-1578";"Religie";"Klooster";"Agnietenklooster.jpg";"";"Bron: Cornelis Anthonisz 1544";1397;1578;"RELIGIE";"POINT(4.89519,52.3701407)";"POINT(52.3701407,4.89519)";4.89519;52.3701407;
20;"Sint-Dionisius- of Nieuwe Nonnenklooster 1403-1578";"Religie";"Klooster";"Nieuwe Nonnenklooster.jpg";"";"Bron: Cornelis Anthonisz 1544";1403;1578;"RELIGIE";"POINT(4.8940251,52.3683364)";"POINT(52.3683364,4.8940251)";4.8940251;52.3683364;
21;"Sint-Margarethaconvent of Margrietenklooster 1406-1578";"Religie";"Klooster";"Margrietenconvent.jpg";"";"Bron: Cornelis Anthonisz 1544";1406;1578;"RELIGIE";"POINT(4.8941352,52.3709876)";"POINT(52.3709876,4.8941352)";4.8941352;52.3709876;
22;"Sint-Paulusbroedersklooster 1409-1579";"Religie";"Klooster";"Paulusbroedersconvent.jpg";"";"Bron: Cornelis Anthonisz 1544";1409;1579;"RELIGIE";"POINT(4.8976839,52.3710028)";"POINT(52.3710028,4.8976839)";4.8976839;52.3710028;
23;"Sint-Ceciliënklooster 1411-1578";"Religie";"Klooster";"Sint Cecilienklooster.jpg";"";"Bron: Cornelis Anthonisz 1544";1411;1578;"RELIGIE";"POINT(4.895818,52.3710524)";"POINT(52.3710524,4.895818)";4.895818;52.3710524;
24;"Sint-Maria Magdalenaklooster 1411-1579";"Religie";"Klooster";"Sint MariaMagdalenaklooster.jpg";"";"Bron: Cornelis Anthonisz 1544";1411;1579;"RELIGIE";"POINT(4.894161,52.3704421)";"POINT(52.3704421,4.894161)";4.894161;52.3704421;
25;"Sint-Catrijnenklooster  1412-1578";"Religie";"Klooster";"Catharinaklooster.jpg";"";"Bron: Cornelis Anthonisz 1544";1412;1578;"RELIGIE";"POINT(4.8955238,52.3706595)";"POINT(52.3706595,4.8955238)";4.8955238;52.3706595;
26;"Luciënconvent 1414-1578";"Religie";"Klooster";"Sint Lucienconvent.jpg";"";"Bron: Cornelis Anthonisz 1544";1414;1578;"RELIGIE";"POINT(4.890444,52.3702437)";"POINT(52.3702437,4.890444)";4.890444;52.3702437;
27;"Sint-Mariaconvent 1417-1578";"Religie";"Klooster";"Sint Mariaconvent.jpg";"";"Bron: Cornelis Anthonisz 1544";1417;1578;"RELIGIE";"POINT(4.8929999,52.3695456)";"POINT(52.3695456,4.8929999)";4.8929999;52.3695456;
28;"Sint-Ursula of Elf Duizend Maagdenconvent 1419-1578";"Religie";"Klooster";"Sint Ursulaklooster.jpg";"";"Bron: Cornelis Anthonisz 1544";1419;1578;"RELIGIE";"POINT(4.8974812,52.3704192)";"POINT(52.3704192,4.8974812)";4.8974812;52.3704192;
29;"Sint-Barbaraconvent 1425-1578";"Religie";"Klooster";"Sint Barbaraconvent.jpg";"";"";1425;1578;"RELIGIE";"POINT(4.894078,52.3700148)";"POINT(52.3700148,4.894078)";4.894078;52.3700148;
30;"Stadhuis 1390-1652";"Openbaar";"";"Stadhuis1544.jpg";"";"Bron: Cornelis Anthonisz 1544";1390;1652;"OPENBAAR";"POINT(4.892133,52.3730704)";"POINT(52.3730704,4.892133)";4.892133;52.3730704;
31;"Korsjespoort ca. 1490-1600";"Militair";"Poort";"Korsjespoort.jpg";"";"Bron: Cornelis Anthonisz 1544";1485;1610;"MILITAIR";"POINT(4.8923948,52.3769309)";"POINT(52.3769309,4.8923948)";4.8923948;52.3769309;
32;"Sint Olofskapel/ Oudezijds Kapel 1450-1586";"Religie";"Kapel";"SintOlofskapel.jpg";"";"Bron: Cornelis Anthonisz 1544";1450;1586;"RELIGIE";"POINT(4.899956,52.376145)";"POINT(52.376145,4.899956)";4.899956;52.376145;
33;"Sint-Jacobskapel 1435-1752";"Religie";"Kapel";"SintJakobskapel.jpg";"";"Bron: Cornelis Anthonisz 1544";1435;1752;"RELIGIE";"POINT(4.896909,52.3772322)";"POINT(52.3772322,4.896909)";4.896909;52.3772322;
34;"Heilige Sacramentsgasthuis 1422-1544";"Openbaar";"Gasthuis";"Sacramentsgasthuis.jpg";"";"Bron: Cornelis Anthonisz 1544";1422;1544;"OPENBAAR";"POINT(4.8912709,52.3701674)";"POINT(52.3701674,4.8912709)";4.8912709;52.3701674;
37;"Sint-Nicolaasgasthuis 1403-1867";"Openbaar";"Gasthuis";"Leprozenhuis.jpg";"";"Bron: Balthasar Florisz. van Berckenrode 1657";1403;1867;"OPENBAAR";"POINT(4.904454,52.3680579)";"POINT(52.3680579,4.904454)";4.904454;52.3680579;
38;"Sint Geertruidenklooster 1432-1578";"Religie";"Klooster";"SintGeertruidenklooster.jpg";"";"Bron: Cornelis Anthonisz 1544";1432;1578;"RELIGIE";"POINT(4.8931911,52.3754202)";"POINT(52.3754202,4.8931911)";4.8931911;52.3754202;
39;"Cellebroedersklooster 1440-1578";"Religie";"Klooster";"Cellebroedersklooster.jpg";"";"Bron: Cornelis Anthonisz 1544";1440;1578;"RELIGIE";"POINT(4.8932569,52.3704802)";"POINT(52.3704802,4.8932569)";4.8932569;52.3704802;
40;"Sint Maria Magdalenaklooster in Bethanien 1462-1578";"Religie";"Klooster";"Bethanienklooster.jpg";"";"Bron: Cornelis Anthonisz 1544";1462;1578;"RELIGIE";"POINT(4.898453,52.3718192)";"POINT(52.3718192,4.898453)";4.898453;52.3718192;
41;"Minderbroeders- of Grauwmonnikenklooster 1462-1578";"Religie";"Klooster";"Minderbroedersklooster.jpg";"";"Bron: Cornelis Anthonisz 1544";1462;1578;"RELIGIE";"POINT(4.8994458,52.3729865)";"POINT(52.3729865,4.8994458)";4.8994458;52.3729865;
42;"Cellezusters- of St.-Alexiusklooster 1475-1616";"Religie";"Klooster";"Cellezustersklooster.jpg";"";"Bron: Cornelis Anthonisz 1544";1475;1616;"RELIGIE";"POINT(4.8999021,52.373738)";"POINT(52.373738,4.8999021)";4.8999021;52.373738;
43;"Clarissenklooster 1494-1579";"Religie";"Klooster";"Clarissenklooster.jpg";"";"Bron: Cornelis Anthonisz 1544";1494;1579;"RELIGIE";"POINT(4.891989,52.3673216)";"POINT(52.3673216,4.891989)";4.891989;52.3673216;
44;"Zuiderkerk 1611";"Religie";"Kerk";"Zuiderkerk (2).jpg";"";"Bron: Gerrit de Broen 1774-1782";1611;0;"RELIGIE";"POINT(4.8997629,52.3702628)";"POINT(52.3702628,4.8997629)";4.8997629;52.3702628;
45;"Westerkerk 1620";"Religie";"Kerk";"Westerkerk.jpg";"";"Bron: Balthasar Florisz. van Berckenrode 1625";1620;0;"RELIGIE";"POINT(4.8838732,52.374478)";"POINT(52.374478,4.8838732)";4.8838732;52.374478;
46;"Noorderkerk 1623";"Religie";"Kerk";"Noorderkerk.jpg";"";"Bron: Balthasar Florisz. van Berckenrode 1625";1623;0;"RELIGIE";"POINT(4.8864491,52.3796202)";"POINT(52.3796202,4.8864491)";4.8864491;52.3796202;
47;"Heiligewegspoort 1610-1663";"Militair";"Poort";"Heiligewegspoort 1625.jpg";"";"Bron: Balthasar Florisz. van Berckenrode 1625";1610;1663;"MILITAIR";"POINT(4.8885152,52.3668143)";"POINT(52.3668143,4.8885152)";4.8885152;52.3668143;
48;"Haarlemmerpoort 1615-1837";"Militair";"Poort";"Haarlemmerpoort1625.jpg";"";"Bron: Balthasar Florisz. van Berckenrode 1625";1615;1837;"MILITAIR";"POINT(4.8833549,52.3848578)";"POINT(52.3848578,4.8833549)";4.8833549;52.3848578;
49;"Zaagmolenpoort 1613-1857";"Militair";"Poort";"Zaagmolenpoort.jpg";"";"Bron: Gerrit de Broen 1774-1782";1613;1857;"MILITAIR";"POINT(4.8789451,52.3789412)";"POINT(52.3789412,4.8789451)";4.8789451;52.3789412;
50;"Raampoort 1648-1844";"Militair";"Poort";"Raampoort.jpg";"";"Bron: Gerrit de Broen 1774-1782";1648;1844;"MILITAIR";"POINT(4.8763411,52.3741194)";"POINT(52.3741194,4.8763411)";4.8763411;52.3741194;
51;"Regulierspoort 1591-1688";"Militair";"Poort";"Regulierspoort 1657.jpg";"";"Bron: Balthasar Florisz. van Berckenrode 1657";1591;1688;"MILITAIR";"POINT(4.8962829,52.3659789)";"POINT(52.3659789,4.8962829)";4.8962829;52.3659789;
52;"Sint-Anthonispoort 1617-1663";"Militair";"Poort";"Sint Anthonispoort 2.jpg";"";"Bron: Balthasar Florisz. van Berckenrode 1657";1617;1663;"MILITAIR";"POINT(4.9053829,52.3679892)";"POINT(52.3679892,4.9053829)";4.9053829;52.3679892;
53;"Pesthuis 1616-1635";"Openbaar";"Gasthuis";"";"";"";1616;1635;"OPENBAAR";"POINT(4.886739,52.3659865)";"POINT(52.3659865,4.886739)";4.886739;52.3659865;
54;"Dolhuis 1562-1793";"Openbaar";"Gasthuis";"Dolhuis.jpg";"";"Bron: Gerrit de Broen 1774-1782";1562;1793;"OPENBAAR";"POINT(4.8973868,52.3707472)";"POINT(52.3707472,4.8973868)";4.8973868;52.3707472;
55;"Aalmoezeniershuis 1578-1666";"Openbaar";"Gasthuis";"Aalmoeseniershuis.jpg";"";"Bron: Balthasar Florisz. van Berckenrode 1625";1578;1666;"OPENBAAR";"POINT(4.890887,52.3672759)";"POINT(52.3672759,4.890887)";4.890887;52.3672759;
56;"Rasphuis 1596-1815";"Openbaar";"Strafinrichting";"Rasp.jpg";"";"Bron: Balthasar Florisz. van Berckenrode 1625";1596;1815;"OPENBAAR";"POINT(4.891227,52.3675276)";"POINT(52.3675276,4.891227)";4.891227;52.3675276;
57;"Spinhuis 1597-1782";"Openbaar";"Strafinrichting";"Spinhuis.jpg";"";"Bron: Balthasar Florisz. van Berckenrode 1625";1597;1782;"OPENBAAR";"POINT(4.8971078,52.3705832)";"POINT(52.3705832,4.8971078)";4.8971078;52.3705832;
58;"Burgerweeshuis 1579-1966";"Openbaar";"Weeshuis";"Burgerweeshuis.jpg";"";"Bron: Balthasar Florisz. van Berckenrode 1625";1579;1966;"OPENBAAR";"POINT(4.8905332,52.3703047)";"POINT(52.3703047,4.8905332)";4.8905332;52.3703047;
59;"Oudemannen- en Oudevrouwengasthuis 1601";"Openbaar";"Ouderenzorg";"Oude mannenhuis.jpg";"";"Bron: Balthasar Florisz. van Berckenrode 1625";1601;0;"OPENBAAR";"POINT(4.8976839,52.3710028)";"POINT(52.3710028,4.8976839)";4.8976839;52.3710028;
60;"Prinsenhof 1661-1795";"Openbaar";"Admiraliteit";"Prinsenhof I.jpg";"";"Bron: Gerrit de Broen 1774-1782";1661;1795;"OPENBAAR";"POINT(4.8955338,52.3709761)";"POINT(52.3709761,4.8955338)";4.8955338;52.3709761;
61;"De Beurs van Hendrick de Keyser 1611-1838";"Openbaar";"Financieel";"Beurs 1611.jpg";"";"Bron: Balthasar Florisz. van Berckenrode 1625";1611;1838;"OPENBAAR";"POINT(4.89312,52.3720748)";"POINT(52.3720748,4.89312)";4.89312;52.3720748;
62;"Wisselbank 1609-1820";"Openbaar";"";"wisselbank.jpg";"";"Bron: Balthasar Florisz. van Berckenrode 1625";1609;1820;"OPENBAAR";"POINT(4.8922131,52.3732955)";"POINT(52.3732955,4.8922131)";4.8922131;52.3732955;
63;"Stadsbank van Lening 1614";"Openbaar";"Financieel";"";"";"";1614;0;"OPENBAAR";"POINT(4.894429,52.3709571)";"POINT(52.3709571,4.894429)";4.894429;52.3709571;
64;"De Waag 1617";"Openbaar";"";"Waag Nieuwmarkt.jpg";"";"Bron: Balthasar Florisz. van Berckenrode 1625";1617;0;"OPENBAAR";"POINT(4.9003498,52.3728072)";"POINT(52.3728072,4.9003498)";4.9003498;52.3728072;
66;"Montelbaanstoren 1517";"Militair";"";"Montelbaanstoren.jpg";"";"Bron: Cornelis Anthonisz 1544";1517;0;"MILITAIR";"POINT(4.9056661,52.3720137)";"POINT(52.3720137,4.9056661)";4.9056661;52.3720137;
67;"Begijnhofkapel 1671";"Religie";"Kapel";"";"";"";1671;0;"RELIGIE";"POINT(4.8896372,52.3693129)";"POINT(52.3693129,4.8896372)";4.8896372;52.3693129;
68;"Bolwerk Blaauwhoofd 1613-1830";"Militair";"";"B1.jpg";"";"Bron: Gerrit de Broen 1774-1782";1613;1830;"MILITAIR";"POINT(4.8899701,52.3894278)";"POINT(52.3894278,4.8899701)";4.8899701;52.3894278;
69;"Bolwerk De Bogt 1613-1830";"Militair";"";"B2.jpg";"";"Bron: Gerrit de Broen 1774-1782";1613;1830;"MILITAIR";"POINT(4.8854229,52.3887145)";"POINT(52.3887145,4.8854229)";4.8854229;52.3887145;
70;"Bolwerk Westerbeer 1613-1830";"Militair";"";"B3.jpg";"";"Bron: Gerrit de Broen 1774-1782";1613;1830;"MILITAIR";"POINT(4.8836482,52.3864943)";"POINT(52.3864943,4.8836482)";4.8836482;52.3864943;
71;"Bolwerk Sloterdijk 1613-1813";"Militair";"";"B4.jpg";"";"Bron: Gerrit de Broen 1774-1782";1613;1813;"MILITAIR";"POINT(4.8820851,52.3840415)";"POINT(52.3840415,4.8820851)";4.8820851;52.3840415;
72;"Bolwerk Haarlem 1613-1815";"Militair";"";"B5.jpg";"";"Bron: Gerrit de Broen 1774-1782";1613;1815;"MILITAIR";"POINT(4.8805592,52.3816344)";"POINT(52.3816344,4.8805592)";4.8805592;52.3816344;
73;"Bolwerk Karthuizers 1613-1875";"Militair";"";"B6.jpg";"";"Bron: Gerrit de Broen 1774-1782";1613;1875;"MILITAIR";"POINT(4.8790719,52.3792769)";"POINT(52.3792769,4.8790719)";4.8790719;52.3792769;
74;"Bolwerk Slotermeer 1613-1875";"Militair";"";"B7.jpg";"";"Bron: Gerrit de Broen 1774-1782";1613;1875;"MILITAIR";"POINT(4.8774521,52.3768241)";"POINT(52.3768241,4.8774521)";4.8774521;52.3768241;
75;"Bolwerk Rijkeroord 1613-1877";"Militair";"";"B8.jpg";"";"Bron: Gerrit de Broen 1774-1782";1613;1877;"MILITAIR";"POINT(4.8760021,52.3744437)";"POINT(52.3744437,4.8760021)";4.8760021;52.3744437;
76;"Bolwerk Rijk 1613-1807";"Militair";"";"B9.jpg";"";"Bron: Gerrit de Broen 1774-1782";1613;1807;"MILITAIR";"POINT(4.8753889,52.3718459)";"POINT(52.3718459,4.8753889)";4.8753889;52.3718459;
77;"Bolwerk Nieuwkerk 1613-1807";"Militair";"";"B10.jpg";"";"Bron: Gerrit de Broen 1774-1782";1613;1807;"MILITAIR";"POINT(4.8769309,52.3693701)";"POINT(52.3693701,4.8769309)";4.8769309;52.3693701;
78;"Bolwerk Osdorp 1613-1807";"Militair";"";"B11.jpg";"";"Bron: Gerrit de Broen 1774-1782";1613;1807;"MILITAIR";"POINT(4.8784721,52.3670928)";"POINT(52.3670928,4.8784721)";4.8784721;52.3670928;
79;"Bolwerk Sloten 1613-1807";"Militair";"";"B12.jpg";"";"Bron: Gerrit de Broen 1774-1782";1613;1807;"MILITAIR";"POINT(4.8802612,52.3646666)";"POINT(52.3646666,4.8802612)";4.8802612;52.3646666;
80;"Bolwerk Schinkel 1663-1805";"Militair";"";"B13.jpg";"";"Bron: Gerrit de Broen 1774-1782";1663;1805;"MILITAIR";"POINT(4.8829148,52.3626296)";"POINT(52.3626296,4.8829148)";4.8829148;52.3626296;
81;"Bolwerk Amstelveen 1663-1804";"Militair";"";"B14.jpg";"";"Bron: Gerrit de Broen 1774-1782";1663;1804;"MILITAIR";"POINT(4.8861892,52.3610312)";"POINT(52.3610312,4.8861892)";4.8861892;52.3610312;
82;"Bolwerk Wetering 1663-1803";"Militair";"";"B15.jpg";"";"Bron: Gerrit de Broen 1774-1782";1663;1803;"MILITAIR";"POINT(4.8895571,52.3595015)";"POINT(52.3595015,4.8895571)";4.8895571;52.3595015;
83;"Bolwerk Reguliers 1663-1804";"Militair";"";"B16.jpg";"";"Bron: Gerrit de Broen 1774-1782";1663;1804;"MILITAIR";"POINT(4.8937819,52.359162)";"POINT(52.359162,4.8937819)";4.8937819;52.359162;
84;"Bolwerk Ouderkerk 1663-1804";"Militair";"";"B17.jpg";"";"Bron: Gerrit de Broen 1774-1782";1663;1804;"MILITAIR";"POINT(4.898062,52.3589026)";"POINT(52.3589026,4.898062)";4.898062;52.3589026;
85;"Bolwerk Westerblokhuis 1663-1877";"Militair";"";"B18.jpg";"";"Bron: Gerrit de Broen 1774-1782";1663;1877;"MILITAIR";"POINT(4.9021628,52.3596236)";"POINT(52.3596236,4.9021628)";4.9021628;52.3596236;
86;"Bolwerk Oosterblokhuis 1663-1864";"Militair";"";"B19.jpg";"";"Bron: Gerrit de Broen 1774-1782";1663;1864;"MILITAIR";"POINT(4.9062431,52.3603713)";"POINT(52.3603713,4.9062431)";4.9062431;52.3603713;
87;"Bolwerk Weesp 1663-1807";"Militair";"";"B20.jpg";"";"Bron: Gerrit de Broen 1774-1782";1663;1807;"MILITAIR";"POINT(4.9101341,52.3611762)";"POINT(52.3611762,4.9101341)";4.9101341;52.3611762;
88;"Bolwerk Diemen 1663-1756";"Militair";"";"B21.jpg";"";"Bron: Gerrit de Broen 1774-1782";1663;1756;"MILITAIR";"POINT(4.9140441,52.3619086)";"POINT(52.3619086,4.9140441)";4.9140441;52.3619086;
89;"Bolwerk Muiden 1663-1809";"Militair";"";"B22.jpg";"";"Bron: Gerrit de Broen 1774-1782";1663;1809;"MILITAIR";"POINT(4.917937,52.362702)";"POINT(52.362702,4.917937)";4.917937;52.362702;
90;"Bolwerk Oetewaal 1663-1810";"Militair";"";"B23.jpg";"";"Bron: Gerrit de Broen 1774-1782";1663;1810;"MILITAIR";"POINT(4.9215372,52.3641287)";"POINT(52.3641287,4.9215372)";4.9215372;52.3641287;
91;"Bolwerk Oosterbeer 1663-1844";"Militair";"";"B24.jpg";"";"Bron: Gerrit de Broen 1774-1782";1663;1844;"MILITAIR";"POINT(4.9245651,52.3660781)";"POINT(52.3660781,4.9245651)";4.9245651;52.3660781;
92;"Bolwerk Jaap Hannes 1663-1788";"Militair";"";"B25.jpg";"";"Bron: Gerrit de Broen 1774-1782";1663;1788;"MILITAIR";"POINT(4.927614,52.3678137)";"POINT(52.3678137,4.927614)";4.927614;52.3678137;
93;"Bolwerk Zeeburg 1663-1877";"Militair";"";"B26.jpg";"";"Bron: Gerrit de Broen 1774-1782";1663;1877;"MILITAIR";"POINT(4.9305861,52.3696791)";"POINT(52.3696791,4.9305861)";4.9305861;52.3696791;
94;"Walenweeshuis 1683-1967";"Openbaar";"Weeshuis";"Walenweeshuis.jpg";"";"Bron: Gerrit de Broen 1774-1782";1683;1967;"OPENBAAR";"POINT(4.8912761,52.3618018)";"POINT(52.3618018,4.8912761)";4.8912761;52.3618018;
95;"Aalmoezeniersweeshuis 1666-1825";"Openbaar";"Weeshuis";"Aalmoezeniersweeshuis II.jpg";"";"Bron: Balthasar Florisz. van Berckenrode 1625";1666;1825;"OPENBAAR";"POINT(4.8831489,52.3653838)";"POINT(52.3653838,4.8831489)";4.8831489;52.3653838;
96;"Oosterkerk 1671";"Religie";"Kerk";"Oosterkerk.jpg";"";"Bron: Gerrit de Broen 1774-1782";1671;0;"RELIGIE";"POINT(4.9192722,52.3699805)";"POINT(52.3699805,4.9192722)";4.9192722;52.3699805;
97;"Amstelkerk 1668";"Religie";"Kerk";"Amstelkerk.jpg";"";"Bron: Gerrit de Broen 1774-1782";1668;0;"RELIGIE";"POINT(4.8966768,52.3623015)";"POINT(52.3623015,4.8966768)";4.8966768;52.3623015;
98;"Eilandskerk 1659-1939";"Religie";"Kerk";"Eilandskerk.jpg";"";"Bron: Gerrit de Broen 1774-1782";1659;1939;"RELIGIE";"POINT(4.8884041,52.3840834)";"POINT(52.3840834,4.8884041)";4.8884041;52.3840834;
99;"Nieuwe Lutherse Kerk 1671";"Religie";"Kerk";"Nieuwe Lutherse Kerk.jpg";"";"Bron: Gerrit de Broen 1774-1782";1671;0;"RELIGIE";"POINT(4.8937499,52.3779151)";"POINT(52.3779151,4.8937499)";4.8937499;52.3779151;
100;"Oude Lutherse Kerk 1633";"Religie";"Kerk";"Oude Lutherse Kerk.jpg";"";"Bron: Gerrit de Broen 1774-1782";1633;0;"RELIGIE";"POINT(4.8893511,52.3683707)";"POINT(52.3683707,4.8893511)";4.8893511;52.3683707;
123;"R.C. Maagdenhuis 1783";"Openbaar";"Weeshuis";"";"";"";1783;0;"OPENBAAR";"POINT(4.8902171,52.3685843)";"POINT(52.3685843,4.8902171)";4.8902171;52.3685843;
124;"Engels Presbyteriaanse Kerk 1607";"Religie";"Kerk";"Engelse kerk.jpg";"";"Bron: Balthasar Florisz. van Berckenrode 1625";1607;0;"RELIGIE";"POINT(4.8901212,52.3693244)";"POINT(52.3693244,4.8901212)";4.8901212;52.3693244;
126;"Gasthuiskerk 1578-1864";"Religie";"Kerk";"Gasthuis Kerk.jpg";"";"Bron: Gerrit de Broen 1774-1782";1578;1864;"RELIGIE";"POINT(4.893604,52.3686072)";"POINT(52.3686072,4.893604)";4.893604;52.3686072;
127;"Kapel ter Heilige Stede/ Nieuwezijds Kapel 1345";"Religie";"Kapel";"Nwzijds Kapel.jpg";"";"Bron: Cornelis Anthonisz 1544";1345;1908;"RELIGIE";"POINT(4.8919308,52.3702323)";"POINT(52.3702323,4.8919308)";4.8919308;52.3702323;
135;"Nieuwe Synagoge 1752";"Religie";"Synagoge";"Nieuwe Synagoge.jpg";"";"Bron: Gerrit de Broen 1774-1782";1752;0;"RELIGIE";"POINT(4.9040682,52.3670165)";"POINT(52.3670165,4.9040682)";4.9040682;52.3670165;
140;"Portugese Synagoge 1671";"Religie";"Synagoge";"Portugese Synagoge.jpg";"";"Bron: Gerrit de Broen 1774-1782";1671;0;"RELIGIE";"POINT(4.9053609,52.3675276)";"POINT(52.3675276,4.9053609)";4.9053609;52.3675276;
144;"Synagoge aan de Uilenburgerstraat 1766";"Religie";"Synagoge";"Synagoge Uilenburg.jpg";"";"Bron: Gerrit de Broen 1774-1782";1766;0;"RELIGIE";"POINT(4.9053399,52.3701636)";"POINT(52.3701636,4.9053399)";4.9053399;52.3701636;
148;"Oude Walenkerk 1586";"Religie";"Kerk";"Walenkerk.jpg";"";"Bron: Balthasar Florisz. van Berckenrode 1625";1586;0;"RELIGIE";"POINT(4.8972471,52.3710066)";"POINT(52.3710066,4.8972471)";4.8972471;52.3710066;
150;"Armeense Kerk 1714";"Religie";"Kerk";"Persiaanse kerk.jpg";"";"Bron: Gerrit de Broen 1774-1782";1714;0;"RELIGIE";"POINT(4.9020989,52.3717085)";"POINT(52.3717085,4.9020989)";4.9020989;52.3717085;
156;"Olofspoort gevangenis";"Openbaar";"Strafinrichting";"SintOlofspoort.jpg";"";"Bron: Cornelis Anthonisz 1544";1425;1618;"OPENBAAR";"POINT(4.8996699,52.3762175)";"POINT(52.3762175,4.8996699)";4.8996699;52.3762175;
157;"Magazijn Admiraliteit 1579-1632";"Openbaar";"Admiraliteit";"";"";"";1579;1632;"OPENBAAR";"POINT(4.8951199,52.3700644)";"POINT(52.3700644,4.8951199)";4.8951199;52.3700644;
159;"Leidsepoort 1663-1862";"Militair";"Poort";"Leidsepoort.jpg";"";"Bron: Gerrit de Broen 1774-1782";1663;1862;"MILITAIR";"POINT(4.8822448,52.3638693)";"POINT(52.3638693,4.8822448)";4.8822448;52.3638693;
160;"Muiderpoort 1663";"Militair";"Poort";"Muiderpoort.jpg";"";"Bron: Gerrit de Broen 1774-1782";1663;0;"MILITAIR";"POINT(4.9194629,52.3637168)";"POINT(52.3637168,4.9194629)";4.9194629;52.3637168;
161;"Utrechtse Poort 1663-1859";"Militair";"Poort";"Utrechtsepoort.jpg";"";"Bron: Gerrit de Broen 1774-1782";1663;1859;"MILITAIR";"POINT(4.9000518,52.3594977)";"POINT(52.3594977,4.9000518)";4.9000518;52.3594977;
162;"Weesperpoort 1663-1857";"Militair";"Poort";"Weesperpoort.jpg";"";"Bron: Gerrit de Broen 1774-1782";1663;1857;"MILITAIR";"POINT(4.9080398,52.3610465)";"POINT(52.3610465,4.9080398)";4.9080398;52.3610465;
163;"Weteringpoort 1668-1842";"Militair";"Poort";"Weteringspoort (2).jpg";"";"Bron: Gerrit de Broen 1774-1782";1668;1842;"MILITAIR";"POINT(4.8880598,52.3603102)";"POINT(52.3603102,4.8880598)";4.8880598;52.3603102;
164;"Schreierstoren 1482";"Militair";"";"Schreierstoren1544.jpg";"";"Bron: Cornelis Anthonisz 1544";1482;0;"MILITAIR";"POINT(4.902262,52.376393)";"POINT(52.376393,4.902262)";4.902262;52.376393;
165;"Swijgh Utregt rond 1490-1882";"Militair";"";"SwijgUtrecht1544.jpg";"";"Bron: Cornelis Anthonisz 1544";1482;1882;"MILITAIR";"POINT(4.896064,52.3682639)";"POINT(52.3682639,4.896064)";4.896064;52.3682639;
166;"Rondeel 1535-1895";"Militair";"";"Rondeel1544.jpg";"";"Bron: Cornelis Anthonisz 1544";1535;1895;"MILITAIR";"POINT(4.8943899,52.3673369)";"POINT(52.3673369,4.8943899)";4.8943899;52.3673369;
167;"Jan Roodenpoortstoren rond 1490-1829";"Militair";"Poort";"JanRoodenpoortstoren.jpg";"";"Bron: Cornelis Anthonisz 1544";1490;1829;"MILITAIR";"POINT(4.8897531,52.3745238)";"POINT(52.3745238,4.8897531)";4.8897531;52.3745238;
168;"Versterking";"Militair";"";"";"";"";1280;1304;"MILITAIR";"POINT(4.8951061,52.3758742)";"POINT(52.3758742,4.8951061)";4.8951061;52.3758742;
169;"Haarlemmerpoort 1380-1425";"Militair";"Poort";"";"";"";1380;1425;"MILITAIR";"POINT(4.8960688,52.3777167)";"POINT(52.3777167,4.8960688)";4.8960688;52.3777167;
170;"Haarlemmerpoort 1579-1613";"Militair";"Poort";"";"";"";1579;1613;"MILITAIR";"POINT(4.8928049,52.3800131)";"POINT(52.3800131,4.8928049)";4.8928049;52.3800131;
171;"Haringpakkerstoren rond 1490-1829";"Militair";"";"Haringpakkerstoren.jpg";"";"Bron: Balthasar Florisz. van Berckenrode 1625";1490;1829;"MILITAIR";"POINT(4.8952992,52.3791586)";"POINT(52.3791586,4.8952992)";4.8952992;52.3791586;
172;"Onze-Lieve-Vrouwegasthuis ca 1350-1582";"Openbaar";"";"OnzeLieveVrouweGasthuis1544.jpg";"";"Bron: Cornelis Anthonisz 1544";1350;1582;"OPENBAAR";"POINT(4.8943441,52.3754164)";"POINT(52.3754164,4.8943441)";4.8943441;52.3754164;
173;"St.-Pietersgasthuis 1395-1578";"Openbaar";"Gasthuis";"pietersgasthuis.jpg";"";"Bron: Cornelis Anthonisz 1544";1395;1578;"OPENBAAR";"POINT(4.8932469,52.3710829)";"POINT(52.3710829,4.8932469)";4.8932469;52.3710829;
174;"Atheneum Illustre 1632";"Openbaar";"";"Atheneum Illustre.jpg";"";"Bron: Gerrit de Broen 1774-1782";1632;0;"OPENBAAR";"POINT(4.8950069,52.3699195)";"POINT(52.3699195,4.8950069)";4.8950069;52.3699195;
175;"Begijnhof 1307";"Religie";"";"Begijnhof.jpg";"";"Bron: Cornelis Anthonisz 1544";1307;0;"RELIGIE";"POINT(4.8900931,52.3695532)";"POINT(52.3695532,4.8900931)";4.8900931;52.3695532;
176;"Stadhuis / Paleis 1655";"Openbaar";"";"Stadhuis Paleis.jpg";"";"Bron: Gerrit de Broen 1774-1782";1655;0;"OPENBAAR";"POINT(4.891619,52.3731467)";"POINT(52.3731467,4.891619)";4.891619;52.3731467;
177;"St. Jorishof 1403-1901";"Openbaar";"Gasthuis";"Sint Jorishof.jpg";"";"Bron: Cornelis Anthonisz 1544";1403;1485;"OPENBAAR";"POINT(4.8922951,52.3679091)";"POINT(52.3679091,4.8922951)";4.8922951;52.3679091;
181;"Korenbeurs van Hendrick de Keyser 1617-1884";"Openbaar";"Financieel";"Korenbeurs.jpg";"";"Bron: Gerrit de Broen 1774-1782";1617;1884;"OPENBAAR";"POINT(4.896775,52.3753859)";"POINT(52.3753859,4.896775)";4.896775;52.3753859;
182;"Korenmetershuisje 1620";"Openbaar";"Financieel";"Korenmetershuisje.jpg";"";"Bron: Gerrit de Broen 1774-1782";1620;0;"OPENBAAR";"POINT(4.8949239,52.376248)";"POINT(52.376248,4.8949239)";4.8949239;52.376248;
185;"Onze-Lieve-Vrouwekapel 1345-1597";"Religie";"Kapel";"OnzeLieveVrouwekapel.jpg";"";"Bron: Cornelis Anthonisz 1544";1345;1597;"RELIGIE";"POINT(4.895015,52.3752104)";"POINT(52.3752104,4.895015)";4.895015;52.3752104;
186;"VOC-werf 1660-1795";"Productie";"";"Oostenburg.jpg";"";"Bron: Gerrit de Broen 1774-1782";1660;1795;"PRODUCTIE";"POINT(4.9261281,52.3707205)";"POINT(52.3707205,4.9261281)";4.9261281;52.3707205;
187;"Korenmolen De Bok 1613-1879";"Productie";"";"B1Molen.jpg";"";"Bron: Gerrit de Broen 1774-1782";1613;1879;"PRODUCTIE";"POINT(4.890166,52.389424)";"POINT(52.389424,4.890166)";4.890166;52.389424;
188;"Korenmolen De Vervanger 1688-1878";"Productie";"";"B2Molen.jpg";"";"Bron: Gerrit de Broen 1774-1782";1688;1878;"PRODUCTIE";"POINT(4.8855951,52.3887297)";"POINT(52.3887297,4.8855951)";4.8855951;52.3887297;
189;"Korenmolen De Beer 1613-1861";"Productie";"";"B3Molen.jpg";"";"Bron: Gerrit de Broen 1774-1782";1613;1861;"PRODUCTIE";"POINT(4.883846,52.3865286)";"POINT(52.3865286,4.883846)";4.883846;52.3865286;
190;"Korenmolen De Kraay 1613-1838";"Productie";"";"B4Molen.jpg";"";"Bron: Gerrit de Broen 1774-1782";1613;1838;"PRODUCTIE";"POINT(4.8822801,52.3840453)";"POINT(52.3840453,4.8822801)";4.8822801;52.3840453;
191;"Korenmolen De Palm 1613-1831";"Productie";"";"B5Molen.jpg";"";"Bron: Gerrit de Broen 1774-1782";1613;1831;"PRODUCTIE";"POINT(4.8807671,52.3816687)";"POINT(52.3816687,4.8807671)";4.8807671;52.3816687;
192;"Korenmolen De Kat 1613-1869";"Productie";"";"B6Molen.jpg";"";"Bron: Gerrit de Broen 1774-1782";1613;1869;"PRODUCTIE";"POINT(4.879308,52.3792998)";"POINT(52.3792998,4.879308)";4.879308;52.3792998;
193;"Gortmolen De Hoyberg 1613-1875";"Productie";"";"B7Molen.jpg";"";"Bron: Gerrit de Broen 1774-1782";1613;1875;"PRODUCTIE";"POINT(4.8776772,52.3768508)";"POINT(52.3768508,4.8776772)";4.8776772;52.3768508;
194;"Korenmolen De Blom 1613-1877";"Productie";"";"B8Molen.jpg";"";"Bron: Gerrit de Broen 1774-1782";1613;1877;"PRODUCTIE";"POINT(4.876229,52.3744666)";"POINT(52.3744666,4.876229)";4.876229;52.3744666;
195;"Korenmolen De Smeerpot/ De Victor 1613-1898";"Productie";"";"B9Molen.jpg";"";"Bron: Gerrit de Broen 1774-1782";1613;1898;"PRODUCTIE";"POINT(4.8756492,52.3718917)";"POINT(52.3718917,4.8756492)";4.8756492;52.3718917;
196;"Zeemtouwersmolen De Grote Stinkmolen 1613-1808";"Productie";"";"B10Molen.jpg";"";"Bron: Gerrit de Broen 1774-1782";1613;1808;"PRODUCTIE";"POINT(4.8772271,52.369435)";"POINT(52.369435,4.8772271)";4.8772271;52.369435;
197;"Zeemtouwersmolen De Star/ Kleine Stinkmolen 1613-1797";"Productie";"";"B11Molen.jpg";"";"Bron: Gerrit de Broen 1774-1782";1613;1797;"PRODUCTIE";"POINT(4.8787291,52.36715)";"POINT(52.36715,4.8787291)";4.8787291;52.36715;
198;"Korenmolen De Liefde 1663-1870";"Productie";"";"B12Molen.jpg";"";"Bron: Gerrit de Broen 1774-1782";1663;1870;"PRODUCTIE";"POINT(4.8804772,52.3647391)";"POINT(52.3647391,4.8804772)";4.8804772;52.3647391;
199;"Korenmolen De Roomolen 1663-1844";"Productie";"";"B13Molen.jpg";"";"Bron: Gerrit de Broen 1774-1782";1663;1844;"PRODUCTIE";"POINT(4.883106,52.3627593)";"POINT(52.3627593,4.883106)";4.883106;52.3627593;
200;"Korenmolen De Spring 1663-1874";"Productie";"";"B14Molen.jpg";"";"Bron: Gerrit de Broen 1774-1782";1663;1874;"PRODUCTIE";"POINT(4.88641,52.3611914)";"POINT(52.3611914,4.88641)";4.88641;52.3611914;
201;"Korenmolen De Wetering 1663-1873";"Productie";"";"B15Molen.jpg";"";"Bron: Gerrit de Broen 1774-1782";1663;1873;"PRODUCTIE";"POINT(4.8896291,52.3596541)";"POINT(52.3596541,4.8896291)";4.8896291;52.3596541;
202;"Korenmolen De Hoop 1663-1868";"Productie";"";"B16Molen.jpg";"";"Bron: Gerrit de Broen 1774-1782";1663;1868;"PRODUCTIE";"POINT(4.8937809,52.3592116)";"POINT(52.3592116,4.8937809)";4.8937809;52.3592116;
203;"Korenmolen De Roode Haan 1663-1872";"Productie";"";"B17Molen.jpg";"";"Bron: Gerrit de Broen 1774-1782";1663;1872;"PRODUCTIE";"POINT(4.898113,52.3589903)";"POINT(52.3589903,4.898113)";4.898113;52.3589903;
204;"Korenmolen De Groen/ De Leeuw 1663-1868";"Productie";"";"B18Molen.jpg";"";"";1663;1868;"PRODUCTIE";"POINT(4.902128,52.3597991)";"POINT(52.3597991,4.902128)";4.902128;52.3597991;
205;"Korenmolen De Groen/ De Leeuw 1663-1868";"Productie";"";"B18Molen.jpg";"";"Bron: Gerrit de Broen 1774-1782";1663;1868;"PRODUCTIE";"POINT(4.902128,52.3597991)";"POINT(52.3597991,4.902128)";4.902128;52.3597991;
206;"Korenmolen De Bul 1663-1863";"Productie";"";"B19Molen.jpg";"";"Bron: Gerrit de Broen 1774-1782";1663;1863;"PRODUCTIE";"POINT(4.906184,52.3605391)";"POINT(52.3605391,4.906184)";4.906184;52.3605391;
207;"Korenmolen De Fortuin 1663-1863";"Productie";"";"B20Molen.jpg";"";"Bron: Gerrit de Broen 1774-1782";1663;1863;"PRODUCTIE";"POINT(4.9100778,52.3613249)";"POINT(52.3613249,4.9100778)";4.9100778;52.3613249;
208;"Korenmolen De Valk 1663-1870";"Productie";"";"B21Molen.jpg";"";"Bron: Gerrit de Broen 1774-1782";1663;1870;"PRODUCTIE";"POINT(4.9139841,52.3620574)";"POINT(52.3620574,4.9139841)";4.9139841;52.3620574;
209;"Korenmolen De Drie Prinsen/ De Hond 1663-1865";"Productie";"";"B22Molen.jpg";"";"Bron: Gerrit de Broen 1774-1782";1663;1865;"PRODUCTIE";"POINT(4.9178569,52.3628775)";"POINT(52.3628775,4.9178569)";4.9178569;52.3628775;
210;"Korenmolen De Ruyter 1663-1863";"Productie";"";"B23Molen.jpg";"";"Bron: Gerrit de Broen 1774-1782";1663;1863;"PRODUCTIE";"POINT(4.9214079,52.3642737)";"POINT(52.3642737,4.9214079)";4.9214079;52.3642737;
211;"Korenmolen De Gooyer1663-1814";"Productie";"";"B24Molen.jpg";"";"Bron: Gerrit de Broen 1774-1782";1663;1814;"PRODUCTIE";"POINT(4.924423,52.3661925)";"POINT(52.3661925,4.924423)";4.924423;52.3661925;
212;"Houtzaagmolen Oostindische Compagnie";"Productie";"";"B25Molen.jpg";"";"Bron: Gerrit de Broen 1774-1782";1663;1788;"PRODUCTIE";"POINT(4.9274909,52.3679358)";"POINT(52.3679358,4.9274909)";4.9274909;52.3679358;
213;"Chocolade/loodwitmolen De Zon 1663-1856";"Productie";"";"B26Molen.jpg";"";"Bron: Gerrit de Broen 1774-1782";1663;1856;"PRODUCTIE";"POINT(4.9303558,52.3697745)";"POINT(52.3697745,4.9303558)";4.9303558;52.3697745;
214;"Admiraliteitswerf/Marineterrein 1657";"Productie";"";"Admiraliteitswerf.jpg";"";"Bron: Gerrit de Broen 1774-1782";1657;0;"PRODUCTIE";"POINT(4.9163439,52.3722922)";"POINT(52.3722922,4.9163439)";4.9163439;52.3722922;
215;"Peperwerf Rapenburg 1602-1660";"Productie";"";"peperwerf.jpg";"";"";1602;1660;"PRODUCTIE";"POINT(4.9088118,52.3718268)";"POINT(52.3718268,4.9088118)";4.9088118;52.3718268;
216;"Werven Bickerseiland ca. 1640-1725";"Productie";"";"Bickerseilandzoom.jpg";"";"Bron: Balthasar Florisz. van Berckenrode 1657";1640;1725;"PRODUCTIE";"POINT(4.889168,52.3849379)";"POINT(52.3849379,4.889168)";4.889168;52.3849379;
217;"Werven Marken 1602-1700";"Productie";"";"Marken.jpg";"";"Bron: Balthasar Florisz. van Berckenrode 1625";1602;1700;"PRODUCTIE";"POINT(4.906194,52.3697058)";"POINT(52.3697058,4.906194)";4.906194;52.3697058;
218;"Werven Uilenburg 1593-1660";"Productie";"";"Uilenburg.jpg";"";"Bron: Balthasar Florisz. van Berckenrode 1625";1593;1660;"PRODUCTIE";"POINT(4.9051592,52.3705298)";"POINT(52.3705298,4.9051592)";4.9051592;52.3705298;
219;"Pottenbakkerij Blankenburg 1754-1764";"Productie";"";"";"";"";1754;1764;"PRODUCTIE";"POINT(4.866379,52.3601157)";"POINT(52.3601157,4.866379)";4.866379;52.3601157;
220;"Lijnbanen Oostenburg 1661-1943";"Productie";"";"lijnbaanVOC Admiraliteit.jpg";"";"Bron: Gerrit de Broen 1774-1782";1661;1943;"PRODUCTIE";"POINT(4.9281299,52.3696982)";"POINT(52.3696982,4.9281299)";4.9281299;52.3696982;
221;"Bolwerk 1592-1663";"Militair";"";"bolwerk 2e A.jpg";"";"Bron: Balthasar Florisz. van Berckenrode 1625";1592;1663;"MILITAIR";"POINT(4.8894999,52.3660819)";"POINT(52.3660819,4.8894999)";4.8894999;52.3660819;
222;"Bolwerk 1592-1663";"Militair";"";"bolwerk 2e B.jpg";"";"Bron: Balthasar Florisz. van Berckenrode 1625";1592;1663;"MILITAIR";"POINT(4.894264,52.3653227)";"POINT(52.3653227,4.894264)";4.894264;52.3653227;
223;"Bolwerk 1592-1663";"Militair";"";"bolwerk 2e C.jpg";"";"Bron: Balthasar Florisz. van Berckenrode 1625";1592;1663;"MILITAIR";"POINT(4.8999069,52.3658835)";"POINT(52.3658835,4.8999069)";4.8999069;52.3658835;
224;"Bolwerk 1592-1663";"Militair";"";"bolwerk 2e D.jpg";"";"Bron: Balthasar Florisz. van Berckenrode 1625";1592;1663;"MILITAIR";"POINT(4.9029329,52.3665663)";"POINT(52.3665663,4.9029329)";4.9029329;52.3665663;
225;"Bolwerk 1592-1663";"Militair";"";"bolwerk 2e E.jpg";"";"Bron: Balthasar Florisz. van Berckenrode 1625";1592;1663;"MILITAIR";"POINT(4.9065478,52.3680312)";"POINT(52.3680312,4.9065478)";4.9065478;52.3680312;
226;"Bolwerk 1592-1663";"Militair";"";"bolwerk 2e F.jpg";"";"Bron: Balthasar Florisz. van Berckenrode 1625";1592;1663;"MILITAIR";"POINT(4.9093492,52.3693358)";"POINT(52.3693358,4.9093492)";4.9093492;52.3693358;
227;"Bolwerk Rijzenhoofd 1592-1663";"Militair";"";"bolwerk 2e G Rijzenhoofd.jpg";"";"Bron: Balthasar Florisz. van Berckenrode 1625";1592;1663;"MILITAIR";"POINT(4.912524,52.3708769)";"POINT(52.3708769,4.912524)";4.912524;52.3708769;
228;"Bolwerk 1578-1613";"Militair";"";"Bolwerk 1e A.jpg";"";"Bron: Pieter Bast 1597";1578;1613;"MILITAIR";"POINT(4.8921769,52.3799903)";"POINT(52.3799903,4.8921769)";4.8921769;52.3799903;
229;"Bolwerk 1578-1613";"Militair";"";"Bolwerk 1e B.jpg";"";"Bron: Pieter Bast 1597";1578;1613;"MILITAIR";"POINT(4.8893878,52.3770415)";"POINT(52.3770415,4.8893878)";4.8893878;52.3770415;
230;"Bolwerk 1578-1613";"Militair";"";"Bolwerk 1e C.jpg";"";"Bron: Pieter Bast 1597";1578;1613;"MILITAIR";"POINT(4.8867319,52.3742262)";"POINT(52.3742262,4.8867319)";4.8867319;52.3742262;
231;"Bolwerk 1578-1613";"Militair";"";"Bolwerk 1e D.jpg";"";"Bron: Pieter Bast 1597";1578;1613;"MILITAIR";"POINT(4.8863032,52.3709723)";"POINT(52.3709723,4.8863032)";4.8863032;52.3709723;
232;"Hortus Botanicus 1682";"Openbaar";"";"Hortus Botanicus.jpg";"";"Bron: Gerrit de Broen 1774-1782";1682;2014;"OPENBAAR";"POINT(4.9083431,52.367108)";"POINT(52.367108,4.9083431)";4.9083431;52.367108;
233;"Grote Synagoge 1671";"Religie";"Synagoge";"Grote Synagoge.jpg";"";"Bron: Gerrit de Broen 1774-1782";1671;0;"RELIGIE";"POINT(4.9039171,52.3672301)";"POINT(52.3672301,4.9039171)";4.9039171;52.3672301;
234;"Obbene Sjoel 1685";"Religie";"Synagoge";"Synagoge complex.jpg";"";"";1685;0;"RELIGIE";"POINT(4.9037831,52.3670699)";"POINT(52.3670699,4.9037831)";4.9037831;52.3670699;
235;"Dritt Sjoel 1700";"Religie";"Synagoge";"Synagoge complex.jpg";"";"";1700;0;"RELIGIE";"POINT(4.9037168,52.3672186)";"POINT(52.3672186,4.9037168)";4.9037168;52.3672186;
236;"Waag Westerhal 1619-1857";"Openbaar";"";"Waag Westerhal.jpg";"";"Bron: Balthasar Florisz. van Berckenrode 1625";1619;1857;"OPENBAAR";"POINT(4.8845379,52.3741461)";"POINT(52.3741461,4.8845379)";4.8845379;52.3741461;
237;"Oudevrouwenhuis Diaconie 1683";"Openbaar";"Ouderenzorg";"diaconie oudevrouwenhuis.jpg";"";"Bron: Gerrit de Broen 1774-1782";1683;0;"OPENBAAR";"POINT(4.902724,52.3653494)";"POINT(52.3653494,4.902724)";4.902724;52.3653494;
238;"Diaconie Weeshuis 1657-1880";"Openbaar";"Weeshuis";"Diaconie weeshuis.jpg";"";"Bron: Gerrit de Broen 1774-1782";1657;1880;"OPENBAAR";"POINT(4.9000308,52.3678671)";"POINT(52.3678671,4.9000308)";4.9000308;52.3678671;
239;"Engelsche Weeshuis 1779-1864";"Openbaar";"Weeshuis";"";"";"";1779;1864;"OPENBAAR";"POINT(4.8975389,52.3723075)";"POINT(52.3723075,4.8975389)";4.8975389;52.3723075;
240;"Waag 1533-1808";"Openbaar";"";"Waag Dam 1625.jpg";"";"Bron: Balthasar Florisz. van Berckenrode 1625";1533;1808;"OPENBAAR";"POINT(4.8924529,52.37312)";"POINT(52.37312,4.8924529)";4.8924529;52.37312;
241;"Toren Leeuwenburg ca. 1490-1614";"Militair";"";"Toren Leeuwenburg.jpg";"";"Bron: Cornelis Anthonisz 1544";1490;1614;"MILITAIR";"POINT(4.8936388,52.3672072)";"POINT(52.3672072,4.8936388)";4.8936388;52.3672072;
242;"Glashuis De Twee Rozen 1657-1679";"Productie";"";"";"";"";1657;1679;"PRODUCTIE";"POINT(4.8774888,52.3722731)";"POINT(52.3722731,4.8774888)";4.8774888;52.3722731;
243;"Glashuis De Twee Rozen 1621-1657";"Productie";"";"";"";"";1621;1657;"PRODUCTIE";"POINT(4.8853619,52.3712355)";"POINT(52.3712355,4.8853619)";4.8853619;52.3712355;
244;"Glashuis Abraham van Tongerloo 1613-1619";"Productie";"";"";"";"";1613;1619;"PRODUCTIE";"POINT(4.8931,52.3670775)";"POINT(52.3670775,4.8931)";4.8931;52.3670775;
245;"Glashuis Jan Hendriksz Soop 1601-1631";"Productie";"";"Glashuis Soop.jpg";"";"";1601;1631;"PRODUCTIE";"POINT(4.8971498,52.3687407)";"POINT(52.3687407,4.8971498)";4.8971498;52.3687407;
246;"Glashuis Antonio Obizzo 1597-1601";"Productie";"";"";"";"";1597;1601;"PRODUCTIE";"POINT(4.889962,52.3694655)";"POINT(52.3694655,4.889962)";4.889962;52.3694655;
247;"Werven Realeneiland ca. 1613-1725";"Productie";"";"Realeneiland25.jpg";"";"Bron: Balthasar Florisz. van Berckenrode 1625";1613;1725;"PRODUCTIE";"POINT(4.8881061,52.3875586)";"POINT(52.3875586,4.8881061)";4.8881061;52.3875586;
248;"Stads Klok- en geschutsgieterij 1614";"Productie";"";"Giethuis.jpg";"";"Bron: Balthasar Florisz. van Berckenrode 1657";1614;1800;"PRODUCTIE";"POINT(4.8803809,52.3786437)";"POINT(52.3786437,4.8803809)";4.8803809;52.3786437;
249;"Het Haantje 1661";"Religie";"Schuilkerk";"";"";"";1661;0;"RELIGIE";"POINT(4.8992722,52.3750807)";"POINT(52.3750807,4.8992722)";4.8992722;52.3750807;
250;"Nieuwezijds Huiszittenhuis 1654-1870";"Openbaar";"";"Nieuwezijds Huiszittenhuis.jpg";"";"Bron: Gerrit de Broen 1774-1782";1654;1870;"OPENBAAR";"POINT(4.885236,52.3764731)";"POINT(52.3764731,4.885236)";4.885236;52.3764731;
251;"Oudezijds Huiszittenhuis 1654";"Openbaar";"";"OZ Huiszittenhuis.jpg";"";"Bron: Gerrit de Broen 1774-1782";1654;0;"OPENBAAR";"POINT(4.9033568,52.3677146)";"POINT(52.3677146,4.9033568)";4.9033568;52.3677146;
252;"Klokken- en geschutgieterij Hemony 1655-1683";"Productie";"";"";"";"";1655;1683;"PRODUCTIE";"POINT(4.8838842,52.3669974)";"POINT(52.3669974,4.8838842)";4.8838842;52.3669974;
253;"Oude Kerks kapel 1250-1306";"Religie";"Kapel";"";"";"";1250;1306;"RELIGIE";"POINT(4.8981159,52.3743102)";"POINT(52.3743102,4.8981159)";4.8981159;52.3743102;
259;"Pottenbakkerij Aan den Overtoom ca. 1650-1879";"Productie";"";"";"";"";1650;1879;"PRODUCTIE";"POINT(4.8618839,52.3589484)";"POINT(52.3589484,4.8618839)";4.8618839;52.3589484;
260;"Pesthuis 1630-1937";"Openbaar";"";"";"";"";1630;1937;"OPENBAAR";"POINT(4.8713548,52.3642584)";"POINT(52.3642584,4.8713548)";4.8713548;52.3642584;
261;"Stallen Oudezijds Huiszittenhuis 1769-1938";"Productie";"";"";"";"";1769;1938;"PRODUCTIE";"POINT(4.955209,52.3658339)";"POINT(52.3658339,4.955209)";4.955209;52.3658339;
262;"Galgenveld ca. 1360-1795";"Openbaar";"Strafinrichting";"galgenveld.jpg";"";"Bron: Cornelis Anthonisz 1544";1360;1795;"OPENBAAR";"POINT(4.9023111,52.3837668)";"POINT(52.3837668,4.9023111)";4.9023111;52.3837668;
263;"Stadsschuitenmakerswerf  1664-1857";"Productie";"";"Stadsschuitenmakerswerf.jpg";"";"";1664;1857;"PRODUCTIE";"POINT(4.9223311,52.369435)";"POINT(52.369435,4.9223311)";4.9223311;52.369435;

