OBJECTNUMMER;Locatie;Artikelen;SELECTIE;FILTER_DAG;Maandag;Dinsdag;Woensdag;Donderdag;Vrijdag;Zaterdag;Zondag;Dagen;Gemeente;Foto;Website;Meer_informatie;Plattegrond;WKT_LNG_LAT;WKT_LAT_LNG;LNG;LAT;
8;"Waterlooplein";"Kunst / Antiek en curiosa";"KUNSTANTIEK";"Ma|Di|Wo|Do|Vr|Za";"09.00-17.00 uur";"09.00-17.00 uur";"09.00-17.00 uur";"09.00-17.00 uur";"09.00-17.00 uur";"09.00-17.00 uur";"";"Ma - Di - Wo - Do - Vr - Za";"Ja";"waterlooplein_01_27mrt2013_e_v_eis.jpg";"";"";"";"POINT(4.9017532,52.3683554)";"POINT(52.3683554,4.9017532)";4.9017532;52.3683554;
9;"Albert Cuypmarkt";"Algemene waren";"ALGEMEEN";"Ma|Di|Wo|Do|Vr|Za";"10.00-17.00 uur ";"10.00-17.00 uur";"10.00-17.00 uur";"10.00-17.00 uur";"10.00-17.00 uur";"10.00-17.00 uur";"";"Ma - Di - Wo - Do - Vr - Za";"Ja";"fruitstala.cuypmarktmaart2007.jpg";"www.albertcuypmarkt.nl";"";"";"POINT(4.8908741,52.3550078)";"POINT(52.3550078,4.8908741)";4.8908741;52.3550078;
10;"Bos en Lommerplein";"Algemene waren";"ALGEMEEN";"Di|Wo|Do|Vr|Za";"";"9.00-18.00 uur";"9.00-18.00 uur";"9.00-18.00 uur";"9.00-18.00 uur";"9.00-18.00 uur";"";"Di - Wo - Do - Vr - Za";"Ja";"boslommerplein_004_29mei2007_e_v_eis.jpg";"";"";"";"POINT(4.8457162,52.3784834)";"POINT(52.3784834,4.8457162)";4.8457162;52.3784834;
11;"Buikslotermeerplein";"Algemene waren";"ALGEMEEN";"Ma|Di|Wo|Do|Vr|Za|";"12.00-18.00 uur";"9.00-18.00 uur";"9.00-18.00 uur";"9.00-18.00 uur";"9.00-18.00 uur";"9.00-18.00 uur";"";"Di - Do - Ma - Vr - Wo - Za";"Ja";"";"";"";"Plattegrond Buikslotermeerplein.pdf";"POINT(4.9364502,52.3986098)";"POINT(52.3986098,4.9364502)";4.9364502;52.3986098;
12;"Dappermarkt";"Algemene waren";"ALGEMEEN";"Ma|Di|Wo|Do|Vr|Za";"9.00-18.00 uur";"9.00-18.00 uur";"9.00-18.00 uur";"9.00-18.00 uur";"9.00-18.00 uur";"9.00-18.00 uur";"";"Di - Do - Ma - Vr - Wo - Za";"Ja";"dappermarkt003-28mrt2007_e_v_eis.jpg";"";"www.dappermarkt.nl";"";"POINT(4.9277489,52.3622176)";"POINT(52.3622176,4.9277489)";4.9277489;52.3622176;
13;"Anton de Komplein";"Algemene waren";"ALGEMEEN";"Ma|Do|Vr";"9.00-18.00 uur";"";"";"9.00-18.00 uur";"9.00-18.00 uur";"";"";"Do - Ma - Vr";"Ja";"BC-de Kompleinmarkt16-06-14.2.jpg";"";"";"";"POINT(4.956491,52.315419)";"POINT(52.315419,4.956491)";4.956491;52.315419;
14;"Kraaiennest";"Algemene waren";"ALGEMEEN";"Di";"";"9.00-18.00 uur";"";"";"";"";"";"Di";"Ja";"";"";"";"";"POINT(4.9790433,52.3167104)";"POINT(52.3167104,4.9790433)";4.9790433;52.3167104;
16;"Nieuwmarkt";"Algemene waren";"ALGEMEEN";"Ma|Di|Wo|Do|Vr|Za";"09.00-18.00 uur";"09.00-18.00 uur";"09.00-18.00 uur";"09.00-18.00 uur";"09.00-18.00 uur";"09.00-18.00 uur";"";"Ma - Di - Wo - Do - Vr - Za";"Ja";"warenmarkt nieuwmarkt_18mrt2013_e_v_eis.jpg";"";"";"";"POINT(4.900326,52.3725554)";"POINT(52.3725554,4.900326)";4.900326;52.3725554;
18;"Amstelveld";"Bloemen en planten";"BLOEMEN";"Ma";"09.00-18.00 uur";"";"";"";"";"";"";"Ma";"Ja";"2. Amstelveld Edwin van Eis 2013.jpg";"";"";"";"POINT(4.8975789,52.362374)";"POINT(52.362374,4.8975789)";4.8975789;52.362374;
19;"Ganzenhoef";"Algemene waren";"ALGEMEEN";"Za";"";"";"";"";"";"9.00-18.00 uur";"";"Za";"Ja";"";"";"";"";"POINT(4.9698805,52.322095)";"POINT(52.322095,4.9698805)";4.9698805;52.322095;
20;"Haarlemmerplein";"Boerenmarkt / Bioversmarkt";"BOERENMARKT";"Wo";"";"";"10.00-17.00 uur";"";"";"";"";"Wo";"Ja";"boerenmarkt_haarlemmerplein_004_19mei2010-2a.jpg";"";"";"";"POINT(4.8838251,52.3848731)";"POINT(52.3848731,4.8838251)";4.8838251;52.3848731;
21;"Lambertus Zijlplein";"Algemene waren";"ALGEMEEN";"Ma";"11.00-17.00 uur";"";"";"";"";"";"";"Ma";"Ja";"";"";"";"";"POINT(4.8010948,52.377957)";"POINT(52.377957,4.8010948)";4.8010948;52.377957;
22;"Lindengracht";"Algemene waren";"ALGEMEEN";"Za";"";"";"";"";"";"09.00-17.00 uur";"";"Za";"Ja";"";"";"";"";"POINT(4.8844578,52.3801581)";"POINT(52.3801581,4.8844578)";4.8844578;52.3801581;
23;"Nieuwmarkt";"Boerenmarkt / Bioversmarkt";"BOERENMARKT";"Za";"";"";"";"";"";"09.00-16.00 uur";"";"Za";"Ja";"1. Boerenmarkt Nieuwmarkt Edwin van Eis 2010.jpg";"";"";"";"POINT(4.9006369,52.3722197)";"POINT(52.3722197,4.9006369)";4.9006369;52.3722197;
24;"Noordermarkt";"Boerenmarkt / Bioversmarkt";"BOERENMARKT";"Za";"";"";"";"";"";"09.00-16.00 uur";"";"Za";"Ja";"005_boerenmarkt_noordermarkt_22mei2010_e_v_eis-2.jpg";"";"";"";"POINT(4.8864858,52.3796088)";"POINT(52.3796088,4.8864858)";4.8864858;52.3796088;
25;"Noordermarkt";"Algemene waren";"ALGEMEEN";"Za";"";"";"";"";"";"09.00-16.00 uur";"";"Za";"Ja";"Noordermarkt web Edwin van Eis.jpg";"";"";"";"POINT(4.8864748,52.3794066)";"POINT(52.3794066,4.8864748)";4.8864748;52.3794066;
26;"Reigersbos";"Algemene waren";"ALGEMEEN";"Wo";"";"";"9.00-18.00 uur";"";"";"";"";"Wo";"Ja";"";"";"";"";"POINT(4.9755076,52.2970288)";"POINT(52.2970288,4.9755076)";4.9755076;52.2970288;
27;"Spui";"Boeken";"BOEKEN";"Vr";"";"";"";"";"10.00-18.00 uur";"";"";"Vr";"Ja";"spui-boekenmarkt-09_9nov2012_e_v_eis.jpg";"http://www.deboekenmarktophetspui.nl/";"";"";"POINT(4.8897579,52.3687865)";"POINT(52.3687865,4.8897579)";4.8897579;52.3687865;
28;"Artplein Spui";"Kunst / Antiek en curiosa";"KUNSTANTIEK";"Zo";"";"";"";"";"";"";"10:00-18:00 (maart t/m december) ";"Zo";"Ja";"spui-kunstmarktt-02_9nov2012_e_v_eis.jpg";"www.artplein-spui.org";"";"";"POINT(4.8899991,52.3688399)";"POINT(52.3688399,4.8899991)";4.8899991;52.3688399;
29;"Tussen Meer";"Algemene waren";"ALGEMEEN";"Di";"";"9.00-17.00 uur";"";"";"";"";"";"Di";"Ja";"";"";"";"";"POINT(4.7954938,52.3570716)";"POINT(52.3570716,4.7954938)";4.7954938;52.3570716;
31;"Westerstraat";"Algemene waren";"ALGEMEEN";"Ma";"09.00-13.00 uur";"";"";"";"";"";"";"Ma";"Ja";"";"";"";"";"POINT(4.884855,52.3786055)";"POINT(52.3786055,4.884855)";4.884855;52.3786055;
32;"Van Eesterenlaan";"Boerenmarkt / Bioversmarkt";"BOERENMARKT";"Wo";"";"";"12.00-17.00 uur";"";"";"";"";"Wo";"Ja";"12. Van Eesterenlaan Biomarkt Edwin van Eis 2007.jpg";"";"";"";"POINT(4.9384129,52.3724104)";"POINT(52.3724104,4.9384129)";4.9384129;52.3724104;
33;"Nieuwmarkt";"Kunst / Antiek en curiosa";"KUNSTANTIEK";"Zo";"";"";"";"";"";"";"mei-november 09.00-17.00 ";"Zo";"Ja";"";"";"";"";"POINT(4.9001758,52.3723761)";"POINT(52.3723761,4.9001758)";4.9001758;52.3723761;
34;"Singel";"Bloemen en planten";"BLOEMEN";"Ma|Di|Wo|Do|Vr|Za";"09.00-17.30 uur";"09.00-17.30 uur";"09.00-17.30 uur";"09.00-17.30 uur";"09.00-17.30 uur";"11.00-17.30 uur";"";"Ma - Di - Wo - Do - Vr - Za";"Ja";"14. Singel Bloemenmarkt.jpg";"";"";"";"POINT(4.8914211,52.3666846)";"POINT(52.3666846,4.8914211)";4.8914211;52.3666846;
35;"Nieuwezijds Voorburgwal";"Postzegels en munten";"POSTZEGELS";"Wo|Za";"";"";"09.00-16.00 uur";"";"";"09.00-16.00 uur";"";"Wo - Za";"Ja";"";"";"";"";"POINT(4.8903048,52.3713233)";"POINT(52.3713233,4.8903048)";4.8903048;52.3713233;
37;"Buikslotermeerplein Boerenmarkt";"Boerenmarkt / Bioversmarkt";"BOERENMARKT";"Za";"";"";"";"";"";"9.00-17.00 uur";"";"Za";"Ja";"boerenmarkt mosveld.jpg";"";"";"";"POINT(4.9397328,52.3985564)";"POINT(52.3985564,4.9397328)";4.9397328;52.3985564;
43;"Plein `40-`45";"Algemene waren";"ALGEMEEN";"Di|Wo|Do|Vr|Za";"";"9.00-17.00 uur";"9.00-17.00 uur";"9.00-17.00 uur";"9.00-17.00 uur";"9.00-17.00 uur";"";"Di - Do - Vr - Wo - Za";"Ja";"markt_plein_40-45_04_mrt_2004.jpg";"";"";"";"POINT(4.82163,52.380014)";"POINT(52.380014,4.82163)";4.82163;52.380014;
44;"Ten Katemarkt";"Algemene waren";"ALGEMEEN";"Ma|Di|Wo|Do|Vr|Za";"9.00-18.00 uur";"9.00-18.00 uur";"9.00-18.00 uur";"9.00-18.00 uur";"9.00-18.00 uur";"9.00-18.00 uur";"";"Di - Do - Ma - Vr - Wo - Za";"Ja";"ten_katemarkt_3_apr_2003.jpg";"";"";"";"POINT(4.8672059,52.3664023)";"POINT(52.3664023,4.8672059)";4.8672059;52.3664023;
45;"Siermarkt";"Algemene waren";"ALGEMEEN";"Wo";"";"";"9.00-17.00 uur";"";"";"";"";"Wo";"Nee";"";"";"";"";"POINT(4.826436,52.355005)";"POINT(52.355005,4.826436)";4.826436;52.355005;
46;"Rembrandtplein";"Kunst / Antiek en curiosa";"KUNSTANTIEK";"Zo";"";"";"";"";"";"";"10.30-18.00 uur";"Zo";"Nee";"13. Kunstmarkt Rembrandtplein maart 2013.jpg";"";"";"";"POINT(4.896345,52.365951)";"POINT(52.365951,4.896345)";4.896345;52.365951;
55;"Stadionplein";"Boerenmarkt / Bioversmarkt";"BOERENMARKT";"Za";"";"";"";"";"";"9.00-17.00 uur";"";"Za";"Ja";"";"";"";"";"POINT(4.8577321,52.3439339)";"POINT(52.3439339,4.8577321)";4.8577321;52.3439339;
56;"Pekmarkt";"Algemene waren";"ALGEMEEN";"Wo|Vr|Za|";"";"";"9.00-16.30 uur";"";"9.00-16.30 uur";"9.00-16.30 uur";"";"Vr - Wo - Za";"Ja";"";"";"";"Plattegrond_Van_der_Pekstraat.pdf";"POINT(4.9104221,52.389836)";"POINT(52.389836,4.9104221)";4.9104221;52.389836;
57;"Pekmarkt";"Boerenmarkt / Bioversmarkt";"BOERENMARKT";"Vr";"";"";"";"";"9.00-16.30 uur";"";"";"Vr";"Ja";"";"";"";"";"POINT(4.9098322,52.3889319)";"POINT(52.3889319,4.9098322)";4.9098322;52.3889319;
58;"Pekmarkt";"Kunst / Antiek en curiosa";"KUNSTANTIEK";"Za";"";"";"";"";"";"9.00-16.30 uur";"";"Za";"Ja";"";"";"";"";"POINT(4.9109361,52.3906104)";"POINT(52.3906104,4.9109361)";4.9109361;52.3906104;
60;"Albert Cuyp / Eerste Sweelinckstraat";"Boerenmarkt / Bioversmarkt";"BOERENMARKT";"Wo";"";"";"10-17 uur";"";"";"";"";"Wo";"Nee";"";"www.albertcuypmarkt.nl/";"";"";"POINT(4.8971822,52.3567244)";"POINT(52.3567244,4.8971822)";4.8971822;52.3567244;
62;"Pure Markt Amstelpark";"Algemene waren";"ALGEMEEN";"Zo";"";"";"";"";"";"";"11:00-18:00 uur (2e zondag vd maand, niet in nov jan feb mrt)";"Zo";"Nee";"";"www.puremarkt.nl";"";"";"POINT(4.8916891,52.3322035)";"POINT(52.3322035,4.8916891)";4.8916891;52.3322035;
64;"IJ-hallen";"Kunst / Antiek en curiosa";"KUNSTANTIEK";"Za|Zo";"";"";"";"";"";"09:00-16:30 uur (maandelijks)";"09:00-16:30 uur (maandelijks)";"Za - Zo";"Nee";"";"www.ijhallen.nl";"";"";"POINT(4.8942692,52.4019934)";"POINT(52.4019934,4.8942692)";4.8942692;52.4019934;
65;"Pure Markt Frankendael";"Boerenmarkt / Bioversmarkt";"BOERENMARKT";"Zo";"";"";"";"";"";"";"11:00-18:00 (laatste zondag vd maand, niet nov, jan, feb)";"Zo";"Nee";"";"www.puremarkt.nl";"";"";"POINT(4.9303672,52.3517424)";"POINT(52.3517424,4.9303672)";4.9303672;52.3517424;
66;"Sunday Market";"Kunst / Antiek en curiosa";"KUNSTANTIEK";"Zo";"";"";"";"";"";"";"12:00-18:00 (eerste zondag vd maand)";"Zo";"Nee";"";"http://www.sundaymarket.nl/";"";"";"POINT(4.8711111,52.3858344)";"POINT(52.3858344,4.8711111)";4.8711111;52.3858344;
67;"Mercatormarkt";"Boerenmarkt / Bioversmarkt";"BOERENMARKT";"Za";"";"";"";"";"";"10:00-17:00 (zie website voor data)";"";"Za";"Nee";"";"http://www.mercatormarkt.nl/";"";"";"POINT(4.851043,52.3696066)";"POINT(52.3696066,4.851043)";4.851043;52.3696066;
76;"Pure Markt Beatrixpark";"Boerenmarkt / Bioversmarkt";"BOERENMARKT";"Zo";"";"";"";"";"";"";"11:00-18:00 (zie website voor data)";"Zo";"Nee";"";"www.puremarkt.nl";"";"";"POINT(4.884619,52.3430411)";"POINT(52.3430411,4.884619)";4.884619;52.3430411;
77;"Trek je klep open - Kofferbakmarkt Blijburg";"Kunst / Antiek en curiosa";"KUNSTANTIEK";"Zo";"";"";"";"";"";"";"10:00-16:00 (laatste zondag in apr, t/m sep)";"Zo";"Nee";"";"http://debrugkrant.nl/agenda/trek-je-klep-open-de-kofferbakmarkt-van-blijburg-2012-04-29/";"";"";"POINT(5.0146739,52.3497664)";"POINT(52.3497664,5.0146739)";5.0146739;52.3497664;
79;"De Foodhallen";"Boerenmarkt / Bioversmarkt";"BOERENMARKT";"Ma|Di|Wo|Do|Vr|Za|Zo";"11:00-20:00";"11:00-20:00";"11:00-20:00";"11:00-21:00";"11:00-21:00";"11:00-21:00";"11:00-20:00";"Di - Do - Ma - Vr - Wo - Za - Zo";"Nee";"";"https://nl-nl.facebook.com/foodhallen";"";"";"POINT(4.8691099,52.3670928)";"POINT(52.3670928,4.8691099)";4.8691099;52.3670928;
121;"ZuiderMRKT";"Boerenmarkt / Bioversmarkt";"BOERENMARKT";"Za";"";"";"";"";"";"9:30-17:00 uur";"";"Za";"Nee";"";"www.zuidermrkt.nl";"";"";"POINT(4.8758428,52.3554198)";"POINT(52.3554198,4.8758428)";4.8758428;52.3554198;
122;"REURING markt op IJburg";"Boerenmarkt / Bioversmarkt";"BOERENMARKT";"Za";"";"";"";"";"";"09:00 - 16:00 uur";"";"Za";"Ja";"";"www.reuringmarkt.nl";"Joris Ivensplein";"";"POINT(4.9909789,52.3570334)";"POINT(52.3570334,4.9909789)";4.9909789;52.3570334;

