OBJECTNUMMER;Code;Locatie;Type_meetpunt;Afstand_tot_gevel_m;Meting_op_wettelijke_toetsafstand;Type_meting;Opmerkingen;WKT_LNG_LAT;WKT_LAT_LNG;LNG;LAT;
1;"1HDG17";"1e Hugo de Grootstraat 17";"Achtergrond";0;"";"Palmes";"";"POINT(4.874205,52.375993)";"POINT(52.375993,4.874205)";4.874205;52.375993;
2;"ESW/G";"A10-West aan balkon Jephtastraat";"Snelweg";1.5;"nee";"Palmes";"";"POINT(4.845285,52.381333)";"POINT(52.381333,4.845285)";4.845285;52.381333;
3;"AD14";"Adelaarsweg 14";"Straat";3;"nee";"Palmes";"";"POINT(4.911975,52.384423)";"POINT(52.384423,4.911975)";4.911975;52.384423;
4;"AD7";"Adelaarsweg 7";"Straat";3;"nee";"Palmes";"";"POINT(4.911455,52.384033)";"POINT(52.384033,4.911455)";4.911455;52.384033;
5;"ADM58";"Admiraliteitsstraat 58";"Achtergrond";0;"";"Palmes";"";"POINT(4.924805,52.368693)";"POINT(52.368693,4.924805)";4.924805;52.368693;
6;"AFR212";"Anne Frankstraat 212";"Straat";0.1;"ja";"Palmes";"";"POINT(4.909205,52.369293)";"POINT(52.369293,4.909205)";4.909205;52.369293;
7;"AL29";"Aart van der Leeuwstraat 29";"Achtergrond";0;"";"Palmes";"";"POINT(4.831905,52.375993)";"POINT(52.375993,4.831905)";4.831905;52.375993;
8;"ALP17";"Alard Piersonstraat 17";"Achtergrond";0;"";"Palmes";"";"POINT(4.872605,52.370293)";"POINT(52.370293,4.872605)";4.872605;52.370293;
9;"AMS13";"Amsteldijk 13";"Straat";0.1;"ja";"Palmes";"";"POINT(4.904105,52.357593)";"POINT(52.357593,4.904105)";4.904105;52.357593;
10;"AMS45";"Amsteldijk 45";"Straat";0.1;"ja";"Palmes";"";"POINT(4.906005,52.354693)";"POINT(52.354693,4.906005)";4.906005;52.354693;
11;"AMS46";"Amsteldijk 46";"Straat";6.9;"nee";"Palmes";"";"POINT(4.906105,52.354993)";"POINT(52.354993,4.906105)";4.906105;52.354993;
12;"AV9";"Amstelveld 9";"Achtergrond";0;"";"Palmes";"";"POINT(4.897905,52.362393)";"POINT(52.362393,4.897905)";4.897905;52.362393;
13;"AVW211";"Amstelveenseweg 211";"Straat";6;"nee";"Palmes";"";"POINT(4.857905,52.347993)";"POINT(52.347993,4.857905)";4.857905;52.347993;
14;"AVW390";"Amstelveenseweg 390";"Straat";13;"nee";"Palmes";"";"POINT(4.857505,52.341993)";"POINT(52.341993,4.857505)";4.857505;52.341993;
15;"AVW761";"Amstelveenseweg 765";"Straat";13;"nee";"Palmes";"";"POINT(4.857605,52.327993)";"POINT(52.327993,4.857605)";4.857605;52.327993;
16;"BAN8";"Banstraat 8";"Achtergrond";0;"";"Palmes";"";"POINT(4.873505,52.355693)";"POINT(52.355693,4.873505)";4.873505;52.355693;
17;"BIJL738";"Bijlmerdreef 738";"Straat";17.4;"nee";"Palmes";"";"POINT(4.964205,52.319593)";"POINT(52.319593,4.964205)";4.964205;52.319593;
18;"BIN37";"Binnenkant 37";"Achtergrond";0;"";"Palmes";"";"POINT(4.905405,52.372993)";"POINT(52.372993,4.905405)";4.905405;52.372993;
19;"BLM93";"Bloemgracht 93";"Achtergrond";0;"";"Palmes";"";"POINT(4.879505,52.374293)";"POINT(52.374293,4.879505)";4.879505;52.374293;
20;"BOR143";"Borneokade 143";"Achtergrond";0;"";"Palmes";"";"POINT(4.941805,52.370693)";"POINT(52.370693,4.941805)";4.941805;52.370693;
21;"BOR79";"Borneolaan 79";"Straat";5.5;"nee";"Palmes";"";"POINT(4.936505,52.370993)";"POINT(52.370993,4.936505)";4.936505;52.370993;
22;"BRAN4";"Brantasgracht 4";"Achtergrond";0;"";"Palmes";"";"POINT(4.925205,52.379293)";"POINT(52.379293,4.925205)";4.925205;52.379293;
23;"BS19";"Beursstraat 19";"Achtergrond";0;"";"Palmes";"";"POINT(4.896805,52.374993)";"POINT(52.374993,4.896805)";4.896805;52.374993;
24;"CCL137";"Churchilllaan 137";"Straat";5.2;"nee";"Palmes";"";"POINT(4.893105,52.346993)";"POINT(52.346993,4.893105)";4.893105;52.346993;
25;"CHL10";"Charles Leickertstraat 10";"Achtergrond";0;"";"Palmes";"";"POINT(4.841205,52.359993)";"POINT(52.359993,4.841205)";4.841205;52.359993;
26;"COBA10";"Count Baseystraat 100";"Achtergrond";0;"";"Palmes";"";"POINT(4.825405,52.343993)";"POINT(52.343993,4.825405)";4.825405;52.343993;
27;"CON";"Constantijn Huijgenstraat hoek Vondelstraat";"Straat";0.1;"ja";"Palmes";"";"POINT(4.876205,52.361693)";"POINT(52.361693,4.876205)";4.876205;52.361693;
28;"CVT9";"Catharina van Tussenbroekstraat 9";"Achtergrond";0;"";"Palmes";"";"POINT(4.963905,52.320493)";"POINT(52.320493,4.963905)";4.963905;52.320493;
29;"DAM23";"Damrak t.o. 23 (aanlegsteiger)";"Straat";31.3;"nee";"Palmes";"";"POINT(4.898005,52.376993)";"POINT(52.376993,4.898005)";4.898005;52.376993;
30;"DAM 243";"Damrak 243";"Straat";0.1;"nee";"Palmes";"";"POINT(4.896005,52.374993)";"POINT(52.374993,4.896005)";4.896005;52.374993;
31;"DECL110";"de Clercqstraat 110";"Straat";3.9;"nee";"Palmes";"";"POINT(4.866405,52.369993)";"POINT(52.369993,4.866405)";4.866405;52.369993;
32;"DECL40";"de Clercqstraat 40";"Straat";0.1;"nee";"Palmes";"";"POINT(4.871005,52.370993)";"POINT(52.370993,4.871005)";4.871005;52.370993;
33;"DIN94";"Dintelstraat 94";"Achtergrond";0;"";"Palmes";"";"POINT(4.893505,52.343593)";"POINT(52.343593,4.893505)";4.893505;52.343593;
34;"DORA1";"Dora Tamanaplein 1";"Achtergrond";0;"";"Palmes";"";"POINT(4.905405,52.353793)";"POINT(52.353793,4.905405)";4.905405;52.353793;
35;"EUP61";"Europaplein 61";"Straat";13.3;"nee";"Palmes";"";"POINT(4.892305,52.342993)";"POINT(52.342993,4.892305)";4.892305;52.342993;
36;"FOEL6";"Foeliestraat 6 (IJ-tunnel)";"Straat";8.5;"nee";"Palmes";"";"POINT(4.910305,52.371493)";"POINT(52.371493,4.910305)";4.910305;52.371493;
37;"GIBR67";"Gibraltarstraat 67";"Achtergrond";0;"";"Palmes";"";"POINT(4.849605,52.384093)";"POINT(52.384093,4.849605)";4.849605;52.384093;
38;"HDG7";"2e Hugo de Grootstraat 7";"Straat";0.1;"ja";"Palmes";"";"POINT(4.874605,52.373993)";"POINT(52.373993,4.874605)";4.874605;52.373993;
39;"HDP104";"van Hogendorpplein 104";"Achtergrond";0;"";"Palmes";"";"POINT(4.876805,52.384593)";"POINT(52.384593,4.876805)";4.876805;52.384593;
40;"HEM187";"Hembrugstraat 187";"Achtergrond";0;"";"Palmes";"";"POINT(4.874505,52.391093)";"POINT(52.391093,4.874505)";4.874505;52.391093;
41;"HEMO18";"Hemonylaan 18";"Achtergrond";0;"";"Palmes";"";"POINT(4.901105,52.357493)";"POINT(52.357493,4.901105)";4.901105;52.357493;
42;"HEN124";"Prins Hendrikkade 124";"Straat";4.1;"nee";"Palmes";"";"POINT(4.905005,52.373993)";"POINT(52.373993,4.905005)";4.905005;52.373993;
43;"HEN150";"Prins Hendrikkade 150";"Straat";3.9;"nee";"Palmes";"";"POINT(4.906905,52.372993)";"POINT(52.372993,4.906905)";4.906905;52.372993;
44;"HEN167";"Prins Hendrikkade 167";"Straat";0.1;"ja";"Palmes";"";"POINT(4.909405,52.371893)";"POINT(52.371893,4.909405)";4.909405;52.371893;
45;"HEN68";"Prins Hendrikkade 68";"Straat";10.9;"nee";"Palmes";"";"POINT(4.900605,52.376593)";"POINT(52.376593,4.900605)";4.900605;52.376593;
46;"HLW119";"Haarlemmerweg 119";"Straat";0.1;"ja";"Palmes";"";"POINT(4.873805,52.385293)";"POINT(52.385293,4.873805)";4.873805;52.385293;
47;"HLW645";"Haarlemmerweg 645";"Straat";0.1;"ja";"Palmes";"";"POINT(4.848505,52.384993)";"POINT(52.384993,4.848505)";4.848505;52.384993;
48;"HLW77";"Haarlemmerweg 77";"Straat";0.1;"ja";"Palmes";"";"POINT(4.875805,52.384993)";"POINT(52.384993,4.875805)";4.875805;52.384993;
49;"HOUT43";"Haarlemmerhouttuinen 43";"Straat";0.1;"ja";"Palmes";"";"POINT(4.891105,52.381293)";"POINT(52.381293,4.891105)";4.891105;52.381293;
50;"HP11C";"Henri Polaklaan 11c";"Achtergrond";0;"";"Palmes";"";"POINT(4.911305,52.367793)";"POINT(52.367793,4.911305)";4.911305;52.367793;
51;"HS6";"Havenstraat 6";"Achtergrond";0;"";"Palmes";"";"POINT(4.855705,52.349293)";"POINT(52.349293,4.855705)";4.855705;52.349293;
52;"IJB19";"Ijsbaanpad 19";"Achtergrond";0;"";"Palmes";"";"POINT(4.853005,52.341093)";"POINT(52.341093,4.853005)";4.853005;52.341093;
53;"IJS27";"IJsselstraat 27";"Achtergrond";0;"";"Palmes";"";"POINT(4.903305,52.347293)";"POINT(52.347293,4.903305)";4.903305;52.347293;
54;"ING10";"Ingogostraat 10";"Achtergrond";0;"";"Palmes";"";"POINT(4.925805,52.355393)";"POINT(52.355393,4.925805)";4.925805;52.355393;
55;"JAVA700";"Javakade 700";"Waterweg";0;"";"Palmes";"";"POINT(4.923805,52.378793)";"POINT(52.378793,4.923805)";4.923805;52.378793;
56;"JVG151";"Jan van Galenstraat 155";"Straat";4.9;"nee";"Palmes";"";"POINT(4.856805,52.373993)";"POINT(52.373993,4.856805)";4.856805;52.373993;
57;"JVG255";"Jan van Galenstraat 255";"Straat";7.3;"nee";"Palmes";"";"POINT(4.850905,52.372993)";"POINT(52.372993,4.850905)";4.850905;52.372993;
58;"KAT6";"Kattenburgerstraat 6";"Straat";0.1;"ja";"Palmes";"";"POINT(4.916105,52.371393)";"POINT(52.371393,4.916105)";4.916105;52.371393;
59;"KH32";"Kattenburgerhof 32";"Achtergrond";0;"";"Palmes";"";"POINT(4.918005,52.371693)";"POINT(52.371693,4.918005)";4.918005;52.371693;
60;"KORT100";"Kortvoort 100";"Achtergrond";17.4;"nee";"Palmes";"";"POINT(4.968705,52.314793)";"POINT(52.314793,4.968705)";4.968705;52.314793;
61;"LEP4";"Lepelstraat 4";"Achtergrond";0;"";"Palmes";"";"POINT(4.905505,52.362593)";"POINT(52.362593,4.905505)";4.905505;52.362593;
62;"LIN98";"Linnaeusstraat 98";"Straat";5.3;"nee";"Palmes";"";"POINT(4.927705,52.355993)";"POINT(52.355993,4.927705)";4.927705;52.355993;
63;"LUYK38";"Jan Luijkenstraat 38";"Achtergrond";0;"";"Palmes";"";"POINT(4.882305,52.360093)";"POINT(52.360093,4.882305)";4.882305;52.360093;
64;"MAUK109";"Mauritskade 109";"Straat";5.3;"nee";"Palmes";"";"POINT(4.926205,52.364993)";"POINT(52.364993,4.926205)";4.926205;52.364993;
65;"MID145";"Middenweg 149";"Straat";0.1;"ja";"Palmes";"";"POINT(4.934705,52.350993)";"POINT(52.350993,4.934705)";4.934705;52.350993;
66;"MID560";"Middenweg 560 (A10-Oost)";"Snelweg";5.5;"nee";"Palmes";"";"POINT(4.950705,52.340993)";"POINT(52.340993,4.950705)";4.950705;52.340993;
67;"MOL101";"Molukkenstraat 101";"Straat";5.2;"nee";"Palmes";"";"POINT(4.939705,52.361993)";"POINT(52.361993,4.939705)";4.939705;52.361993;
68;"MW269";"Meeuwenlaan 269";"Straat";4.3;"nee";"Palmes";"";"POINT(4.924305,52.387993)";"POINT(52.387993,4.924305)";4.924305;52.387993;
69;"NGS97";"Nachtegaalstraat 97";"Achtergrond";0;"";"Palmes";"";"POINT(4.913505,52.384893)";"POINT(52.384893,4.913505)";4.913505;52.384893;
70;"NK168";"Nassaukade 168";"Straat";0.1;"ja";"Palmes";"";"POINT(4.874505,52.370993)";"POINT(52.370993,4.874505)";4.874505;52.370993;
71;"NK370";"Nassaukade 370";"Straat";0.1;"ja";"Palmes";"";"POINT(4.878405,52.365393)";"POINT(52.365393,4.878405)";4.878405;52.365393;
72;"NOVA116";"Nova Zemblastraat 116";"Achtergrond";0;"";"Palmes";"";"POINT(4.882805,52.390393)";"POINT(52.390393,4.882805)";4.882805;52.390393;
73;"OBG75";"Oostenburgergracht 75";"Straat";10.9;"nee";"Palmes";"";"POINT(4.923705,52.367993)";"POINT(52.367993,4.923705)";4.923705;52.367993;
74;"OVT167";"Overtoom 167";"Straat";13;"nee";"Palmes";"";"POINT(4.871505,52.361993)";"POINT(52.361993,4.871505)";4.871505;52.361993;
75;"OVT557";"Overtoom 557";"Straat";13;"nee";"Palmes";"";"POINT(4.855805,52.357993)";"POINT(52.357993,4.855805)";4.855805;52.357993;
76;"OVT64";"Overtoom 64";"Straat";0.1;"ja";"Palmes";"";"POINT(4.876205,52.363093)";"POINT(52.363093,4.876205)";4.876205;52.363093;
77;"OVT89";"Overtoom 89";"Straat";2.4;"nee";"Palmes";"";"POINT(4.875205,52.362993)";"POINT(52.362993,4.875205)";4.875205;52.362993;
78;"PBP";"Prins Bernardplein";"Straat";19;"nee";"Palmes";"";"POINT(4.919505,52.348993)";"POINT(52.348993,4.919505)";4.919505;52.348993;
79;"PKL45";"Plantage Kerklaan 45";"Straat";3.9;"nee";"Palmes";"";"POINT(4.912205,52.366993)";"POINT(52.366993,4.912205)";4.912205;52.366993;
80;"PVDD67";"Pieter v/d Doesstraat 67";"Achtergrond";0;"";"Palmes";"";"POINT(4.856605,52.373793)";"POINT(52.373793,4.856605)";4.856605;52.373793;
81;"PYTH120";"Pythagorasstraat 120";"Achtergrond";0;"";"Palmes";"";"POINT(4.936405,52.353493)";"POINT(52.353493,4.936405)";4.936405;52.353493;
82;"RBS28";"Recht Boomssloot 28";"Achtergrond";0;"";"Palmes";"";"POINT(4.902505,52.372693)";"POINT(52.372693,4.902505)";4.902505;52.372693;
83;"RIJN31";"Rijnstraat 31";"Straat";5.3;"nee";"Palmes";"";"POINT(4.904905,52.347993)";"POINT(52.347993,4.904905)";4.904905;52.347993;
84;"RS91";"Riouwstraat 91";"Achtergrond";0;"";"Palmes";"";"POINT(4.937805,52.362193)";"POINT(52.362193,4.937805)";4.937805;52.362193;
85;"RTK5";"de Ruijterkade 5";"Straat";5.5;"nee";"Palmes";"";"POINT(4.894705,52.382493)";"POINT(52.382493,4.894705)";4.894705;52.382493;
86;"SB28674";"Spaanse Brabanderstraat";"Achtergrond";0;"";"Palmes";"";"POINT(4.848805,52.380093)";"POINT(52.380093,4.848805)";4.848805;52.380093;
87;"SPD165";"Spaarndammerdijk 165";"Straat";0.1;"ja";"Palmes";"";"POINT(4.875005,52.392793)";"POINT(52.392793,4.875005)";4.875005;52.392793;
88;"SPD29";"Spaarndammerdijk 29";"Straat";0.1;"ja";"Palmes";"";"POINT(4.877005,52.391993)";"POINT(52.391993,4.877005)";4.877005;52.391993;
89;"SPD53";"Spaarndammerdijk 53";"Straat";0.1;"ja";"Palmes";"";"POINT(4.876005,52.392993)";"POINT(52.392993,4.876005)";4.876005;52.392993;
90;"SPUI250";"Spuistraat 250";"Straat";0.1;"ja";"Palmes";"";"POINT(4.889005,52.370993)";"POINT(52.370993,4.889005)";4.889005;52.370993;
91;"SPUI29";"Spuistraat 29";"Straat";4.3;"nee";"Palmes";"";"POINT(4.893075,52.376457)";"POINT(52.376457,4.893075)";4.893075;52.376457;
92;"STDK115";"Stadhouderskade 115";"Straat";2.7;"nee";"Palmes";"";"POINT(4.898305,52.357993)";"POINT(52.357993,4.898305)";4.898305;52.357993;
93;"STDK137";"Stadhouderskade 137";"Straat";0.1;"ja";"Palmes";"";"POINT(4.900905,52.357993)";"POINT(52.357993,4.900905)";4.900905;52.357993;
94;"STDK156";"Stadhouderskade 156";"Straat";6;"nee";"Palmes";"";"POINT(4.903005,52.358993)";"POINT(52.358993,4.903005)";4.903005;52.358993;
95;"STDK30";"Stadhouderskade 30";"Straat";0.1;"ja";"Palmes";"";"POINT(4.883405,52.361993)";"POINT(52.361993,4.883405)";4.883405;52.361993;
96;"STDK55";"Stadhouderskade 55";"Straat";5.1;"nee";"Palmes";"";"POINT(4.888505,52.358993)";"POINT(52.358993,4.888505)";4.888505;52.358993;
97;"STDK58";"Stadhouderskade 58";"Straat";0.1;"ja";"Palmes";"";"POINT(4.888605,52.358593)";"POINT(52.358593,4.888605)";4.888605;52.358593;
98;"SUM1369/W";"Sumatrakade 1369 (aan rand IJ)";"Waterweg";0;"";"Palmes";"";"POINT(4.924505,52.379993)";"POINT(52.379993,4.924505)";4.924505;52.379993;
99;"SUM1435";"Sumatrakade (IJ. woning)";"Waterweg";0;"";"Palmes";"";"POINT(4.923705,52.379693)";"POINT(52.379693,4.923705)";4.923705;52.379693;
100;"T1";"Zuidelijke IJdijk 58";"Straat";10;"nee";"Palmes";"";"POINT(4.957405,52.372693)";"POINT(52.372693,4.957405)";4.957405;52.372693;
101;"T2";"Zuidelijke IJdijk noord van tunnel";"Straat";0;"nee";"Palmes";"";"POINT(4.957305,52.373493)";"POINT(52.373493,4.957305)";4.957305;52.373493;
102;"T3";"Leo Hornstraat 303";"Snelweg";14;"nee";"Palmes";"";"POINT(4.971105,52.372093)";"POINT(52.372093,4.971105)";4.971105;52.372093;
103;"T4";"Mary van der Sluisstraat/hoek Kea Bouwmanstraat";"Waterweg";1.5;"nee";"Palmes";"";"POINT(4.964805,52.376293)";"POINT(52.376293,4.964805)";4.964805;52.376293;
104;"T5";"Kees Broekmanstraat (Nida Senfisstraat 1)";"Straat";2;"nee";"Palmes";"";"POINT(4.964505,52.372393)";"POINT(52.372393,4.964505)";4.964505;52.372393;
105;"T6";"Geertje Wielenplein (Ijburgcollege 2)";"Achtergrond";0;"";"Palmes";"";"POINT(4.968705,52.372093)";"POINT(52.372093,4.968705)";4.968705;52.372093;
106;"T7";"Zwanenbloemlaan 38";"Achtergrond";0;"";"Palmes";"";"POINT(4.991105,52.356093)";"POINT(52.356093,4.991105)";4.991105;52.356093;
107;"T8";"IJburglaan 866";"Straat";7;"nee";"Palmes";"";"POINT(4.996105,52.354593)";"POINT(52.354593,4.996105)";4.996105;52.354593;
108;"TAS373";"Tasmanstraat 373";"Straat";0.1;"ja";"Palmes";"";"POINT(4.879405,52.390993)";"POINT(52.390993,4.879405)";4.879405;52.390993;
109;"TAS45";"Tasmanstraat 45";"Straat";0.1;"ja";"Palmes";"";"POINT(4.882105,52.390993)";"POINT(52.390993,4.882105)";4.882105;52.390993;
110;"TK10";"Teerketelsteeg 10";"Achtergrond";0;"";"Palmes";"";"POINT(4.892905,52.376993)";"POINT(52.376993,4.892905)";4.892905;52.376993;
111;"TOR68";"Torresstraat 68";"Achtergrond";0;"";"Palmes";"";"POINT(4.851405,52.371893)";"POINT(52.371893,4.851405)";4.851405;52.371893;
112;"TPBV";"vd Boechortstraat 1 (Tennispark)";"Achtergrond";0;"";"Palmes";"";"POINT(4.861705,52.329093)";"POINT(52.329093,4.861705)";4.861705;52.329093;
113;"UIL70";"Nieuwe Uilenburgerstraat 70";"Achtergrond";0;"";"Palmes";"";"POINT(4.905305,52.370693)";"POINT(52.370693,4.905305)";4.905305;52.370693;
114;"UT66";"Utrechtsestraat 66";"Straat";0.1;"ja";"Palmes";"";"POINT(4.898505,52.362993)";"POINT(52.362993,4.898505)";4.898505;52.362993;
115;"VBP166";"van Beuningenplein 148";"Achtergrond";0;"";"Palmes";"";"POINT(4.869705,52.380793)";"POINT(52.380793,4.869705)";4.869705;52.380793;
116;"VH42";"van Heemskerckstraat 42";"Achtergrond";0;"";"Palmes";"";"POINT(4.886205,52.389193)";"POINT(52.389193,4.886205)";4.886205;52.389193;
117;"VLAM143";"Pieter Vlamingstraat 143";"Achtergrond";0;"";"Palmes";"";"POINT(4.927205,52.365193)";"POINT(52.365193,4.927205)";4.927205;52.365193;
118;"VLK/HOEK";"Valkenburgerstraat bij mr Visserplein";"Straat";10.9;"nee";"Palmes";"";"POINT(4.903905,52.368493)";"POINT(52.368493,4.903905)";4.903905;52.368493;
119;"VLK1B";"Valkenburgerstraat 1B";"Straat";0.1;"ja";"Palmes";"";"POINT(4.908105,52.369893)";"POINT(52.369893,4.908105)";4.908105;52.369893;
120;"VLK68";"Valkenburgerstraat 68";"Straat";0.1;"ja";"Palmes";"";"POINT(4.907705,52.370093)";"POINT(52.370093,4.907705)";4.907705;52.370093;
121;"VWS56";"van Woustraat 56";"Straat";2;"nee";"Palmes";"";"POINT(4.900305,52.355993)";"POINT(52.355993,4.900305)";4.900305;52.355993;
122;"WDD103";"Westerdoksdijk 103";"Straat";0.1;"ja";"Palmes";"";"POINT(4.892705,52.384193)";"POINT(52.384193,4.892705)";4.892705;52.384193;
123;"WDK";"Westerdokskade";"Achtergrond";0;"";"Palmes";"";"POINT(4.891305,52.382593)";"POINT(52.382593,4.891305)";4.891305;52.382593;
124;"WIB50";"Wibautstraat 52";"Straat";0.1;"ja";"Palmes";"";"POINT(4.910305,52.356993)";"POINT(52.356993,4.910305)";4.910305;52.356993;
125;"WPW35";"Willemsparkweg 35";"Straat";0.1;"ja";"Palmes";"";"POINT(4.876905,52.357993)";"POINT(52.357993,4.876905)";4.876905;52.357993;
126;"WSP13";"Weesperplein 13";"Straat";16.8;"nee";"Palmes";"";"POINT(4.907905,52.361993)";"POINT(52.361993,4.907905)";4.907905;52.361993;
127;"WSS100";"Weesperstraat 100";"Straat";0.1;"ja";"Palmes";"";"POINT(4.905605,52.364793)";"POINT(52.364793,4.905605)";4.905605;52.364793;
128;"WSS105";"Weesperstraat 105";"Straat";0.1;"ja";"Palmes";"";"POINT(4.906405,52.364393)";"POINT(52.364393,4.906405)";4.906405;52.364393;
129;"ZEIL34";"Zeilstraat 34";"Straat";0.1;"ja";"Palmes";"";"POINT(4.854505,52.350993)";"POINT(52.350993,4.854505)";4.854505;52.350993;
130;"ZUID317";"Zuideinde 317 (A10-Noord)";"Snelweg";5.8;"nee";"Palmes";"";"POINT(4.888805,52.423993)";"POINT(52.423993,4.888805)";4.888805;52.423993;
131;"OK4";"Polderweg";"Snelweg";0;"";"Palmes";"";"POINT(4.902605,52.290393)";"POINT(52.290393,4.902605)";4.902605;52.290393;
132;"OK5";"Binnenweg (IJsbaan)";"Achtergrond";0;"";"Palmes";"";"POINT(4.909605,52.302493)";"POINT(52.302493,4.909605)";4.909605;52.302493;
133;"OK6";"Jan Persijnstraat";"Snelweg";0;"";"Palmes";"";"POINT(4.905905,52.292693)";"POINT(52.292693,4.905905)";4.905905;52.292693;
134;"OK7";"Schoolweg";"Snelweg";0;"";"Palmes";"";"POINT(4.901805,52.293493)";"POINT(52.293493,4.901805)";4.901805;52.293493;
135;"OK8";"Rotonde Jacob van Ruisdaelweg";"Straat";0;"";"Palmes";"";"POINT(4.912305,52.299393)";"POINT(52.299393,4.912305)";4.912305;52.299393;
136;"OK9";"Hoger Einde-Zuid nabij Burg. Stramanweg";"Straat";0;"";"Palmes";"";"POINT(4.900205,52.298593)";"POINT(52.298593,4.900205)";4.900205;52.298593;
137;"MID3A (OK)";"parkeerplaats Ouderkerkerplas";"Achtergrond";0;"";"Palmes";"";"POINT(4.934005,52.297993)";"POINT(52.297993,4.934005)";4.934005;52.297993;
138;"OK11";"Machineweg";"Straat";0;"";"Palmes";"";"POINT(4.920605,52.297193)";"POINT(52.297193,4.920605)";4.920605;52.297193;
139;"OK18";"Benningh-brug";"Straat";0;"";"Palmes";"";"POINT(4.915905,52.295193)";"POINT(52.295193,4.915905)";4.915905;52.295193;
140;"OK19";"Weth. Koolhaasweg";"Straat";0;"";"Palmes";"";"POINT(4.915705,52.301493)";"POINT(52.301493,4.915705)";4.915705;52.301493;
141;"OK22";"Holendrechterweg";"Snelweg";0;"";"Palmes";"";"POINT(4.916605,52.287293)";"POINT(52.287293,4.916605)";4.916605;52.287293;
142;"OK23";"Begin van keerlus Achterdijk";"Snelweg";0;"";"Palmes";"";"POINT(4.892605,52.294693)";"POINT(52.294693,4.892605)";4.892605;52.294693;
143;"OK24";"Kon. Wilhelminalaan/voorm. JanHekmanschool";"Achtergrond";0;"";"Palmes";"";"POINT(4.905405,52.296493)";"POINT(52.296493,4.905405)";4.905405;52.296493;
144;"SATB/GB";"Satellietbaan OBS Grote Beer";"Straat";0;"";"Palmes";"";"POINT(4.936905,52.332093)";"POINT(52.332093,4.936905)";4.936905;52.332093;
145;"DD13";"Molenkade";"Snelweg";0;"";"Palmes";"";"POINT(4.945705,52.337293)";"POINT(52.337293,4.945705)";4.945705;52.337293;
146;"DD14";"Rijksstraatweg";"Straat";0;"";"Palmes";"";"POINT(4.940605,52.331593)";"POINT(52.331593,4.940605)";4.940605;52.331593;
147;"DD15";"Kruidenommegang";"Achtergrond";0;"";"Palmes";"";"POINT(4.934205,52.328993)";"POINT(52.328993,4.934205)";4.934205;52.328993;
148;"DD16";"Berkenstraat";"Snelweg";0;"";"Palmes";"";"POINT(4.942905,52.334993)";"POINT(52.334993,4.942905)";4.942905;52.334993;
149;"DD17";"Kloosterstraat";"Snelweg";0;"";"Palmes";"";"POINT(4.938105,52.334493)";"POINT(52.334493,4.938105)";4.938105;52.334493;
150;"DD20";"Holterbergweg";"Straat";0;"";"Palmes";"";"POINT(4.933405,52.315893)";"POINT(52.315893,4.933405)";4.933405;52.315893;
151;"DD21";"Buitensingel";"Snelweg";0;"";"Palmes";"";"POINT(4.915105,52.322493)";"POINT(52.322493,4.915105)";4.915105;52.322493;
152;"DD25";"Hoek Holterbergweg/Stationsweg";"Straat";0;"";"Palmes";"";"POINT(4.930005,52.324393)";"POINT(52.324393,4.930005)";4.930005;52.324393;
153;"DD27";"Nabij kantine CTO/Biesbosch";"Achtergrond";0;"";"Palmes";"";"POINT(4.941505,52.327493)";"POINT(52.327493,4.941505)";4.941505;52.327493;
154;"DD28";"P garage Uranus/Slinger";"Snelweg";0;"";"Palmes";"";"POINT(4.934405,52.333393)";"POINT(52.333393,4.934405)";4.934405;52.333393;
155;"DD12";"Astronautenweg";"Achtergrond";0;"";"Palmes";"";"POINT(4.935305,52.331393)";"POINT(52.331393,4.935305)";4.935305;52.331393;
156;"DD3A";"Van der Madeweg";"Straat";0;"";"Palmes";"";"POINT(4.932505,52.329693)";"POINT(52.329693,4.932505)";4.932505;52.329693;
157;"OK10";"Landje van Geijzel";"Achtergrond";0;"";"Palmes";"";"POINT(4.927305,52.281893)";"POINT(52.281893,4.927305)";4.927305;52.281893;
158;"OK2A";"Jan Benninghweg";"Straat";0;"";"Palmes";"";"POINT(4.914605,52.291093)";"POINT(52.291093,4.914605)";4.914605;52.291093;
159;"Z1";"Dorpsstraat 505";"Straat";0;"";"Palmes";"";"POINT(4.746105,52.473993)";"POINT(52.473993,4.746105)";4.746105;52.473993;
160;"Z2";"Popelstraat. Provincialeweg N203";"Straat";0;"";"Palmes";"";"POINT(4.758505,52.495393)";"POINT(52.495393,4.758505)";4.758505;52.495393;
161;"Z3";"Kerkstraat 331";"Straat";0;"";"Palmes";"";"POINT(4.778205,52.496993)";"POINT(52.496993,4.778205)";4.778205;52.496993;
162;"Z4";"Wandelweg/Javastraat";"Straat";0;"";"Palmes";"";"POINT(4.803105,52.486393)";"POINT(52.486393,4.803105)";4.803105;52.486393;
163;"Z5";"Pellekaanstraat/Leeghwaterstraat";"Straat";0;"";"Palmes";"";"POINT(4.806005,52.467693)";"POINT(52.467693,4.806005)";4.806005;52.467693;
164;"Z6";"Jufferstraat/Dr scholtestraat";"Straat";0;"";"Palmes";"";"POINT(4.817605,52.459493)";"POINT(52.459493,4.817605)";4.817605;52.459493;
165;"Z7";"Houthavenkade. Provincialeweg N203.";"Straat";0;"";"Palmes";"";"POINT(4.822005,52.432693)";"POINT(52.432693,4.822005)";4.822005;52.432693;
166;"Z8";"Houtveldweg";"Straat";0;"";"Palmes";"";"POINT(4.812505,52.437793)";"POINT(52.437793,4.812505)";4.812505;52.437793;
167;"Z9";"Kepplerstraat 31";"Straat";0;"";"Palmes";"";"POINT(4.835205,52.439893)";"POINT(52.439893,4.835205)";4.835205;52.439893;
168;"Z10";"Provincialeweg 168 N203";"Straat";0;"";"Palmes";"";"POINT(4.813605,52.440993)";"POINT(52.440993,4.813605)";4.813605;52.440993;
169;"Z11";"Den Uylweg";"Straat";0;"";"Palmes";"";"POINT(4.839005,52.429393)";"POINT(52.429393,4.839005)";4.839005;52.429393;
170;"Z14";"Naast Den Uylweg";"Straat";0;"";"Palmes";"";"POINT(4.839905,52.429593)";"POINT(52.429593,4.839905)";4.839905;52.429593;
171;"ZL1";"Raadhuisstraat 57";"Straat";0;"";"Palmes";"";"POINT(4.810205,52.463793)";"POINT(52.463793,4.810205)";4.810205;52.463793;
172;"ZL2";"Raadhuisstraat 86";"Straat";0;"";"Palmes";"";"POINT(4.811305,52.463493)";"POINT(52.463493,4.811305)";4.811305;52.463493;
173;"ZL3";"Raadhuisstraat 74";"Straat";0;"";"Palmes";"";"POINT(4.811305,52.462993)";"POINT(52.462993,4.811305)";4.811305;52.462993;
174;"ZL4";"Oostzijde 405";"Straat";0;"";"Palmes";"";"POINT(4.814105,52.462393)";"POINT(52.462393,4.814105)";4.814105;52.462393;
175;"ZL5";"Zuidzijde A8. Fietspad kalverpad";"Snelweg";0;"";"Palmes";"";"POINT(4.826905,52.461093)";"POINT(52.461093,4.826905)";4.826905;52.461093;
176;"ZL6";"Flat Fluitekruidweg 4e verdieping";"Snelweg";0;"";"Palmes";"";"POINT(4.836005,52.458693)";"POINT(52.458693,4.836005)";4.836005;52.458693;
177;"ZL7";"Flat Fluitekruidweg 7e verdieping";"Snelweg";0;"";"Palmes";"";"POINT(4.834805,52.458693)";"POINT(52.458693,4.834805)";4.834805;52.458693;
178;"ZL8";"Lichtmast sportpark Jagersveld";"Snelweg";0;"";"Palmes";"";"POINT(4.821005,52.462293)";"POINT(52.462293,4.821005)";4.821005;52.462293;
179;"H10";"Tempeliersstraat 52";"Straat";0;"";"Palmes";"";"POINT(4.629405,52.375393)";"POINT(52.375393,4.629405)";4.629405;52.375393;
180;"H11";"Buitenrustlaan 22";"Straat";0;"";"Palmes";"";"POINT(4.637005,52.371123)";"POINT(52.371123,4.637005)";4.637005;52.371123;
181;"H12";"Schipholweg (meetstation RIVM)";"Straat";0;"";"Palmes";"";"POINT(4.64231,52.37051)";"POINT(52.37051,4.64231)";4.64231;52.37051;
182;"H13";"Rustenburgerlaan 44";"Straat";0;"";"Palmes";"";"POINT(4.636405,52.372613)";"POINT(52.372613,4.636405)";4.636405;52.372613;
183;"HA1";"Schoterweg 1a";"Straat";0;"";"Palmes";"";"POINT(4.640605,52.390933)";"POINT(52.390933,4.640605)";4.640605;52.390933;
184;"HA2";"Verspronckweg 8";"Straat";0;"";"Palmes";"";"POINT(4.630105,52.389313)";"POINT(52.389313,4.630105)";4.630105;52.389313;
185;"HA3";"Kruisweg 43";"Straat";0;"";"Palmes";"";"POINT(4.636605,52.386483)";"POINT(52.386483,4.636605)";4.636605;52.386483;
186;"HA4";"Jansweg 43";"Straat";0;"";"Palmes";"";"POINT(4.639505,52.386043)";"POINT(52.386043,4.639505)";4.639505;52.386043;
187;"HA5";"Prinsen Bolwerk 4";"Straat";0;"";"Palmes";"";"POINT(4.640905,52.388513)";"POINT(52.388513,4.640905)";4.640905;52.388513;
188;"HA6";"Gedempte oudegracht 63";"Straat";0;"";"Palmes";"";"POINT(4.632805,52.380183)";"POINT(52.380183,4.632805)";4.632805;52.380183;
189;"HA7";"Wilheminastraat 21";"Straat";0;"";"Palmes";"";"POINT(4.628005,52.380183)";"POINT(52.380183,4.628005)";4.628005;52.380183;
190;"HA8";"Kinderhuissingel 122";"Straat";0;"";"Palmes";"";"POINT(4.629605,52.383801)";"POINT(52.383801,4.629605)";4.629605;52.383801;
191;"HA9";"Van Eedenstraat 8";"Straat";0;"";"Palmes";"";"POINT(4.627005,52.376138)";"POINT(52.376138,4.627005)";4.627005;52.376138;
192;"HA10";"Tempeliersstraat 43";"Straat";0;"";"Palmes";"";"POINT(4.628405,52.375686)";"POINT(52.375686,4.628405)";4.628405;52.375686;
193;"HA11";"Tempeliersstraat 30";"Straat";0;"";"Palmes";"";"POINT(4.628505,52.375535)";"POINT(52.375535,4.628505)";4.628505;52.375535;
194;"HA12";"Tempeliersstraat 57";"Straat";0;"";"Palmes";"";"POINT(4.629105,52.375564)";"POINT(52.375564,4.629105)";4.629105;52.375564;
195;"HA13";"Tempeliersstraat 65";"Straat";0;"";"Palmes";"";"POINT(4.629505,52.375515)";"POINT(52.375515,4.629505)";4.629505;52.375515;
196;"HA14";"Kamperssingel 16";"Straat";0;"";"Palmes";"";"POINT(4.636305,52.375765)";"POINT(52.375765,4.636305)";4.636305;52.375765;
197;"HA15";"Antoniestraat 77";"Straat";0;"";"Palmes";"";"POINT(4.641205,52.377024)";"POINT(52.377024,4.641205)";4.641205;52.377024;
198;"HA16";"Rustenburgerlaan 1";"Straat";0;"";"Palmes";"";"POINT(4.634305,52.373331)";"POINT(52.373331,4.634305)";4.634305;52.373331;
199;"HA17";"Haarlemmerhout / Frederikspark 10-12";"Achtergrond";0;"";"Palmes";"";"POINT(4.632005,52.372644)";"POINT(52.372644,4.632005)";4.632005;52.372644;
200;"H1";"Diakenhuisweg";"Straat";0;"";"Palmes";"";"POINT(4.673705,52.380893)";"POINT(52.380893,4.673705)";4.673705;52.380893;
201;"H2";"Oudeweg";"Straat";0;"";"Palmes";"";"POINT(4.648405,52.385693)";"POINT(52.385693,4.648405)";4.648405;52.385693;
202;"H3";"Amsterdamse Poort";"Straat";0;"";"Palmes";"";"POINT(4.647805,52.380993)";"POINT(52.380993,4.647805)";4.647805;52.380993;
203;"H4";"Nagtzaamplein";"Achtergrond";0;"";"Palmes";"";"POINT(4.649205,52.377793)";"POINT(52.377793,4.649205)";4.649205;52.377793;
204;"H6";"Freddie Oversteegenstraat";"Straat";0;"";"Palmes";"";"POINT(4.651805,52.370493)";"POINT(52.370493,4.651805)";4.651805;52.370493;
205;"H7";"Amsterdamsevaart 266";"Straat";0;"";"Palmes";"";"POINT(4.659705,52.381393)";"POINT(52.381393,4.659705)";4.659705;52.381393;
206;"H8";"Hoek Hagestraat/Burgwal";"Achtergrond";0;"";"Palmes";"";"POINT(4.641605,52.378493)";"POINT(52.378493,4.641605)";4.641605;52.378493;
207;"OZ1";"Kolkweg-Zuideinde";"Straat";0;"";"Palmes";"";"POINT(4.880405,52.433893)";"POINT(52.433893,4.880405)";4.880405;52.433893;
208;"OZ3";"Kerkstraat-Zuideinde";"Straat";0;"";"Palmes";"";"POINT(4.875505,52.440393)";"POINT(52.440393,4.875505)";4.875505;52.440393;
209;"OZ2";"Kerkstraat";"Straat";0;"";"Palmes";"";"POINT(4.863005,52.437293)";"POINT(52.437293,4.863005)";4.863005;52.437293;
210;"HA18";"Oudeweg 9 / 11";"Straat";0;"";"Palmes";"";"POINT(4.649105,52.385093)";"POINT(52.385093,4.649105)";4.649105;52.385093;
211;"HA19";"Oudeweg 43/45";"Straat";0;"";"Palmes";"";"POINT(4.650205,52.384493)";"POINT(52.384493,4.650205)";4.650205;52.384493;
212;"HA20";"Voormalige Oudeweg";"Achtergrond";0;"";"Palmes";"";"POINT(4.649428,52.383302)";"POINT(52.383302,4.649428)";4.649428;52.383302;
213;"HA21";"Rie van Mstenbroekstraat";"Straat";0;"";"Palmes";"";"POINT(4.650775,52.386351)";"POINT(52.386351,4.650775)";4.650775;52.386351;
214;"HA22";"Harmenjansweg 1 bij catharijne brug";"Straat";0;"";"Palmes";"";"POINT(4.643133,52.383169)";"POINT(52.383169,4.643133)";4.643133;52.383169;
215;"HA23";"Hoek Pr. Bernhardlaan leonard springerlaan";"Straat";0;"";"Palmes";"";"POINT(4.659012,52.375239)";"POINT(52.375239,4.659012)";4.659012;52.375239;
216;"HA24";"Hoek Pr. Bernhardlaan schipholweg amerikaweg";"Straat";0;"";"Palmes";"";"POINT(4.654859,52.370463)";"POINT(52.370463,4.654859)";4.654859;52.370463;
217;"HA25";"Kamperlaan 3";"Straat";0;"";"Palmes";"";"POINT(4.633657,52.371363)";"POINT(52.371363,4.633657)";4.633657;52.371363;
218;"HA26";"Hoek Houtplein Wijde Geldelozer pad";"Straat";0;"";"Palmes";"";"POINT(4.630379,52.374843)";"POINT(52.374843,4.630379)";4.630379;52.374843;
219;"HA27";"Pijlslaan 107";"Straat";0;"";"Palmes";"";"POINT(4.611442,52.372073)";"POINT(52.372073,4.611442)";4.611442;52.372073;
220;"HA28";"Westergracht 113";"Straat";0;"";"Palmes";"";"POINT(4.61795,52.379243)";"POINT(52.379243,4.61795)";4.61795;52.379243;
221;"HA29";"Vondelweg 882";"Straat";0;"";"Palmes";"";"POINT(4.649173,52.421883)";"POINT(52.421883,4.649173)";4.649173;52.421883;
222;"HA30";"Fabriciusstraat 3";"Achtergrond";0;"";"Palmes";"";"POINT(4.64514,52.378483)";"POINT(52.378483,4.64514)";4.64514;52.378483;
223;"ZMP1";"Langs fietspad (NW-zijde Den Uijlbrug)";"Straat";0;"";"Palmes";"";"POINT(4.83314,52.427655)";"POINT(52.427655,4.83314)";4.83314;52.427655;
224;"ZMP2";"Havenstraat (ZW-zijde Den Uilbrug)";"Straat";0;"";"Palmes";"";"POINT(4.833656,52.427251)";"POINT(52.427251,4.833656)";4.833656;52.427251;
225;"ZMP3";"Zuiddijk (NO-zijde Den Uilbrug)";"Straat";0;"";"Palmes";"";"POINT(4.836201,52.428714)";"POINT(52.428714,4.836201)";4.836201;52.428714;
226;"ZMP4";"Madeira";"Achtergrond";0;"";"Palmes";"";"POINT(4.839669,52.429846)";"POINT(52.429846,4.839669)";4.839669;52.429846;
227;"ZMP5";"Zuiddijk (ZO-zijde Den Uilbrug)";"Straat";0;"";"Palmes";"";"POINT(4.836224,52.42814)";"POINT(52.42814,4.836224)";4.836224;52.42814;
228;"LOK2";"Hoogtij14. Fokkemast";"Industrie";0;"";"Palmes";"";"POINT(4.771868,52.430035)";"POINT(52.430035,4.771868)";4.771868;52.430035;
229;"LOK3";"Hoogtij 62. Kleine Steng";"Industrie";0;"";"Palmes";"";"POINT(4.775137,52.433018)";"POINT(52.433018,4.775137)";4.775137;52.433018;
230;"LOK4";"Gruttostraat ";"Achtergrond";0;"";"Palmes";"";"POINT(4.776113,52.437977)";"POINT(52.437977,4.776113)";4.776113;52.437977;
231;"LOK5";"J.J. Allanstraat 73 ";"Straat";0;"";"Palmes";"";"POINT(4.776998,52.445799)";"POINT(52.445799,4.776998)";4.776998;52.445799;
232;"LOK7";"Hembrugterrein (200 m van Noordzeekanaal)";"Industrie";0;"";"Palmes";"";"POINT(4.831637,52.422203)";"POINT(52.422203,4.831637)";4.831637;52.422203;
233;"LOK8";"Havenstraat";"Achtergrond";0;"";"Palmes";"";"POINT(4.836198,52.424505)";"POINT(52.424505,4.836198)";4.836198;52.424505;
234;"LOK9";"Plataanlaan";"Achtergrond";0;"";"Palmes";"";"POINT(4.835724,52.431298)";"POINT(52.431298,4.835724)";4.835724;52.431298;
235;"LOK10";"Dirk de Kortestraat";"Achtergrond";0;"";"Palmes";"";"POINT(4.84,52.437711)";"POINT(52.437711,4.84)";4.84;52.437711;
236;"LOK11";"Sarema (punt Zaaneiland)";"Achtergrond";0;"";"Palmes";"";"POINT(4.831,52.431433)";"POINT(52.431433,4.831)";4.831;52.431433;
237;"LOK12";"Punt schiereiland Sluispolderweg";"Industrie";0;"";"Palmes";"";"POINT(4.843096,52.419554)";"POINT(52.419554,4.843096)";4.843096;52.419554;
238;"LOK13";"Zwanebloemkade";"Achtergrond";0;"";"Palmes";"";"POINT(4.827928,52.457923)";"POINT(52.457923,4.827928)";4.827928;52.457923;
239;"LOK14";"Hoek Noordzeekanaal/Amerikahaven";"Industrie";0;"";"Palmes";"";"POINT(4.774418,52.425378)";"POINT(52.425378,4.774418)";4.774418;52.425378;
240;"LOK15";"Westhavenweg";"Industrie";0;"";"Palmes";"";"POINT(4.821865,52.418611)";"POINT(52.418611,4.821865)";4.821865;52.418611;
241;"L1";"NO-zijde kruispunt IJdoornlaan/Zuideinde";"Straat";0;"";"Palmes";"";"POINT(4.908859,52.421716)";"POINT(52.421716,4.908859)";4.908859;52.421716;
242;"L2";"Van Beekstraat 203";"Straat";0;"";"Palmes";"";"POINT(4.936383,52.428548)";"POINT(52.428548,4.936383)";4.936383;52.428548;
243;"L3";"Kamperfoeliestraat 26/28";"Achtergrond";0;"";"Palmes";"";"POINT(4.917027,52.436759)";"POINT(52.436759,4.917027)";4.917027;52.436759;
244;"L4";"Schoolstraat 29";"Achtergrond";0;"";"Palmes";"";"POINT(4.907629,52.451345)";"POINT(52.451345,4.907629)";4.907629;52.451345;
245;"L5";"Gerbrand Katstraat 2";"Achtergrond";0;"";"Palmes";"";"POINT(4.92741,52.480859)";"POINT(52.480859,4.92741)";4.92741;52.480859;
246;"L6";"Zuideinde 2 Landsmeer";"Straat";0;"";"Palmes";"";"POINT(4.913326,52.428891)";"POINT(52.428891,4.913326)";4.913326;52.428891;
247;"L7";"Den Ilp 73";"Straat";0;"";"Palmes";"";"POINT(4.909013,52.450897)";"POINT(52.450897,4.909013)";4.909013;52.450897;
248;"L8";"Purmerland 50";"Straat";0;"";"Palmes";"";"POINT(4.925857,52.481192)";"POINT(52.481192,4.925857)";4.925857;52.481192;
249;"P1";"Looiersplein";"Straat";0;"";"Palmes";"";"POINT(4.951457,52.508222)";"POINT(52.508222,4.951457)";4.951457;52.508222;
250;"P2";"Gedempte Where";"Straat";0;"";"Palmes";"";"POINT(4.946932,52.511235)";"POINT(52.511235,4.946932)";4.946932;52.511235;
251;"P3";"Churchilllaan bij brug";"Straat";0;"";"Palmes";"";"POINT(4.964919,52.505034)";"POINT(52.505034,4.964919)";4.964919;52.505034;
252;"P4";"Professor Mr. PJ Oudlaan thv Salvador Allandelaan";"Straat";0;"";"Palmes";"";"POINT(4.963469,52.519765)";"POINT(52.519765,4.963469)";4.963469;52.519765;
253;"P5";"Slaperdijk thv Van Osweg";"Achtergrond";0;"";"Palmes";"";"POINT(4.987211,52.510983)";"POINT(52.510983,4.987211)";4.987211;52.510983;
254;"P6";"Verzetslaan thv Meerland";"Straat";0;"";"Palmes";"";"POINT(4.974327,52.49276)";"POINT(52.49276,4.974327)";4.974327;52.49276;
255;"P7";"Verzetslaan thv Laan der Continenten";"Straat";0;"";"Palmes";"";"POINT(4.952936,52.48673)";"POINT(52.48673,4.952936)";4.952936;52.48673;
256;"P8";"Gangeslaan thv Azielaan";"Straat";0;"";"Palmes";"";"POINT(4.944325,52.496098)";"POINT(52.496098,4.944325)";4.944325;52.496098;
257;"P9";"Gorslaan";"Straat";0;"";"Palmes";"";"POINT(4.957657,52.49838)";"POINT(52.49838,4.957657)";4.957657;52.49838;
258;"P10";"Laan der Continenten (nabij A7)";"Snelweg";0;"";"Palmes";"";"POINT(4.935391,52.503887)";"POINT(52.503887,4.935391)";4.935391;52.503887;
259;"HST1";"Cruquiusweg 176";"Straat";0;"";"Palmes";"";"POINT(4.633101,52.341624)";"POINT(52.341624,4.633101)";4.633101;52.341624;
260;"HST2";"Heemsteedsche Dreef 38";"Straat";0;"";"Palmes";"";"POINT(4.624297,52.348069)";"POINT(52.348069,4.624297)";4.624297;52.348069;
261;"HST3";"Binnenweg 31";"Straat";0;"";"Palmes";"";"POINT(4.621487,52.351194)";"POINT(52.351194,4.621487)";4.621487;52.351194;
262;"HST4";"Hoek Lanckhorstlaan en v/d Spiegellaan";"Straat";0;"";"Palmes";"";"POINT(4.619356,52.358443)";"POINT(52.358443,4.619356)";4.619356;52.358443;
263;"HST5";"Herenweg 184";"Straat";0;"";"Palmes";"";"POINT(4.61764,52.360263)";"POINT(52.360263,4.61764)";4.61764;52.360263;
264;"KAT306G";"Kattenburgerstraat 306";"Straat";0.1;"Ja";"Palmes";"";"POINT(4.921175,52.374013)";"POINT(52.374013,4.921175)";4.921175;52.374013;
265;"KAT306P";"Kattenburgerstraat 306";"Straat";13;"Nee";"Palmes";"";"POINT(4.920725,52.374023)";"POINT(52.374023,4.920725)";4.920725;52.374023;
266;"MAR";"Marinierskade ";"Straat";0;"Nee";"Palmes";"";"POINT(4.921665,52.374713)";"POINT(52.374713,4.921665)";4.921665;52.374713;
267;"T9";"IJburglaan 564";"Straat";0.1;"Ja";"Palmes";"";"POINT(4.989415,52.357973)";"POINT(52.357973,4.989415)";4.989415;52.357973;
268;"T10";"IJburglaan 866";"Straat";0.1;"Ja";"Palmes";"";"POINT(4.996079,52.354472)";"POINT(52.354472,4.996079)";4.996079;52.354472;
269;"OK1";"Jan Benninghweg/Madelief";"Straat";0;"Nee";"Palmes";"";"POINT(4.902056,52.291925)";"POINT(52.291925,4.902056)";4.902056;52.291925;
270;"OK25";"Klaproos";"Snelweg";0;"Nee";"Palmes";"";"POINT(4.903877,52.292175)";"POINT(52.292175,4.903877)";4.903877;52.292175;
271;"BL1";"Deltazijde Blaricummermeent";"Achtergrond";0;"";"Palmes";"";"POINT(5.283015,52.291668)";"POINT(52.291668,5.283015)";5.283015;52.291668;
272;"BL2";"De Noord (Bijvanck)";"Straat";0;"";"Palmes";"";"POINT(5.273384,52.285145)";"POINT(52.285145,5.273384)";5.273384;52.285145;
273;"BL3";"Elbertsveen/Stachouwerweg";"Achtergrond";0;"";"Palmes";"";"POINT(5.256897,52.270896)";"POINT(52.270896,5.256897)";5.256897;52.270896;
274;"BL4";"Burgemeester Le Coultredreef/Randweg Oost";"Straat";0;"";"Palmes";"";"POINT(5.266013,52.281635)";"POINT(52.281635,5.266013)";5.266013;52.281635;
275;"BL5";"Torenlaan/Huizerweg";"Straat";0;"";"Palmes";"";"POINT(5.243422,52.272743)";"POINT(52.272743,5.243422)";5.243422;52.272743;
276;"BL6";"Zuidersingel/Laarderweg";"Straat";0;"";"Palmes";"";"POINT(5.251415,52.250537)";"POINT(52.250537,5.251415)";5.251415;52.250537;
277;"BL7";"Laarderweg/Nieuweweg";"Straat";0;"";"Palmes";"";"POINT(5.24823,52.25463)";"POINT(52.25463,5.24823)";5.24823;52.25463;
278;"HA35";"Planetenplein 22";"Straat";0;"Nee";"Palmes";"";"POINT(4.639033,52.405505)";"POINT(52.405505,4.639033)";4.639033;52.405505;
279;"HA36";"Prinsen Bolwerk 16";"Straat";0.1;"Ja";"Palmes";"";"POINT(4.641394,52.388456)";"POINT(52.388456,4.641394)";4.641394;52.388456;
280;"A10 ZUID ";"A10-Zuid bij voormalig meetstation GGD";"Snelweg";0;"Nee";"Palmes";"";"POINT(4.898395,52.333703)";"POINT(52.333703,4.898395)";4.898395;52.333703;
281;"2";"GGD meetstation Haarlemmerweg ";"Straat";0;"";"Automatisch meetnet";"HLW/OM";"POINT(4.875805,52.385393)";"POINT(52.385393,4.875805)";4.875805;52.385393;
282;"3";"GGD meetstation Nieuwendammerdijk";"Achtergrond";0;"";"Automatisch meetnet";"NDD/OM";"POINT(4.943805,52.389293)";"POINT(52.389293,4.943805)";4.943805;52.389293;
283;"7";"GGD meetstation A10-West";"Snelweg";0;"";"Automatisch meetnet";"ESW";"POINT(4.845225,52.381333)";"POINT(52.381333,4.845225)";4.845225;52.381333;
284;"12";"GGD meetstation van Diemenstraat";"Straat";0;"";"Automatisch meetnet";"VDS";"POINT(4.887805,52.389993)";"POINT(52.389993,4.887805)";4.887805;52.389993;
285;"14";"GGD meetstation Vondelpark ";"Achtergrond";0;"";"Automatisch meetnet";"OVT/OM/E1";"POINT(4.866305,52.359693)";"POINT(52.359693,4.866305)";4.866305;52.359693;
286;"17";"GGD meetstation Stadhouderskade";"Straat";0;"";"Automatisch meetnet";"STDK/OM";"POINT(4.899705,52.357993)";"POINT(52.357993,4.899705)";4.899705;52.357993;
287;"19";"GGD meetstation Oudeschans";"Achtergrond";0;"";"Automatisch meetnet";"OS";"POINT(4.904605,52.372093)";"POINT(52.372093,4.904605)";4.904605;52.372093;
288;"20";"GGD meetstation Jan van Galenstraat";"Straat";0;"";"Automatisch meetnet";"JVG/MS";"POINT(4.860405,52.374793)";"POINT(52.374793,4.860405)";4.860405;52.374793;
289;"21";"GGD meetstation Kantershof";"Achtergrond";0;"";"Automatisch meetnet";"KANT";"POINT(4.988405,52.320693)";"POINT(52.320693,4.988405)";4.988405;52.320693;
290;"22";"GGD meetstation Ookmeerweg";"Achtergrond";0;"";"Automatisch meetnet";"OOK";"POINT(4.793448,52.366783)";"POINT(52.366783,4.793448)";4.793448;52.366783;
291;"701";"GGD meetstation Zaandam";"Achtergrond";0;"";"Automatisch meetnet";"701ZAA";"POINT(4.816735,52.447963)";"POINT(52.447963,4.816735)";4.816735;52.447963;
292;"703";"GGD meetstation Spaarnwoude";"Achtergrond";0;"";"Automatisch meetnet";"703SPW";"POINT(4.729005,52.397993)";"POINT(52.397993,4.729005)";4.729005;52.397993;
293;"553WAZ";"GGD meetstation Wijk aan Zee";"Industrie";0;"";"Automatisch meetnet";"";"POINT(4.602005,52.493993)";"POINT(52.493993,4.602005)";4.602005;52.493993;
294;"551IJM";"GGD meetstation IJmuiden";"Industrie";0;"";"Automatisch meetnet";"";"POINT(4.602005,52.462993)";"POINT(52.462993,4.602005)";4.602005;52.462993;
295;"704HTY";"GGD meetstation Hoogtij";"Industrie";0;"";"Automatisch meetnet";"";"POINT(4.773005,52.427993)";"POINT(52.427993,4.773005)";4.773005;52.427993;
296;"546HKD";"GGD meetstation Hemkade";"Industrie";0;"";"Automatisch meetnet";"";"POINT(4.832069,52.420233)";"POINT(52.420233,4.832069)";4.832069;52.420233;
297;"564HDD";"GGD meetstation Hoofddorp";"Luchtvaart";0;"";"Automatisch meetnet";"";"POINT(4.715005,52.326993)";"POINT(52.326993,4.715005)";4.715005;52.326993;
298;"561BHD";"GGD meetstation Badhoevedorp";"Luchtvaart";0;"";"Automatisch meetnet";"";"POINT(4.774005,52.333993)";"POINT(52.333993,4.774005)";4.774005;52.333993;
299;"565ODM";"GGD meetstation Oude Meer";"Luchtvaart";0;"";"Automatisch meetnet";"";"POINT(4.771005,52.279993)";"POINT(52.279993,4.771005)";4.771005;52.279993;
300;"LAR1";"Hilversumseweg";"Straat";0;"";"Palmes";"";"POINT(5.213411,52.250523)";"POINT(52.250523,5.213411)";5.213411;52.250523;
301;"LAR2";"Vredelaan kruispunt Veerweg";"Straat";0;"";"Palmes";"";"POINT(5.221328,52.243028)";"POINT(52.243028,5.221328)";5.221328;52.243028;
302;"LAR3";"Klaaskampen";"Straat";0;"";"Palmes";"";"POINT(5.22378,52.256588)";"POINT(52.256588,5.22378)";5.22378;52.256588;

