OBJECTNUMMER;Nummer;Naam;Beschrijving;Prioriteit;WKT_LNG_LAT;WKT_LAT_LNG;LNG;LAT;
1;"48";"Spaarndammerbuurt";"Het gebied ligt in een kom, ingeklemd door de hoger gelegen Spaarndammerdijk, -straat en het spoor. Ook is de afstand tot het oppervlaktewater groot.";"Zeer urgent";"POLYGON((4.879079 52.387638,4.876372 52.388693,4.872932 52.390189,4.867888 52.392455,4.868748 52.392815,4.870979 52.392998,4.873677 52.392797,4.876678 52.392706,4.877822 52.391974,4.878104 52.391717,4.878286 52.39164,4.878358 52.391602,4.88114 52.387,4.879079 52.387638))";"POLYGON((52.387638 4.879079,52.388693 4.876372,52.390189 4.872932,52.392455 4.867888,52.392815 4.868748,52.392998 4.870979,52.392797 4.873677,52.392706 4.876678,52.391974 4.877822,52.391717 4.878104,52.39164 4.878286,52.391602 4.878358,52.387 4.88114,52.387638 4.879079))";4.874519;52.389992;
2;"21";"Tuindorp Oostzaan (tussen Sportpark en Meteorenweg)";"Smal opgezette straten met weinig groen. Water verzamelt zich met name in de noordoosthoek van de wijk tegen de gevels. Wijk ligt lager dan de omliggende straten (Meteorenweg en de Oostzanerdijk).";"Urgent";"POLYGON((4.880889 52.415066,4.882901 52.416637,4.883708 52.416354,4.885754 52.414944,4.886293 52.414832,4.892679 52.415693,4.893765 52.415262,4.893234 52.414789,4.89395 52.414493,4.8938 52.414286,4.893924 52.413672,4.893611 52.413393,4.893859 52.413187,4.893616 52.412986,4.893968 52.412802,4.89403 52.412482,4.893187 52.411736,4.892437 52.412061,4.891762 52.411568,4.892478 52.411136,4.891273 52.410313,4.880889 52.415066))";"POLYGON((52.415066 4.880889,52.416637 4.882901,52.416354 4.883708,52.414944 4.885754,52.414832 4.886293,52.415693 4.892679,52.415262 4.893765,52.414789 4.893234,52.414493 4.89395,52.414286 4.8938,52.413672 4.893924,52.413393 4.893611,52.413187 4.893859,52.412986 4.893616,52.412802 4.893968,52.412482 4.89403,52.411736 4.893187,52.412061 4.892437,52.411568 4.891762,52.411136 4.892478,52.410313 4.891273,52.415066 4.880889))";4.8874645;52.413468;
3;"20";"Tuindorp Oostzaan (Fruitbuurt)";"Ondanks voortuinen verzamelt zich relatief veel water op straat en op verschillende locaties staat het water tegen de gevel.";"Urgent";"POLYGON((4.894813 52.409161,4.895257 52.410218,4.896967 52.411609,4.898287 52.412578,4.901524 52.412049,4.899811 52.408416,4.894813 52.409161))";"POLYGON((52.409161 4.894813,52.410218 4.895257,52.411609 4.896967,52.412578 4.898287,52.412049 4.901524,52.408416 4.899811,52.409161 4.894813))";4.8981735;52.41049;
4;"13";"IJplein / Vogelbuurt";"Er staat veel water op straat in de Sperwerlaan, Havikslaan en Meeuwenlaan.";"Zeer urgent";"POLYGON((4.915242 52.386171,4.917232 52.385109,4.918943 52.385815,4.919144 52.38552,4.918254 52.384818,4.917029 52.38399,4.914417 52.382886,4.910764 52.38299,4.911103 52.383642,4.912839 52.384771,4.915242 52.386171))";"POLYGON((52.386171 4.915242,52.385109 4.917232,52.385815 4.918943,52.38552 4.919144,52.384818 4.918254,52.38399 4.917029,52.382886 4.914417,52.38299 4.910764,52.383642 4.911103,52.384771 4.912839,52.386171 4.915242))";4.914959;52.3845215;
5;"14";"Van der Pekbuurt";"Er is veel water tegen de panden op de Van der Pekstraat, Meidoornweg en Heimansweg. Er is veel verharding en weinig waterberging in profiel wegen.";"Urgent";"POLYGON((4.91615 52.390026,4.914973 52.389237,4.91352 52.38866,4.913976 52.387808,4.909208 52.386425,4.907792 52.386556,4.908498 52.387666,4.910222 52.390038,4.910831 52.390931,4.912374 52.391602,4.913944 52.390969,4.91531 52.390439,4.91615 52.390026))";"POLYGON((52.390026 4.91615,52.389237 4.914973,52.38866 4.91352,52.387808 4.913976,52.386425 4.909208,52.386556 4.907792,52.387666 4.908498,52.390038 4.910222,52.390931 4.910831,52.391602 4.912374,52.390969 4.913944,52.390439 4.91531,52.390026 4.91615))";4.911976;52.3890065;
6;"15";"Brede Kerkerpad";"Dit knelpunt ligt aan de voet van de Nieuwerdammerdijk waar zich veel water verzamelt. Gebouwen zijn al wel aangepast, regenbestendig ingericht.";"Zeer urgent";"POLYGON((4.939291 52.391845,4.940086 52.391712,4.940746 52.392297,4.941728 52.391946,4.940745 52.391022,4.939059 52.391174,4.939291 52.391845))";"POLYGON((52.391845 4.939291,52.391712 4.940086,52.392297 4.940746,52.391946 4.941728,52.391022 4.940745,52.391174 4.939059,52.391845 4.939291))";4.9403985;52.3916525;
7;"35";"Osdorpplein";"Er staat veel water op straat, waardoor de ontsluiting van het winkelgebied en de wijk Tussenmeer wordt geblokkeerd.";"Zeer urgent";"POLYGON((4.803206 52.358649,4.802996 52.359072,4.80297 52.359369,4.802978 52.359686,4.80349 52.359699,4.803483 52.35931,4.803574 52.35899,4.803817 52.358699,4.804478 52.358037,4.804573 52.357957,4.804806 52.35794,4.806933 52.358336,4.807077 52.358058,4.804666 52.357582,4.804263 52.357645,4.803975 52.357751,4.803729 52.357935,4.803413 52.3583,4.803206 52.358649))";"POLYGON((52.358649 4.803206,52.359072 4.802996,52.359369 4.80297,52.359686 4.802978,52.359699 4.80349,52.35931 4.803483,52.35899 4.803574,52.358699 4.803817,52.358037 4.804478,52.357957 4.804573,52.35794 4.804806,52.358336 4.806933,52.358058 4.807077,52.357582 4.804666,52.357645 4.804263,52.357751 4.803975,52.357935 4.803729,52.3583 4.803413,52.358649 4.803206))";4.8050285;52.3586335;
8;"28";"Ruys de Beerenbrouckstraat";"Centrale deel van de straat ligt laag, water verzamelt zich daar vanaf de Haarlemmerweg en omgeving.";"Urgent";"POLYGON((4.801991 52.382573,4.802884 52.382601,4.802792 52.383671,4.803453 52.383662,4.803476 52.38333,4.80476 52.383336,4.804807 52.38267,4.806653 52.382668,4.806676 52.380944,4.805335 52.380925,4.804131 52.380884,4.802965 52.38089,4.802911 52.380533,4.802523 52.380531,4.802482 52.382195,4.797896 52.382125,4.797893 52.382445,4.801991 52.382573))";"POLYGON((52.382573 4.801991,52.382601 4.802884,52.383671 4.802792,52.383662 4.803453,52.38333 4.803476,52.383336 4.80476,52.38267 4.804807,52.382668 4.806653,52.380944 4.806676,52.380925 4.805335,52.380884 4.804131,52.38089 4.802965,52.380533 4.802911,52.380531 4.802523,52.382195 4.802482,52.382125 4.797896,52.382445 4.797893,52.382573 4.801991))";4.8022895;52.382094;
9;"36";"Antwerpenbaan";"Veel water op straat zorgt voor stremming van een hoofdontsluitingsroute.";"Zeer urgent";"POLYGON((4.816139 52.346424,4.820244 52.34646,4.820239 52.346212,4.816162 52.346214,4.816139 52.346424))";"POLYGON((52.346424 4.816139,52.34646 4.820244,52.346212 4.820239,52.346214 4.816162,52.346424 4.816139))";4.8181965;52.346329;
10;"46";"Food Center Amsterdam";"Bij hevige regenval verzamelt zich veel water op straat en tegen de gevels in het centrale deel van het Food Center. Het hemelwater wordt niet afgewaterd naar de omliggende grachten.";"Urgent";"POLYGON((4.864143 52.380193,4.866716 52.38052,4.868044 52.376626,4.865406 52.376341,4.864143 52.380193))";"POLYGON((52.380193 4.864143,52.38052 4.866716,52.376626 4.868044,52.376341 4.865406,52.380193 4.864143))";4.8660985;52.3784235;
11;"45";"Admiraal de Ruijterweg e.o.";"Adm. de Ruijterweg kent zelf geen grote (gemodelleerde) problemen. Water verzamelt vooral binnenin de aangrenzende woonblokken (privaat terrein). In de omgeving staat water tegen de gevel in de Kijkduinstraat, Bos en Lommerweg en de Jan van Galenstraat.";"Zeer urgent";"POLYGON((4.85163 52.382974,4.853507 52.381972,4.854683 52.382737,4.854667 52.384479,4.855828 52.384502,4.85604 52.381436,4.855655 52.381089,4.856634 52.380511,4.857084 52.380192,4.85795 52.379257,4.858749 52.379393,4.859539 52.377642,4.85997 52.376745,4.860481 52.37513,4.862134 52.375295,4.862278 52.374939,4.859952 52.3746,4.860631 52.372306,4.862618 52.371901,4.862603 52.371201,4.861482 52.371368,4.861321 52.371196,4.861766 52.368915,4.859251 52.368776,4.858754 52.371456,4.858365 52.372795,4.857809 52.374448,4.857041 52.374359,4.856967 52.374687,4.857711 52.374775,4.856896 52.377245,4.856644 52.377955,4.856227 52.378726,4.855736 52.379259,4.854755 52.379968,4.853758 52.380534,4.850628 52.382268,4.85163 52.382974))";"POLYGON((52.382974 4.85163,52.381972 4.853507,52.382737 4.854683,52.384479 4.854667,52.384502 4.855828,52.381436 4.85604,52.381089 4.855655,52.380511 4.856634,52.380192 4.857084,52.379257 4.85795,52.379393 4.858749,52.377642 4.859539,52.376745 4.85997,52.37513 4.860481,52.375295 4.862134,52.374939 4.862278,52.3746 4.859952,52.372306 4.860631,52.371901 4.862618,52.371201 4.862603,52.371368 4.861482,52.371196 4.861321,52.368915 4.861766,52.368776 4.859251,52.371456 4.858754,52.372795 4.858365,52.374448 4.857809,52.374359 4.857041,52.374687 4.856967,52.374775 4.857711,52.377245 4.856896,52.377955 4.856644,52.378726 4.856227,52.379259 4.855736,52.379968 4.854755,52.380534 4.853758,52.382268 4.850628,52.382974 4.85163))";4.856628;52.376632;
12;"53";"Willemspark gebied";"";"Urgent";"POLYGON((4.867729 52.355764,4.877582 52.358626,4.878786 52.356799,4.872865 52.354835,4.865197 52.352954,4.864863 52.353409,4.86858 52.354377,4.867729 52.355764))";"POLYGON((52.355764 4.867729,52.358626 4.877582,52.356799 4.878786,52.354835 4.872865,52.352954 4.865197,52.353409 4.864863,52.354377 4.86858,52.355764 4.867729))";4.8718295;52.355783;
13;"60";"Beethovenstraat t.h.v. Brahmsstraat e.o.";"Voornamelijk het tramverkeer op de Beethovenstraat wordt gestremd door water op straat.";"Urgent";"POLYGON((4.878057 52.349937,4.878322 52.349767,4.877534 52.349125,4.877003 52.346305,4.876411 52.346313,4.876411 52.347051,4.877052 52.349259,4.878057 52.349937))";"POLYGON((52.349937 4.878057,52.349767 4.878322,52.349125 4.877534,52.346305 4.877003,52.346313 4.876411,52.347051 4.876411,52.349259 4.877052,52.349937 4.878057))";4.8773715;52.348114;
14;"61";"Minervaplein, Stadionweg e.o.";"Er staat veel water op straat op de Stadionweg, een belangrijke ontsluitingsweg. Het verkeer wordt hier gestremd.";"Zeer urgent";"POLYGON((4.876338 52.346697,4.86877 52.346414,4.866056 52.346069,4.859502 52.345316,4.85943 52.345565,4.865178 52.346328,4.868183 52.346769,4.872472 52.346918,4.876334 52.347041,4.876338 52.346697))";"POLYGON((52.346697 4.876338,52.346414 4.86877,52.346069 4.866056,52.345316 4.859502,52.345565 4.85943,52.346328 4.865178,52.346769 4.868183,52.346918 4.872472,52.347041 4.876334,52.346697 4.876338))";4.867889;52.3461715;
15;"50";"Eerste en Tweede Schinkelstraat";"";"Zeer urgent";"POLYGON((4.85347 52.353783,4.855745 52.354296,4.856068 52.35357,4.853287 52.352996,4.85347 52.353783))";"POLYGON((52.353783 4.85347,52.354296 4.855745,52.35357 4.856068,52.352996 4.853287,52.353783 4.85347))";4.8546825;52.353639;
16;"49";"Theophile de Bock-, Jacob Marisstraat, Sloterkade (binnentuinen)";"";"Zeer urgent";"POLYGON((4.85241 52.354763,4.853136 52.354723,4.853037 52.354167,4.8524 52.354196,4.85241 52.354763))";"POLYGON((52.354763 4.85241,52.354723 4.853136,52.354167 4.853037,52.354196 4.8524,52.354763 4.85241))";4.852773;52.354458;
17;"51";"Stolwijkstraat e.o.";"De Stolwijk- en Woestduinstraat zijn brede straten met veel verharding. Er staat hier veel water op straat, maar niet tegen de gevel. Dit geldt ook voor de Aalsmeerweg. Verkeer op ontsluitingsweg Heemstedestraat wordt belemmerd door water.";"Urgent";"POLYGON((4.847571 52.351702,4.849651 52.351733,4.849618 52.350042,4.849034 52.349194,4.848262 52.349555,4.847527 52.34953,4.847571 52.351702))";"POLYGON((52.351702 4.847571,52.351733 4.849651,52.350042 4.849618,52.349194 4.849034,52.349555 4.848262,52.34953 4.847527,52.351702 4.847571))";4.848594;52.3504565;
18;"64";"Henri Zagwijnstraat e.o.";"Vooral op de Prinses Irenestraat wordt er veel water (op straat en soms tegen de gevel) gemodelleerd. Daar wordt nu een brede waterbergende groenstrook aangelegd.";"Zeer urgent";"POLYGON((4.869659 52.342679,4.869808 52.34169,4.876585 52.341885,4.876622 52.341735,4.8688 52.341477,4.868733 52.342642,4.869659 52.342679))";"POLYGON((52.342679 4.869659,52.34169 4.869808,52.341885 4.876585,52.341735 4.876622,52.341477 4.8688,52.342642 4.868733,52.342679 4.869659))";4.8726825;52.342071;
19;"63";"Parnassusweg t.h.v. Peter van Anrooystraat";"De Parnassusweg is een belangrijke ontsluitingsweg waar veel water op straat staat na hevige regenval. ";"Urgent";"POLYGON((4.868066 52.342971,4.868398 52.342941,4.868552 52.34169,4.868132 52.341688,4.868066 52.342971))";"POLYGON((52.342971 4.868066,52.342941 4.868398,52.34169 4.868552,52.341688 4.868132,52.342971 4.868066))";4.868314;52.3423225;
20;"58";"Van Ostadestraat e.o.";"Ontsluitingsweg Ceintuurbaan wordt gestremd door water op straat, evenals Ferdinand Bolstraat waar water tegen de gevel staat tussen Van Ostade- en Rustenburgerstraat. In de Rustenburgerstraat, richting Amsteldijk, staat het water van gevel tot gevel.";"Zeer urgent";"POLYGON((4.904598 52.353087,4.903017 52.352804,4.903459 52.351516,4.897801 52.350802,4.897487 52.35161,4.894529 52.351211,4.8944 52.35175,4.890898 52.351244,4.886895 52.350811,4.886901 52.351379,4.886937 52.35301,4.893926 52.353974,4.894331 52.353386,4.894709 52.353436,4.894983 52.353175,4.899536 52.354109,4.899705 52.353878,4.901457 52.35426,4.901781 52.353904,4.905653 52.35505,4.906911 52.353629,4.904598 52.353087))";"POLYGON((52.353087 4.904598,52.352804 4.903017,52.351516 4.903459,52.350802 4.897801,52.35161 4.897487,52.351211 4.894529,52.35175 4.8944,52.351244 4.890898,52.350811 4.886895,52.351379 4.886901,52.35301 4.886937,52.353974 4.893926,52.353386 4.894331,52.353436 4.894709,52.353175 4.894983,52.354109 4.899536,52.353878 4.899705,52.35426 4.901457,52.353904 4.901781,52.35505 4.905653,52.353629 4.906911,52.353087 4.904598))";4.896908;52.352919;
21;"80";"Ben Viljoenstraat, Danie Theronstraat";"De Ben Viljoenstraat staat blank, met water tegen de gevels aan de noordzijde. In de Danie Theronstraat is er ook kans op water tegen de gevels, maar er is veel groen aanwezig en de entrees liggen hoger dan de straat.";"Zeer urgent";"POLYGON((4.914853 52.353173,4.916695 52.352853,4.91664 52.352615,4.916086 52.352696,4.915672 52.351493,4.915204 52.351575,4.915639 52.352748,4.914744 52.352917,4.914853 52.353173))";"POLYGON((52.353173 4.914853,52.352853 4.916695,52.352615 4.91664,52.352696 4.916086,52.351493 4.915672,52.351575 4.915204,52.352748 4.915639,52.352917 4.914744,52.353173 4.914853))";4.9157245;52.352326;
22;"81";"Wibautstraat t.h.v. President Steynstraat (onderdoorgang spoor)";"Een dip in het maaiveld bij de onderdoorgang zorgt ervoor dat het water uit de omgeving zich hier verzamelt. Dit leidt tot stremming van verkeer op een belangrijke ontsluitingsweg. Er moet onderzocht worden of er een lokale pomp is (niet gemodelleerd).";"Urgent";"POLYGON((4.913604 52.352264,4.914087 52.351713,4.914917 52.351223,4.915455 52.350869,4.915709 52.350745,4.915256 52.350457,4.913429 52.351496,4.91316 52.352054,4.913604 52.352264))";"POLYGON((52.352264 4.913604,52.351713 4.914087,52.351223 4.914917,52.350869 4.915455,52.350745 4.915709,52.350457 4.915256,52.351496 4.913429,52.352054 4.91316,52.352264 4.913604))";4.9144395;52.3513535;
23;"74";"Domselaerstraat";"Het water staat tegen de gevels van huizen aan de noordzijde van de straat. De straat loopt schuin af richting die kant. Ook komt er veel water in de laag gelegen binnentuinen van deze huizen. Het deel van de Dapperstraat aan deze kant loopt ook onder.";"Zeer urgent";"POLYGON((4.925654 52.359928,4.9291 52.360763,4.929413 52.360317,4.925902 52.359434,4.925654 52.359928))";"POLYGON((52.359928 4.925654,52.360763 4.9291,52.360317 4.929413,52.359434 4.925902,52.359928 4.925654))";4.9275385;52.3600915;
24;"75";"Oetewalerstraat";"De gehele zuidkant van deze straat (incl. achtertuinen) bevindt zich in een laag gelegen gebied, waardoor het water vanuit de Woltera van Reesstraat, het Oetewalerpad en de Linnaeusstraat hiernaartoe stroomt. Souterrains lopen risico. ";"Zeer urgent";"POLYGON((4.926769 52.358284,4.926391 52.35883,4.928514 52.359328,4.928742 52.359105,4.927931 52.358622,4.926769 52.358284))";"POLYGON((52.358284 4.926769,52.35883 4.926391,52.359328 4.928514,52.359105 4.928742,52.358622 4.927931,52.358284 4.926769))";4.9275715;52.358799;
25;"72";"Java-, Bali-, 1e en 2e Atjehstraat (tussen Celebes- en Sumatratstraat)";"Smalle straten staan vol met water. Water staat tegen de gevel. Sommige panden hebben geen drempel. In de Javastraat liggen de winkelpanden lager dan de straat. Grootste risico is in de 2de Atjehstraat en de Javastraat.";"Extreem urgent";"POLYGON((4.931542 52.363954,4.935073 52.364253,4.935312 52.36385,4.938174 52.363879,4.938177 52.363646,4.93543 52.363618,4.935636 52.363001,4.935954 52.362178,4.934674 52.361856,4.93211 52.361404,4.931473 52.3627,4.931542 52.363954))";"POLYGON((52.363954 4.931542,52.364253 4.935073,52.36385 4.935312,52.363879 4.938174,52.363646 4.938177,52.363618 4.93543,52.363001 4.935636,52.362178 4.935954,52.361856 4.934674,52.361404 4.93211,52.3627 4.931473,52.363954 4.931542))";4.93483;52.3628215;
26;"69";"Zeeburgerdijk (onderdoorgang spoor)";"Water stroomt vanaf alle kanten naar laaggelegen onderdoorgang. Risico van water tegen de gevel bij aangrenzende panden (Zeeburgerdijk en kruising Borneo-/Celebesstraat). Huidige lokale pompcapaciteit is niet gemodelleerd. ";"Urgent";"POLYGON((4.929851 52.366238,4.933067 52.366251,4.933475 52.3656,4.93291 52.365455,4.931893 52.365255,4.931799 52.364997,4.931473 52.365,4.931532 52.365552,4.930784 52.365614,4.929697 52.365928,4.929851 52.366238))";"POLYGON((52.366238 4.929851,52.366251 4.933067,52.3656 4.933475,52.365455 4.93291,52.365255 4.931893,52.364997 4.931799,52.365 4.931473,52.365552 4.931532,52.365614 4.930784,52.365928 4.929697,52.366238 4.929851))";4.931591;52.365617;
27;"70";"Molukkenstraat,";"Op de Molukkenstraat (tussen Zeeburgerdijk en Insulindeweg) staat het water aan beide kanten tegen de gevel (behalve op het Javaplein).";"Zeer urgent";"POLYGON((4.939263 52.365386,4.939718 52.365377,4.939878 52.36196,4.939294 52.361873,4.939263 52.365386))";"POLYGON((52.365386 4.939263,52.365377 4.939718,52.36196 4.939878,52.361873 4.939294,52.365386 4.939263))";4.9395755;52.3636225;
28;"85";"Middenweg (tussen Kruislaan en Hugo de Vrieslaan)";"Doorgang wordt belemmerd door water op straat en laaggelegen panden aan de zuidwestzijde lopen onder.";"Zeer urgent";"POLYGON((4.934981 52.35078,4.935363 52.350996,4.940073 52.34805,4.939693 52.347834,4.93748 52.349206,4.936958 52.348889,4.935641 52.349693,4.936151 52.350016,4.935649 52.350334,4.934981 52.35078))";"POLYGON((52.35078 4.934981,52.350996 4.935363,52.34805 4.940073,52.347834 4.939693,52.349206 4.93748,52.348889 4.936958,52.349693 4.935641,52.350016 4.936151,52.350334 4.935649,52.35078 4.934981))";4.937532;52.349408;
29;"1";"Lindengracht en Willemstraat";"Aan de zuidkant van de Lindengracht tussen Noorderkerkstraat en de 2de Lindendwarsstraat staat water tegen de gevels. Willemstraat staat blank, ook na straatvernieuwing.";"Zeer urgent";"POLYGON((4.8862687 52.3814236,4.8861120 52.3815939,4.8814279 52.3808799,4.8813077 52.3806898,4.8853161 52.3812920,4.8856081 52.3805186,4.8807420 52.3798100,4.8806060 52.3794600,4.8879020 52.3805470,4.8874025 52.3807924,4.8858301 52.3805924,4.8855391 52.3813319))";"POLYGON((52.3814236 4.8862687,52.3815939 4.8861120,52.3808799 4.8814279,52.3806898 4.8813077,52.3812920 4.8853161,52.3805186 4.8856081,52.3798100 4.8807420,52.3794600 4.8806060,52.3805470 4.8879020,52.3807924 4.8874025,52.3805924 4.8858301,52.3813319 4.8855391))";4.884259;52.38051995;
30;"68";"Piet Heinkade / Kattenburgerstraat";"Kruispunt en tunnel staan blank.";"Extreem urgent";"POLYGON((4.918031 52.37704,4.925779 52.375891,4.925718 52.375564,4.917932 52.376661,4.918031 52.37704))";"POLYGON((52.37704 4.918031,52.375891 4.925779,52.375564 4.925718,52.376661 4.917932,52.37704 4.918031))";4.9218605;52.376295;
31;"87";"Diemerparklaan";"";"Urgent";"POLYGON((4.9972940 52.3568990,4.9959060 52.3558855,4.9961666 52.3557378,4.9976090 52.3567600,4.9972940 52.3568990))";"POLYGON((52.3568990 4.9972940,52.3558855 4.9959060,52.3557378 4.9961666,52.3567600 4.9976090,52.3568990 4.9972940))";4.9967625;52.3563114;
32;"91";"AMC";"Veel water op straat en tegen de gevel bij de parkeerplaatsen en entree. Grote onzekerheid omdat het lokale rioolstelsel (privaat) niet is meegenomen in de modellering. In gesprek met de gebouwbeheerder bepalen of dit wel een knelpunt is.";"Extreem urgent";"POLYGON((4.953731 52.294893,4.95663 52.295858,4.957249 52.295117,4.958745 52.295595,4.960635 52.293679,4.95913 52.293069,4.959809 52.292375,4.957684 52.291745,4.955993 52.291706,4.954764 52.291929,4.954305 52.292579,4.955398 52.292969,4.953731 52.294893))";"POLYGON((52.294893 4.953731,52.295858 4.95663,52.295117 4.957249,52.295595 4.958745,52.293679 4.960635,52.293069 4.95913,52.292375 4.959809,52.291745 4.957684,52.291706 4.955993,52.291929 4.954764,52.292579 4.954305,52.292969 4.955398,52.294893 4.953731))";4.957188;52.293775;
33;"90";"Paasheuvelweg";"Veel water op straat en tegen de gevels. Veel verharding en de locatie ligt laag ten opzichte van de omgeving.";"Urgent";"POLYGON((4.950588 52.297186,4.952877 52.297857,4.953476 52.297186,4.953795 52.296811,4.953945 52.296594,4.954109 52.296314,4.951894 52.295714,4.950588 52.297186))";"POLYGON((52.297186 4.950588,52.297857 4.952877,52.297186 4.953476,52.296811 4.953795,52.296594 4.953945,52.296314 4.954109,52.295714 4.951894,52.297186 4.950588))";4.9523535;52.2967785;
34;"88";"Hoogoorddreef (tussen Lemelerbergweg en Haaksbergweg)";"Er staat water tegen de gevel bij het industrieterrein ter hoogte van Hoogoorddreef 72-90. Hier staat ook veel water op straat, net zoals verderop ten oosten op de Hoogoorddreef. Het verkeer vanuit Bijlmer Centrum is hierdoor gestremd.";"Urgent";"POLYGON((4.944433 52.309965,4.944628 52.309644,4.935902 52.306722,4.935568 52.306999,4.944433 52.309965))";"POLYGON((52.309965 4.944433,52.309644 4.944628,52.306722 4.935902,52.306999 4.935568,52.309965 4.944433))";4.940103;52.3083365;
35;"89";"Hondsrugweg (tussen Hettenheuvelweg en Laarderhoogtweg)";"";"Urgent";"POLYGON((4.945787 52.306315,4.948347 52.30335,4.948001 52.303081,4.947824 52.303306,4.946359 52.305001,4.945299 52.306153,4.945787 52.306315))";"POLYGON((52.306315 4.945787,52.30335 4.948347,52.303081 4.948001,52.303306 4.947824,52.305001 4.946359,52.306153 4.945299,52.306315 4.945787))";4.946828;52.304691;
36;"67";"Buitenveldert";"Er staat veel water op straat door de hele wijk heen. De oostkant van de Van Boshuizenstraat staat blank. In sommige straten staat er water tegen de gevels, wat vooral garages in kan lopen.";"Urgent";"POLYGON((4.878408 52.328131,4.882249 52.328195,4.885975 52.328187,4.8876 52.328646,4.889928 52.328774,4.890628 52.328634,4.890697 52.325995,4.890911 52.324821,4.891112 52.323477,4.877649 52.323181,4.868646 52.32319,4.86832 52.327849,4.873015 52.327965,4.878408 52.328131))";"POLYGON((52.328131 4.878408,52.328195 4.882249,52.328187 4.885975,52.328646 4.8876,52.328774 4.889928,52.328634 4.890628,52.325995 4.890697,52.324821 4.890911,52.323477 4.891112,52.323181 4.877649,52.32319 4.868646,52.327849 4.86832,52.327965 4.873015,52.328131 4.878408))";4.879721;52.3259705;
37;"3";"2e Laurierdwarsstraat (tussen Laurierstraat en Lauriergracht)";"Er is hier veel water op straat en tegen de gevel. Het is een lager gelegen straat tussen de Lauriersstraat en Lauriersgracht (brug).";"Urgent";"POLYGON((4.87901 52.371768,4.879201 52.371817,4.879646 52.371187,4.879472 52.371161,4.87901 52.371768))";"POLYGON((52.371768 4.87901,52.371817 4.879201,52.371187 4.879646,52.371161 4.879472,52.371768 4.87901))";4.879333;52.371482;
38;"5";"Lijnbaansstraat";"Smalle straat staat vol met water. Water staat tegen de gevel. Sommige panden hebben geen drempel.";"Urgent";"POLYGON((4.878373 52.369386,4.879838 52.369852,4.879803 52.369902,4.880043 52.369984,4.880172 52.369868,4.878418 52.369309,4.878373 52.369386))";"POLYGON((52.369386 4.878373,52.369852 4.879838,52.369902 4.879803,52.369984 4.880043,52.369868 4.880172,52.369309 4.878418,52.369386 4.878373))";4.8792775;52.3696395;
39;"4";"Hazenstraat (binnenterrein van nr. 28)";"Privaat terrein, onzeker of dit een knelpunt is.";"Urgent";"POLYGON((4.87947 52.37055,4.879596 52.370578,4.879724 52.370409,4.879576 52.370356,4.87947 52.37055))";"POLYGON((52.37055 4.87947,52.370578 4.879596,52.370409 4.879724,52.370356 4.879576,52.37055 4.87947))";4.879602;52.37046;
40;"8";"Begijnhof";"Er staat veel water tegen de gevel volgens het model, maar het plaatselijke rioolstelsel is onbekend (en dus niet gemodelleerd).";"Extreem urgent";"POLYGON((4.889615 52.368968,4.88957 52.369059,4.8897 52.369605,4.889881 52.369879,4.890355 52.36998,4.890718 52.369952,4.890422 52.369156,4.889615 52.368968))";"POLYGON((52.368968 4.889615,52.369059 4.88957,52.369605 4.8897,52.369879 4.889881,52.36998 4.890355,52.369952 4.890718,52.369156 4.890422,52.368968 4.889615))";4.890149;52.369467;
41;"10";"Fokke Simonszstraat";"Water staat van gevel tot gevel, met name in de buurt van de Reguliersgracht.";"Zeer urgent";"POLYGON((4.8913440 52.3604460,4.8935152 52.3602236,4.8948675 52.3601008,4.8960052 52.3600173,4.8959674 52.3602372,4.8937389 52.3604111,4.8913102 52.3606275,4.8912582 52.3604591))";"POLYGON((52.3604460 4.8913440,52.3602236 4.8935152,52.3601008 4.8948675,52.3600173 4.8960052,52.3602372 4.8959674,52.3604111 4.8937389,52.3606275 4.8913102,52.3604591 4.8912582))";4.8936367;52.3603154;
42;"78";"Beukenweg, Maritzstraat";"Het regenwater stroomt vanuit de omringende straten en verzamelt zich onder en ten zuiden van het spoorviaduct, omdat de weg hier net iets lager ligt dan de omgeving. Het verkeer op een doorgaande weg wordt daardoor gestremd.";"Zeer urgent";"MULTIPOLYGON(((4.918137 52.356654,4.918171 52.356663,4.918631 52.356792,4.920409 52.354465,4.91997 52.354346,4.918137 52.356654)),((4.918024 52.356796,4.918535 52.356915,4.918631 52.356792,4.918171 52.356663,4.918137 52.356654,4.918024 52.356796)))";"MULTIPOLYGON(((52.356654 4.918137,52.356663 4.918171,52.356792 4.918631,52.354465 4.920409,52.354346 4.91997,52.356654 4.918137)),((52.356796 4.918024,52.356915 4.918535,52.356792 4.918631,52.356663 4.918171,52.356654 4.918137,52.356796 4.918024)))";4.9192215;52.3556235;
43;"77";"Oosterparkbuurt";"Er staat veel water op straat, voornamelijk in de 3e Oosterparkstraat (ook water tegen enkele gevels). In enkele achtertuinen in de wijk komt er water tegen de gevels. Op het Beukenplein kunnen winkels en cafe&#096;s aan de oostzijde overlast ervaren.";"Urgent";"POLYGON((4.911519 52.356596,4.917611 52.35823,4.918086 52.357517,4.9216 52.358483,4.921674 52.358446,4.92188 52.357933,4.923133 52.358282,4.923327 52.358104,4.918631 52.356792,4.918535 52.356915,4.918024 52.356796,4.918137 52.356654,4.913586 52.355363,4.91209 52.355801,4.911519 52.356596))";"POLYGON((52.356596 4.911519,52.35823 4.917611,52.357517 4.918086,52.358483 4.9216,52.358446 4.921674,52.357933 4.92188,52.358282 4.923133,52.358104 4.923327,52.356792 4.918631,52.356915 4.918535,52.356796 4.918024,52.356654 4.918137,52.355363 4.913586,52.355801 4.91209,52.356596 4.911519))";4.917428;52.356916;
44;"65";"Zuidplein, Strawinskylaan e.o.";"Het laaggelegen fietspad langs de Strawinskylaan staat blank. Ook wordt er water tegen de gevel van de Amsterdam International Community School gemodelleerd. Op het Zuidplein kunnen er plassen ontstaan tussen de verhoogde groenstroken.";"Zeer urgent";"POLYGON((4.868953 52.341041,4.8735 52.341159,4.873501 52.3411,4.87372 52.339763,4.87282 52.339733,4.872674 52.340922,4.868977 52.340833,4.868953 52.341041))";"POLYGON((52.341041 4.868953,52.341159 4.8735,52.3411 4.873501,52.339763 4.87372,52.339733 4.87282,52.340922 4.872674,52.340833 4.868977,52.341041 4.868953))";4.8713415;52.340439;
45;"42";"Slatuinenweg";"Polderrioleringsgebied dat onderloopt. Dit gebied is zeer afhankelijk van het functioneren van het rioolgemaal.";"Extreem urgent";"POLYGON((4.862975 52.371045,4.864107 52.370614,4.86406 52.370525,4.864237 52.369557,4.863508 52.368735,4.862736 52.36914,4.862953 52.369634,4.862734 52.370186,4.862749 52.370861,4.862975 52.371045))";"POLYGON((52.371045 4.862975,52.370614 4.864107,52.370525 4.86406,52.369557 4.864237,52.368735 4.863508,52.36914 4.862736,52.369634 4.862953,52.370186 4.862734,52.370861 4.862749,52.371045 4.862975))";4.8634905;52.369883;
46;"66";"VU ziekenhuis";"";"Extreem urgent";"POLYGON((4.858446 52.33679,4.861694 52.336754,4.861696 52.33562,4.861669 52.335027,4.862042 52.335029,4.862004 52.333295,4.857987 52.333277,4.857988 52.335435,4.858103 52.33621,4.858446 52.33679))";"POLYGON((52.33679 4.858446,52.336754 4.861694,52.33562 4.861696,52.335027 4.861669,52.335029 4.862042,52.333295 4.862004,52.333277 4.857987,52.335435 4.857988,52.33621 4.858103,52.33679 4.858446))";4.8600195;52.3350265;
47;"33";"OLVG West (voorm. St Lucas Andreas) / Jan Tooropstraat";"Diep gelegen parkeerplaatsen rondom en onder het gebouw staan onder water. Grote onzekerheid omdat het lokale rioolstelsel (privaat) niet is meegenomen in modellering. In gesprek met de gebouwbeheerder bepalen of dit daadwerkelijk een knelpunt is.";"Extreem urgent";"POLYGON((4.838218 52.372355,4.841117 52.371916,4.841256 52.370774,4.841155 52.370394,4.840202 52.370556,4.839842 52.369853,4.83737 52.370246,4.838218 52.372355))";"POLYGON((52.372355 4.838218,52.371916 4.841117,52.370774 4.841256,52.370394 4.841155,52.370556 4.840202,52.369853 4.839842,52.370246 4.83737,52.372355 4.838218))";4.839318;52.371097;
48;"76";"Ruyschstraat - `s Gravezandeplein - tussen Wibautstraat en Oosterpark";"Er staat veel water op straat, wat kan leiden tot verkeershinder. Dit kan problemen veroorzaken voor OLVG locatie Oost, bijvoorbeeld voor de ambulancedienst.";"Urgent";"POLYGON((4.910357 52.357683,4.913281 52.35837,4.915135 52.358876,4.915292 52.359071,4.915604 52.359228,4.916399 52.359465,4.916466 52.359335,4.915603 52.359035,4.91547 52.35879,4.913413 52.358211,4.913248 52.358142,4.910521 52.35744,4.910357 52.357683))";"POLYGON((52.357683 4.910357,52.35837 4.913281,52.358876 4.915135,52.359071 4.915292,52.359228 4.915604,52.359465 4.916399,52.359335 4.916466,52.359035 4.915603,52.35879 4.91547,52.358211 4.913413,52.358142 4.913248,52.35744 4.910521,52.357683 4.910357))";4.9134165;52.3584455;
49;"22";"Coentunnel Circuit";"Onderdoorgang A10 fietsroute komt blank te staan (fietsverbinding Noord en Zaandam).";"Urgent";"POLYGON((4.873474 52.422639,4.874065 52.422034,4.87442 52.421579,4.875197 52.421787,4.875158 52.421326,4.874611 52.421174,4.873875 52.421249,4.873193 52.421802,4.87274 52.422454,4.872543 52.423221,4.873021 52.423457,4.873474 52.422639))";"POLYGON((52.422639 4.873474,52.422034 4.874065,52.421579 4.87442,52.421787 4.875197,52.421326 4.875158,52.421174 4.874611,52.421249 4.873875,52.421802 4.873193,52.422454 4.87274,52.423221 4.872543,52.423457 4.873021,52.422639 4.873474))";4.873875;52.4223085;
50;"16";"IJdoornlaan e.o. (tussen Zuiderzeeweg en  Waterlandplein)";"Laaggelegen hoofdontsluitingsweg van Noord, waar zich veel water op de rijbaan verzamelt. Verkeersstremming op hoofdroute. Loopt door tot de brandweerkazerne. Water staat niet tegen de gevel.";"Extreem urgent";"POLYGON((4.955384 52.391818,4.957126 52.392467,4.958726 52.392839,4.959027 52.392373,4.957888 52.392055,4.959886 52.389295,4.959187 52.389085,4.957226 52.391832,4.955713 52.391455,4.955384 52.391818))";"POLYGON((52.391818 4.955384,52.392467 4.957126,52.392839 4.958726,52.392373 4.959027,52.392055 4.957888,52.389295 4.959886,52.389085 4.959187,52.391832 4.957226,52.391455 4.955713,52.391818 4.955384))";4.95764;52.390955;
51;"18";"Kamperfoelieweg";"Brede straat, vlakprofiel veel verharding, vooral veel water op straat. Geen groot knelpunt.";"Urgent";"POLYGON((4.911116 52.399161,4.911483 52.399293,4.911874 52.399128,4.912538 52.39881,4.913893 52.397472,4.91457 52.396048,4.914655 52.395299,4.914685 52.394337,4.913905 52.392752,4.91328 52.392975,4.913908 52.394334,4.913933 52.395498,4.913433 52.39697,4.912508 52.398037,4.911116 52.399161))";"POLYGON((52.399161 4.911116,52.399293 4.911483,52.399128 4.911874,52.39881 4.912538,52.397472 4.913893,52.396048 4.91457,52.395299 4.914655,52.394337 4.914685,52.392752 4.913905,52.392975 4.91328,52.394334 4.913908,52.395498 4.913933,52.39697 4.913433,52.398037 4.912508,52.399161 4.911116))";4.9129055;52.3960155;
52;"17";"Buikslotermeerplein";"Laaggelegen gebied, regenwater verzamelt zich vanuit de hoger gelegen omgeving (Waddenweg). Winkels en ondergrondse P-garage hebben risico op waterschade.";"Urgent";"POLYGON((4.935104 52.398839,4.93605 52.399437,4.940138 52.397901,4.93764 52.395309,4.936891 52.394612,4.935693 52.395077,4.936839 52.396443,4.934243 52.397563,4.935104 52.398839))";"POLYGON((52.398839 4.935104,52.399437 4.93605,52.397901 4.940138,52.395309 4.93764,52.394612 4.936891,52.395077 4.935693,52.396443 4.936839,52.397563 4.934243,52.398839 4.935104))";4.9371955;52.3970175;
53;"26";"Afrikahaven";"Ruigoordweg loopt af vanaf kruispunt met Oceanenweg. Er is hier een dip in het maaiveld.";"Urgent";"POLYGON((4.756179 52.41257,4.763859 52.413942,4.764142 52.413183,4.76003 52.412424,4.761233 52.409862,4.76244 52.40975,4.763383 52.409017,4.764496 52.407287,4.765301 52.405389,4.759869 52.4046,4.758531 52.408468,4.757056 52.408223,4.756032 52.411904,4.756179 52.41257))";"POLYGON((52.41257 4.756179,52.413942 4.763859,52.413183 4.764142,52.412424 4.76003,52.409862 4.761233,52.40975 4.76244,52.409017 4.763383,52.407287 4.764496,52.405389 4.765301,52.4046 4.759869,52.408468 4.758531,52.408223 4.757056,52.411904 4.756032,52.41257 4.756179))";4.7606715;52.409264;
54;"23";"Gebied rond A5 Westrandweg Noord";"Laaggelegen Basisweg. Water blokkeert ontsluitingsroute Westelijk Havengebied. Kruispunt Basisweg / Radarweg staat blank. Ook water tegen de gevel bij industrie tussen de Rhoneweg en Basisweg.";"Extreem urgent";"POLYGON((4.817509 52.392054,4.819397 52.392106,4.819389 52.392609,4.820516 52.392602,4.820482 52.392174,4.822521 52.392163,4.822529 52.391564,4.830504 52.391587,4.835005 52.391622,4.834977 52.392409,4.835031 52.393264,4.836944 52.393258,4.836916 52.392763,4.837751 52.39205,4.837876 52.391407,4.839245 52.39143,4.839398 52.386924,4.837999 52.386918,4.83769 52.388426,4.837729 52.389937,4.837679 52.39084,4.836183 52.39081,4.834212 52.389908,4.828427 52.389894,4.822152 52.389978,4.820425 52.390042,4.820367 52.39104,4.818244 52.391087,4.813393 52.391878,4.810731 52.393105,4.808266 52.394588,4.807201 52.394239,4.806087 52.395151,4.808315 52.396019,4.809168 52.395067,4.81076 52.394054,4.813137 52.392846,4.815605 52.392127,4.817509 52.392054))";"POLYGON((52.392054 4.817509,52.392106 4.819397,52.392609 4.819389,52.392602 4.820516,52.392174 4.820482,52.392163 4.822521,52.391564 4.822529,52.391587 4.830504,52.391622 4.835005,52.392409 4.834977,52.393264 4.835031,52.393258 4.836944,52.392763 4.836916,52.39205 4.837751,52.391407 4.837876,52.39143 4.839245,52.386924 4.839398,52.386918 4.837999,52.388426 4.83769,52.389937 4.837729,52.39084 4.837679,52.39081 4.836183,52.389908 4.834212,52.389894 4.828427,52.389978 4.822152,52.390042 4.820425,52.39104 4.820367,52.391087 4.818244,52.391878 4.813393,52.393105 4.810731,52.394588 4.808266,52.394239 4.807201,52.395151 4.806087,52.396019 4.808315,52.395067 4.809168,52.394054 4.81076,52.392846 4.813137,52.392127 4.815605,52.392054 4.817509))";4.8227475;52.3914615;
55;"27";"Sloterdijk III";"Nader te bepalen.";"Urgent";"POLYGON((4.776217 52.391324,4.778782 52.391362,4.780841 52.391371,4.783522 52.39148,4.78351 52.392396,4.784634 52.392604,4.789985 52.39256,4.794184 52.392498,4.794345 52.390549,4.794304 52.389221,4.776309 52.389237,4.776217 52.391324))";"POLYGON((52.391324 4.776217,52.391362 4.778782,52.391371 4.780841,52.39148 4.783522,52.392396 4.78351,52.392604 4.784634,52.39256 4.789985,52.392498 4.794184,52.390549 4.794345,52.389221 4.794304,52.389237 4.776309,52.391324 4.776217))";4.785286;52.3909055;
56;"24";"Westhaven Noord (Westhavenweg)";"Er verzamelt zich veel water bij de Nieuwe Hemweg ter hoogte van de Kombuisweg.";"Urgent";"POLYGON((4.819323 52.419039,4.827582 52.417913,4.826825 52.416329,4.826561 52.414176,4.827595 52.412326,4.829384 52.410657,4.826916 52.4091,4.826868 52.408209,4.825936 52.408121,4.824662 52.41054,4.820928 52.418274,4.819232 52.418587,4.819323 52.419039))";"POLYGON((52.419039 4.819323,52.417913 4.827582,52.416329 4.826825,52.414176 4.826561,52.412326 4.827595,52.410657 4.829384,52.4091 4.826916,52.408209 4.826868,52.408121 4.825936,52.41054 4.824662,52.418274 4.820928,52.418587 4.819232,52.419039 4.819323))";4.824313;52.413573;
57;"25";"Westhaven Noord (Maltaweg)";"Veel water op parkeerterrein Koopman Car Terminal. Slechte ontwatering richting aangrenzende Westhaven.";"Urgent";"POLYGON((4.805477 52.411696,4.807187 52.411752,4.807588 52.410874,4.813622 52.412057,4.818161 52.403634,4.811232 52.402606,4.809647 52.404952,4.803892 52.405019,4.80427 52.408753,4.805477 52.411696))";"POLYGON((52.411696 4.805477,52.411752 4.807187,52.410874 4.807588,52.412057 4.813622,52.403634 4.818161,52.402606 4.811232,52.404952 4.809647,52.405019 4.803892,52.408753 4.80427,52.411696 4.805477))";4.8110315;52.4073245;
58;"31";"Sieg Vaz Diasstraat / Arondeusstraat / Victor Rutgersstraat";"Risico op onderlopen van drive-inwoningen. Het  straatprofiel van de Arondeusstraat, Victor Rutgersstraat en de Burg. Eliasstraat kent weinig tijdelijke waterberging, terwijl in de rest van de omgeving veel openbare ruimte (park, groen) aanwezig is.";"Urgent";"POLYGON((4.824626 52.382245,4.827293 52.382267,4.827262 52.381637,4.826885 52.38066,4.824083 52.381051,4.824626 52.382245))";"POLYGON((52.382245 4.824626,52.382267 4.827293,52.381637 4.827262,52.38066 4.826885,52.381051 4.824083,52.382245 4.824626))";4.825693;52.3814565;
59;"32";"Burgemeester Fockstraat";"Tussen de Burg. de Vlugtlaan en de Nico Snijdersstraat staat water tegen de gevel, ondanks een enorm breed profiel. Het gebied is echter zeer stenig, ligt vlak en iets lager dan de Burg. de Vlugtlaan. ";"Zeer urgent";"POLYGON((4.832295 52.381589,4.83276 52.381615,4.833291 52.382759,4.833719 52.382677,4.833306 52.381498,4.834398 52.381266,4.833775 52.379717,4.836334 52.379303,4.836167 52.378841,4.831445 52.379552,4.832295 52.381589))";"POLYGON((52.381589 4.832295,52.381615 4.83276,52.382759 4.833291,52.382677 4.833719,52.381498 4.833306,52.381266 4.834398,52.379717 4.833775,52.379303 4.836334,52.378841 4.836167,52.379552 4.831445,52.381589 4.832295))";4.8338945;52.380793;
60;"30";"Jan de Louterstraat / Adolphine Eduard Kokplantsoen";"Jan de Louterstraat ligt iets lager dan omgeving. Hier verzamelt zich veel water, wat ook bij het A. E. Kokplantsoen tegen de gevel staat.";"Urgent";"POLYGON((4.816125 52.380965,4.816088 52.382007,4.81758 52.382007,4.817652 52.381002,4.8177 52.381031,4.817731 52.380239,4.817723 52.379939,4.817128 52.379921,4.817261 52.37963,4.817018 52.3795,4.816676 52.379819,4.816708 52.38002,4.817313 52.380058,4.817311 52.380237,4.816906 52.380327,4.816815 52.380776,4.816337 52.380774,4.815882 52.380786,4.815588 52.380078,4.815378 52.380099,4.815648 52.380778,4.815417 52.380748,4.815379 52.380927,4.816125 52.380965))";"POLYGON((52.380965 4.816125,52.382007 4.816088,52.382007 4.81758,52.381002 4.817652,52.381031 4.8177,52.380239 4.817731,52.379939 4.817723,52.379921 4.817128,52.37963 4.817261,52.3795 4.817018,52.379819 4.816676,52.38002 4.816708,52.380058 4.817313,52.380237 4.817311,52.380327 4.816906,52.380776 4.816815,52.380774 4.816337,52.380786 4.815882,52.380078 4.815588,52.380099 4.815378,52.380778 4.815648,52.380748 4.815417,52.380927 4.815379,52.380965 4.816125))";4.8165595;52.3807465;
61;"29";"Buurt 5, 6, 7, 8 / Burg. Röellstraat en De Savornin Lohmanstraat";"Op een aantal plaatsen water tegen de gevel, verder op veel plaatsen erg veel water op straat.";"Urgent";"POLYGON((4.793206 52.374052,4.794721 52.379874,4.809036 52.38017,4.809069 52.379207,4.813186 52.379239,4.823874 52.377554,4.823083 52.375577,4.822997 52.375309,4.820402 52.375672,4.820252 52.375242,4.819916 52.374135,4.82083 52.373962,4.820587 52.373258,4.818634 52.372512,4.817488 52.372614,4.817047 52.372064,4.816579 52.372252,4.812475 52.372721,4.812207 52.372291,4.793206 52.374052))";"POLYGON((52.374052 4.793206,52.379874 4.794721,52.38017 4.809036,52.379207 4.809069,52.379239 4.813186,52.377554 4.823874,52.375577 4.823083,52.375309 4.822997,52.375672 4.820402,52.375242 4.820252,52.374135 4.819916,52.373962 4.82083,52.373258 4.820587,52.372512 4.818634,52.372614 4.817488,52.372064 4.817047,52.372252 4.816579,52.372721 4.812475,52.372291 4.812207,52.374052 4.793206))";4.808545;52.37611;
62;"34";"Johan Huizingalaan - Pieter Calandlaan";"Weg onbegaanbaar door veel water op straat en bij een aantal winkels staat water tegen de gevel. Niet een heel groot knelpunt.";"Zeer urgent";"POLYGON((4.826584 52.358372,4.827887 52.358401,4.828097 52.356414,4.832928 52.35647,4.832917 52.356131,4.827877 52.356079,4.827877 52.354506,4.826905 52.354466,4.82686 52.356046,4.82456 52.356035,4.824556 52.35632,4.826762 52.356331,4.826584 52.358372))";"POLYGON((52.358372 4.826584,52.358401 4.827887,52.356414 4.828097,52.35647 4.832928,52.356131 4.832917,52.356079 4.827877,52.354506 4.827877,52.354466 4.826905,52.356046 4.82686,52.356035 4.82456,52.35632 4.824556,52.356331 4.826762,52.358372 4.826584))";4.828747;52.3564265;
63;"37";"MC Slotervaart";"Bereikbaarheid via de Johan Huizingalaan is gestremd door water. Sommige gebouwen hebben water tegen de gevel. ";"Zeer urgent";"POLYGON((4.827218 52.351014,4.827683 52.35103,4.827765 52.34735,4.827229 52.347333,4.827218 52.351014))";"POLYGON((52.351014 4.827218,52.35103 4.827683,52.34735 4.827765,52.347333 4.827229,52.351014 4.827218))";4.8274965;52.3491745;
64;"38";"Westlandgrachtbuurt";"Veel water op straat en tegen de gevel tussen de A10-West en de Westlandgracht. Geen maaiveldafstroming naar de gracht. Hemelwaterriool voert af naar de waterpartij langs de Plesmanstraat. Deze ligt lager dan de Westlandgracht, maar de afstand is te ver.";"Urgent";"POLYGON((4.84168 52.348676,4.844299 52.348675,4.844336 52.346848,4.841681 52.34685,4.84168 52.348676))";"POLYGON((52.348676 4.84168,52.348675 4.844299,52.346848 4.844336,52.34685 4.841681,52.348676 4.84168))";4.843013;52.347755;
65;"47";"Frederik Hendrikstraat (tussen H.de Groot- en Van Oldenbarneveldtplein)";"Kruispunt staat blank, over een flinke lengte staat aan beide zijdes van de straat water tegen de winkels en woningen. Centrale trambaan ligt hoger dan de panden (bol profiel richting bebouwing).";"Zeer urgent";"POLYGON((4.874597 52.377927,4.875068 52.377809,4.873206 52.3749,4.873378 52.37472,4.874048 52.374543,4.873841 52.374297,4.87314 52.374436,4.872167 52.374682,4.872242 52.374896,4.872726 52.375005,4.874597 52.377927))";"POLYGON((52.377927 4.874597,52.377809 4.875068,52.3749 4.873206,52.37472 4.873378,52.374543 4.874048,52.374297 4.873841,52.374436 4.87314,52.374682 4.872167,52.374896 4.872242,52.375005 4.872726,52.377927 4.874597))";4.8736225;52.376105;
66;"44";"Bosleeuw Midden";"Leeuwendalersweg staat volledig blank, bij de winkels op de kopse kant van de bouwblokken staat water tegen de gevel (winkelcentrum aan de noordkant). Er zijn veel bergingen op de begane grond (of in souterrains), deze lopen onder. ";"Urgent";"POLYGON((4.845226 52.381908,4.846571 52.38194,4.846493 52.383664,4.84692 52.38363,4.84698 52.381905,4.849154 52.38194,4.849208 52.380389,4.849408 52.380253,4.851737 52.380561,4.85237 52.379576,4.853738 52.380475,4.854366 52.380085,4.852592 52.378983,4.847066 52.377912,4.846331 52.379347,4.845093 52.379195,4.845306 52.380496,4.845226 52.381908))";"POLYGON((52.381908 4.845226,52.38194 4.846571,52.383664 4.846493,52.38363 4.84692,52.381905 4.84698,52.38194 4.849154,52.380389 4.849208,52.380253 4.849408,52.380561 4.851737,52.379576 4.85237,52.380475 4.853738,52.380085 4.854366,52.378983 4.852592,52.377912 4.847066,52.379347 4.846331,52.379195 4.845093,52.380496 4.845306,52.381908 4.845226))";4.8497345;52.380781;
67;"43";"Hoofdweg (tussen Mercatorplein en Postjesweg)";"Er komt hier vooral veel water op straat, maar entrees van de woningen liggen zodanig laag dat daar ook water tegen de voordeur staat.";"Urgent";"POLYGON((4.850818 52.368765,4.852632 52.369019,4.85414 52.365751,4.854262 52.364222,4.852305 52.364213,4.852181 52.365871,4.850818 52.368765))";"POLYGON((52.368765 4.850818,52.369019 4.852632,52.365751 4.85414,52.364222 4.854262,52.364213 4.852305,52.365871 4.852181,52.368765 4.850818))";4.852545;52.366609;
68;"41";"Bellamybuurt";"Polderrioleringsgebied waarin grote hoeveelheid regenwater vanuit de omgeving naar de Bellamystraat toestroomt. Er vinden nu werkzaamheden in de openbare ruimte plaats die dit oppakken.";"Extreem urgent";"POLYGON((4.860903 52.364348,4.860184 52.364569,4.865173 52.369888,4.866274 52.369947,4.868044 52.370341,4.870571 52.366813,4.860903 52.364348))";"POLYGON((52.364348 4.860903,52.364569 4.860184,52.369888 4.865173,52.369947 4.866274,52.370341 4.868044,52.366813 4.870571,52.364348 4.860903))";4.8653825;52.3673375;
69;"39";"Westindische buurt";"Verkeer op de Hoofdweg is gestremd door water op straat en bij een paar panden staat water tegen de gevel. Ook in de Curaçaostraat, Bonairestraat en de Nickeriestraat staat bij enkele panden water tegen de gevel.";"Urgent";"POLYGON((4.855885 52.363577,4.856546 52.363832,4.856895 52.363934,4.857596 52.363997,4.858565 52.363546,4.858289 52.36318,4.857141 52.361889,4.856762 52.36083,4.854471 52.358059,4.853738 52.358335,4.85265 52.358779,4.849269 52.358736,4.849253 52.36007,4.850018 52.360463,4.849911 52.363107,4.855885 52.363577))";"POLYGON((52.363577 4.855885,52.363832 4.856546,52.363934 4.856895,52.363997 4.857596,52.363546 4.858565,52.36318 4.858289,52.361889 4.857141,52.36083 4.856762,52.358059 4.854471,52.358335 4.853738,52.358779 4.85265,52.358736 4.849269,52.36007 4.849253,52.360463 4.850018,52.363107 4.849911,52.363577 4.855885))";4.853914;52.361021;
70;"40";"Overtoom en 1e Helmersstraat (tussen G. Brandtstraat en 2e C. Huygensstraat)";"In de Eerste Helmersstraat staat er water tegen de gevel (souterrains). Hoofdontsluitingsroute Overtoom is onbegaanbaar (ook voor hulpdiensten) tussen de Jan Pieter Heije- en 1ste Constantijn Huygensstraat.";"Zeer urgent";"POLYGON((4.8672 52.361588,4.873139 52.363043,4.873521 52.362486,4.877704 52.363594,4.877924 52.363333,4.873733 52.362195,4.867818 52.360689,4.8672 52.361588))";"POLYGON((52.361588 4.8672,52.363043 4.873139,52.362486 4.873521,52.363594 4.877704,52.363333 4.877924,52.362195 4.873733,52.360689 4.867818,52.361588 4.8672))";4.872567;52.3621345;
71;"54";"Johannes Verhulststraat";"";"Zeer urgent";"POLYGON((4.872906 52.354716,4.87894 52.356787,4.879238 52.356313,4.877932 52.355653,4.865773 52.352284,4.865095 52.352827,4.869188 52.353845,4.872906 52.354716))";"POLYGON((52.354716 4.872906,52.356787 4.87894,52.356313 4.879238,52.355653 4.877932,52.352284 4.865773,52.352827 4.865095,52.353845 4.869188,52.354716 4.872906))";4.8721715;52.3545285;
72;"56";"Roelof Hartplein e.o.";"Bij hevige regenval staat het Roelof Hartplein blank. Er staat water tegen de gevels en het verkeer op dit drukke kruispunt wordt gestremd. In de omgeving staat er ook veel water op straat, maar niet veel tegen de gevel. ";"Zeer urgent";"POLYGON((4.879813 52.351595,4.879523 52.351773,4.881983 52.352814,4.881424 52.353541,4.878956 52.353068,4.878659 52.353142,4.878709 52.35325,4.884342 52.354343,4.884525 52.354136,4.882199 52.353686,4.882483 52.353373,4.883037 52.353441,4.883355 52.352835,4.884018 52.352636,4.885429 52.352411,4.885421 52.35213,4.883769 52.352278,4.882503 52.352593,4.879813 52.351595))";"POLYGON((52.351595 4.879813,52.351773 4.879523,52.352814 4.881983,52.353541 4.881424,52.353068 4.878956,52.353142 4.878659,52.35325 4.878709,52.354343 4.884342,52.354136 4.884525,52.353686 4.882199,52.353373 4.882483,52.353441 4.883037,52.352835 4.883355,52.352636 4.884018,52.352411 4.885429,52.35213 4.885421,52.352278 4.883769,52.352593 4.882503,52.351595 4.879813))";4.882049;52.352962;
73;"55";"De Lairessestraat - Van Baerlestraat (tot aan Nicolaas Maesstraat)";"De De Lairesse- en Van Baerlestraat zijn twee ontsluitingswegen waar veel water op straat staat. Ook staat her en der water tegen de gevels. Veel panden hebben wel een drempel voor de deur, maar er zijn ook veel kwetsbare souterrains.";"Extreem urgent";"POLYGON((4.878233 52.358276,4.878757 52.358343,4.881312 52.354908,4.88079 52.354714,4.88015 52.355738,4.878684 52.355407,4.878512 52.355252,4.877079 52.354841,4.870052 52.353004,4.863993 52.351396,4.863796 52.351693,4.869681 52.353217,4.874607 52.354515,4.87795 52.355493,4.878922 52.356075,4.879514 52.356292,4.878233 52.358276))";"POLYGON((52.358276 4.878233,52.358343 4.878757,52.354908 4.881312,52.354714 4.88079,52.355738 4.88015,52.355407 4.878684,52.355252 4.878512,52.354841 4.877079,52.353004 4.870052,52.351396 4.863993,52.351693 4.863796,52.353217 4.869681,52.354515 4.874607,52.355493 4.87795,52.356075 4.878922,52.356292 4.879514,52.358276 4.878233))";4.872559;52.3548625;
74;"62";"Stadionbuurt / Stadionweg";"Op het Stadionplein en in de Van Tuyll van Serooskerkenweg staat er water tegen de gevels van winkels en huizen. Verkeer wordt gestremd op Stadionweg door water op straat vanwege een laag maaiveld. ";"Urgent";"POLYGON((4.855974 52.345304,4.858936 52.345657,4.859176 52.344945,4.863521 52.345405,4.863779 52.34493,4.864999 52.345114,4.865117 52.34482,4.863914 52.344623,4.86402 52.344122,4.861443 52.343767,4.861483 52.343576,4.856831 52.343008,4.855974 52.345304))";"POLYGON((52.345304 4.855974,52.345657 4.858936,52.344945 4.859176,52.345405 4.863521,52.34493 4.863779,52.345114 4.864999,52.34482 4.865117,52.344623 4.863914,52.344122 4.86402,52.343767 4.861443,52.343576 4.861483,52.343008 4.856831,52.345304 4.855974))";4.8605505;52.3443255;
75;"52";"Amstelveenseweg / Haarlemmermeerplein";"Haarlemmermeerplein, Amstelveenseweg, Koninginneweg en de Havenstraat hebben veel water op straat en tegen de gevels.";"Zeer urgent";"POLYGON((4.854164 52.351208,4.856831 52.351861,4.857568 52.350078,4.858252 52.349856,4.858153 52.349428,4.857928 52.349224,4.857334 52.349178,4.85686 52.349433,4.855761 52.349246,4.854836 52.349167,4.854484 52.349379,4.854374 52.349764,4.853959 52.350929,4.854164 52.351208))";"POLYGON((52.351208 4.854164,52.351861 4.856831,52.350078 4.857568,52.349856 4.858252,52.349428 4.858153,52.349224 4.857928,52.349178 4.857334,52.349433 4.85686,52.349246 4.855761,52.349167 4.854836,52.349379 4.854484,52.349764 4.854374,52.350929 4.853959,52.351208 4.854164))";4.8561105;52.350507;
76;"59";"Rivierenbuurt";"Er zijn hier veel locaties met water tegen de gevel en er is veel water op straat in de nabijheid van de RAI bij hevige regenval. Verkeer op ontsluitingswegen (zoals Rooseveltlaan) wordt gestremd.";"Extreem urgent";"POLYGON((4.886936 52.348285,4.896341 52.347853,4.909999 52.349737,4.911776 52.347563,4.912644 52.345601,4.913362 52.343562,4.913814 52.34275,4.912962 52.341664,4.912231 52.34108,4.908724 52.340114,4.906873 52.340107,4.896665 52.340556,4.891706 52.340801,4.891752 52.341905,4.890392 52.342018,4.89037 52.34395,4.886192 52.34423,4.886936 52.348285))";"POLYGON((52.348285 4.886936,52.347853 4.896341,52.349737 4.909999,52.347563 4.911776,52.345601 4.912644,52.343562 4.913362,52.34275 4.913814,52.341664 4.912962,52.34108 4.912231,52.340114 4.908724,52.340107 4.906873,52.340556 4.896665,52.340801 4.891706,52.341905 4.891752,52.342018 4.890392,52.34395 4.89037,52.34423 4.886192,52.348285 4.886936))";4.900008;52.344915;
77;"57";"Albert Cuypstraat / Ferdinand Bolstraat";"Op dit punt ligt er veel water op straat. Voornamelijk tramverkeer zou worden gestremd.";"Urgent";"POLYGON((4.887505 52.354715,4.888324 52.354711,4.890203 52.355075,4.890351 52.355789,4.890613 52.355769,4.890487 52.354923,4.888613 52.354525,4.887472 52.354493,4.887505 52.354715))";"POLYGON((52.354715 4.887505,52.354711 4.888324,52.355075 4.890203,52.355789 4.890351,52.355769 4.890613,52.354923 4.890487,52.354525 4.888613,52.354493 4.887472,52.354715 4.887505))";4.8890475;52.355134;
78;"82";"Mr. Treublaan";"De weg onder het spoor ligt lager dan de omgeving. Het water stroomt uit alle richtingen hiernaartoe. Het verkeer op een belangrijke ontsluitingsweg wordt hier gestremd. De vraag is of er een lokale pomp is (met welke capaciteit).";"Zeer urgent";"POLYGON((4.915475 52.347949,4.917511 52.348267,4.917829 52.347644,4.917126 52.347726,4.915655 52.347558,4.915475 52.347949))";"POLYGON((52.347949 4.915475,52.348267 4.917511,52.347644 4.917829,52.347726 4.917126,52.347558 4.915655,52.347949 4.915475))";4.916657;52.3479055;
79;"73";"Wijttenbachstraat, Insulindeweg, Toministraat, Celebesstraat";"De onderdoorgang bij Muiderpoort staat volledig blank. Muiderpoortstation is van de oostkant en zuidkant onbereikbaar.";"Extreem urgent";"POLYGON((4.9271030 52.3606104,4.9272546 52.3603776,4.9302890 52.3610670,4.9322260 52.3609770,4.9333930 52.3600070,4.9342810 52.3604000,4.9343760 52.3613380,4.9340410 52.3614660,4.9326260 52.3614600,4.9321120 52.3613570,4.9303370 52.3613980))";"POLYGON((52.3606104 4.9271030,52.3603776 4.9272546,52.3610670 4.9302890,52.3609770 4.9322260,52.3600070 4.9333930,52.3604000 4.9342810,52.3613380 4.9343760,52.3614660 4.9340410,52.3614600 4.9326260,52.3613570 4.9321120,52.3613980 4.9303370))";4.9307445;52.3607295;
80;"71";"Insulindeweg";"Hoofdontsluitingsroute staat onder water, waarbij de kruising met de Molukkenstraat ook blank staat. Water staat niet tegen de panden, maar geen verkeer mogelijk.";"Urgent";"POLYGON((4.936275 52.361404,4.946028 52.362763,4.94618 52.362295,4.941633 52.361679,4.936338 52.360942,4.936275 52.361404))";"POLYGON((52.361404 4.936275,52.362763 4.946028,52.362295 4.94618,52.361679 4.941633,52.360942 4.936338,52.361404 4.936275))";4.9412325;52.3618455;
81;"84";"Laplacestraat, Johann Keplerstraat, Copernicusstraat, Galileiplantsoen";"De buurt loopt af vanaf de Linnaeuskade naar het Galileïplantsoen. Vooral in de Johann Kepler-, Laplace- en de Copernicusstraat blijft het water staan. Alle straten zijn breed en hebben groen met kansen om dit watervertragend/-bergend in te richten. ";"Zeer urgent";"POLYGON((4.936906 52.356646,4.938399 52.355731,4.938854 52.356025,4.93922 52.35582,4.938765 52.355511,4.940114 52.354625,4.939245 52.354103,4.938568 52.354539,4.9379 52.354991,4.935167 52.353424,4.934823 52.353613,4.937478 52.355246,4.93604 52.356157,4.936906 52.356646))";"POLYGON((52.356646 4.936906,52.355731 4.938399,52.356025 4.938854,52.35582 4.93922,52.355511 4.938765,52.354625 4.940114,52.354103 4.939245,52.354539 4.938568,52.354991 4.9379,52.353424 4.935167,52.353613 4.934823,52.355246 4.937478,52.356157 4.93604,52.356646 4.936906))";4.9374735;52.355028;
82;"83";"Linnaeusdwarsstraat";"Aan het einde van de straat staat het water van gevel tot gevel. Er ligt hier een polderriool waarmee rekening moet worden gehouden.";"Zeer urgent";"POLYGON((4.933188 52.354352,4.933674 52.354049,4.932467 52.353307,4.931989 52.353596,4.933188 52.354352))";"POLYGON((52.354352 4.933188,52.354049 4.933674,52.353307 4.932467,52.353596 4.931989,52.354352 4.933188))";4.9328365;52.3538225;
83;"86";"Betondorp";"Veel water op straat en tegen de gevels. Veel verharding en de buurt ligt laag ten opzichte van de omgeving.";"Zeer urgent";"POLYGON((4.945333 52.343227,4.946189 52.343743,4.951439 52.340552,4.950181 52.339813,4.943718 52.338046,4.940789 52.338586,4.940858 52.338787,4.93957 52.339453,4.939426 52.339866,4.939887 52.340324,4.940881 52.341141,4.943614 52.342692,4.943843 52.343164,4.944096 52.343393,4.945333 52.343227))";"POLYGON((52.343227 4.945333,52.343743 4.946189,52.340552 4.951439,52.339813 4.950181,52.338046 4.943718,52.338586 4.940789,52.338787 4.940858,52.339453 4.93957,52.339866 4.939426,52.340324 4.939887,52.341141 4.940881,52.342692 4.943614,52.343164 4.943843,52.343393 4.944096,52.343227 4.945333))";4.9454375;52.3408875;
84;"79";"Weesperzijde - tussen Burman- en Graaf Florisstraat";"De achtertuinen en binnenplaatsen bij de huizenblokken liggen lager dan de straat. Door openingen in de blokken kan water uit omgeving hier naartoe stromen, waardoor er water tegen de (achter)gevels van enkele panden staat.";"Zeer urgent";"POLYGON((4.908834 52.354426,4.911313 52.355055,4.912776 52.352618,4.91121 52.352053,4.908834 52.354426))";"POLYGON((52.354426 4.908834,52.355055 4.911313,52.352618 4.912776,52.352053 4.91121,52.354426 4.908834))";4.91081;52.353547;
85;"7";"Nieuwezijds Voorburgwal";"Op de Nieuwezijds en in de Spuistraat en de Wijdesteeg staat veel water op straat en op verschillende locaties tegen de gevel. Een aantal souterrains en winkels zonder drempel en een parkeerplaats hebben veel kans op wateroverlast.";"Zeer urgent";"POLYGON((4.890964 52.372273,4.891017 52.370913,4.890572 52.370842,4.889921 52.370044,4.889596 52.369486,4.889498 52.368929,4.889184 52.368917,4.889281 52.369559,4.889425 52.370019,4.889713 52.370329,4.890082 52.371175,4.890146 52.371514,4.889584 52.371487,4.889371 52.370554,4.888919 52.37062,4.889046 52.371099,4.889177 52.37186,4.889618 52.371994,4.889541 52.371629,4.889752 52.371653,4.890094 52.371702,4.890389 52.371737,4.890377 52.372253,4.890964 52.372273))";"POLYGON((52.372273 4.890964,52.370913 4.891017,52.370842 4.890572,52.370044 4.889921,52.369486 4.889596,52.368929 4.889498,52.368917 4.889184,52.369559 4.889281,52.370019 4.889425,52.370329 4.889713,52.371175 4.890082,52.371514 4.890146,52.371487 4.889584,52.370554 4.889371,52.37062 4.888919,52.371099 4.889046,52.37186 4.889177,52.371994 4.889618,52.371629 4.889541,52.371653 4.889752,52.371702 4.890094,52.371737 4.890389,52.372253 4.890377,52.372273 4.890964))";4.889973;52.370588;
86;"9";"Rokin";"Er is potentieel veel water tegen de gevels. De berekening is echter achterhaald wegens nieuwe inrichting.";"Zeer urgent";"POLYGON((4.892601 52.371992,4.893442 52.371963,4.89277 52.36951,4.891915 52.36953,4.892359 52.370797,4.892515 52.371468,4.892601 52.371992))";"POLYGON((52.371992 4.892601,52.371963 4.893442,52.36951 4.89277,52.36953 4.891915,52.370797 4.892359,52.371468 4.892515,52.371992 4.892601))";4.8926835;52.370744;
87;"12";"Omgeving Artis";"Veel water op straat in de Plantage Middenlaan, Plantage Kerklaan en de Henri Polaklaan en her en der water tegen de gevel. In de Plantage Westermanlaan komt er veel water tegen de gevel.";"Zeer urgent";"POLYGON((4.910281 52.368155,4.912459 52.367451,4.913002 52.367975,4.913377 52.367839,4.912164 52.366483,4.917747 52.364525,4.917493 52.364245,4.913189 52.365736,4.912476 52.364886,4.911198 52.365324,4.911343 52.365481,4.912076 52.365236,4.912637 52.365843,4.909346 52.367033,4.90963 52.367401,4.911751 52.366652,4.912273 52.367216,4.910129 52.367963,4.910281 52.368155))";"POLYGON((52.368155 4.910281,52.367451 4.912459,52.367975 4.913002,52.367839 4.913377,52.366483 4.912164,52.364525 4.917747,52.364245 4.917493,52.365736 4.913189,52.364886 4.912476,52.365324 4.911198,52.365481 4.911343,52.365236 4.912076,52.365843 4.912637,52.367033 4.909346,52.367401 4.90963,52.366652 4.911751,52.367216 4.912273,52.367963 4.910129,52.368155 4.910281))";4.9135515;52.366193;
88;"6";"Spuistraat (tussen Lijnbaanssteeg en Raadhuisstraat)";"Er staat water aan beide kanten tegen de gevel bij een laaggelegen deel van de Spuistraat.";"Urgent";"POLYGON((4.891803 52.375819,4.892018 52.375715,4.891614 52.375339,4.890997 52.374827,4.890535 52.374297,4.890353 52.373965,4.889977 52.373379,4.889592 52.373384,4.889932 52.374206,4.890295 52.374592,4.890764 52.375022,4.891259 52.375432,4.891803 52.375819))";"POLYGON((52.375819 4.891803,52.375715 4.892018,52.375339 4.891614,52.374827 4.890997,52.374297 4.890535,52.373965 4.890353,52.373379 4.889977,52.373384 4.889592,52.374206 4.889932,52.374592 4.890295,52.375022 4.890764,52.375432 4.891259,52.375819 4.891803))";4.89081;52.374592;
89;"11";"Waterlooplein";"Winkels hebben kans op wateroverlast. Water is mede afkomstig van de hoger gelegen Jodenbreestraat.";"Zeer urgent";"POLYGON((4.900964 52.369063,4.903223 52.368147,4.903223 52.36814,4.903117 52.368034,4.900872 52.368967,4.900964 52.369063))";"POLYGON((52.369063 4.900964,52.368147 4.903223,52.36814 4.903223,52.368034 4.903117,52.368967 4.900872,52.369063 4.900964))";4.9020525;52.3685415;
90;"2";"Westerstraat";"Er staat veel water tegen de gevel in 2de Anjeliersdwarsstraat (gevel tot gevel). In de Westerstraat nabij Noordermarkt en aan de zuidkant is er veel water op straat en tegen de gevel.";"Urgent";"POLYGON((4.886477 52.37904,4.886417 52.378829,4.881546 52.377918,4.881806 52.377425,4.881619 52.377403,4.881317 52.377875,4.87966 52.377566,4.879562 52.377872,4.882529 52.378383,4.886228 52.37907,4.886477 52.37904))";"POLYGON((52.37904 4.886477,52.378829 4.886417,52.377918 4.881546,52.377425 4.881806,52.377403 4.881619,52.377875 4.881317,52.377566 4.87966,52.377872 4.879562,52.378383 4.882529,52.37907 4.886228,52.37904 4.886477))";4.8830245;52.3782295;
91;"19";"Banne (Schepenbuurt)";"Er zijn een paar locaties waar water tegen de gevel staat. Verder staat er vooral water in de groenstroken.";"Zeer urgent";"POLYGON((4.913976 52.410285,4.919483 52.414832,4.923563 52.413057,4.92832 52.410899,4.926841 52.409531,4.924854 52.407782,4.923739 52.406116,4.913976 52.410285))";"POLYGON((52.410285 4.913976,52.414832 4.919483,52.413057 4.923563,52.410899 4.92832,52.409531 4.926841,52.407782 4.924854,52.406116 4.923739,52.410285 4.913976))";4.921153;52.410467;
92;"101";"Oostpoort";"Deze wijk wordt ingeklemd door het treinstation, spoorlijnen en Oostpoort. Er verzamelt zich veel water, maar er is veel groen. De vraag is of er een verbinding is tussen HWA-riool en Ringvaart en in hoeverre water vanuit Oostpoort naar Tuinwijk stroomt.";"Urgent";"POLYGON((4.9306346 52.3600070,4.9302484 52.3594623,4.9298836 52.3591331,4.9301572 52.3588628,4.9305595 52.3581339,4.9271585 52.3573738,4.9272228 52.3571772,4.9339176 52.3586187,4.9327589 52.3593133,4.9320294 52.3598506,4.9315466 52.3606302,4.9309028 52.3605320))";"POLYGON((52.3600070 4.9306346,52.3594623 4.9302484,52.3591331 4.9298836,52.3588628 4.9301572,52.3581339 4.9305595,52.3573738 4.9271585,52.3571772 4.9272228,52.3586187 4.9339176,52.3593133 4.9327589,52.3598506 4.9320294,52.3606302 4.9315466,52.3605320 4.9309028))";4.93054305;52.3588967;

