OBJECTNUMMER;Locatie;Drainage;WKT_LNG_LAT;WKT_LAT_LNG;LNG;LAT;
1;"Driemond";"Mogelijk";"POLYGON((5.015119 52.303659,5.015557 52.304067,5.015997 52.304281,5.016488 52.304422,5.016954 52.304497,5.01719 52.304491,5.017649 52.304336,5.018078 52.304153,5.018416 52.304071,5.018892 52.304005,5.020133 52.303885,5.020299 52.303718,5.020213 52.302901,5.019247 52.30291,5.018335 52.302968,5.017485 52.303094,5.016105 52.303392,5.015119 52.303659))";"POLYGON((52.303659 5.015119,52.304067 5.015557,52.304281 5.015997,52.304422 5.016488,52.304497 5.016954,52.304491 5.01719,52.304336 5.017649,52.304153 5.018078,52.304071 5.018416,52.304005 5.018892,52.303885 5.020133,52.303718 5.020299,52.302901 5.020213,52.30291 5.019247,52.302968 5.018335,52.303094 5.017485,52.303392 5.016105,52.303659 5.015119))";5.017714;52.303692;
2;"Driemond";"Mogelijk";"POLYGON((5.016265 52.306093,5.016603 52.30715,5.016309 52.307128,5.014838 52.30666,5.014711 52.306256,5.014604 52.306244,5.013676 52.306007,5.01326 52.306704,5.013555 52.307298,5.01503 52.30775,5.016005 52.307764,5.016992 52.30751,5.017196 52.307119,5.018958 52.306985,5.019002 52.306107,5.019004 52.305838,5.018228 52.30587,5.016265 52.306093))";"POLYGON((52.306093 5.016265,52.30715 5.016603,52.307128 5.016309,52.30666 5.014838,52.306256 5.014711,52.306244 5.014604,52.306007 5.013676,52.306704 5.01326,52.307298 5.013555,52.30775 5.01503,52.307764 5.016005,52.30751 5.016992,52.307119 5.017196,52.306985 5.018958,52.306107 5.019002,52.305838 5.019004,52.30587 5.018228,52.306093 5.016265))";5.016137;52.306794;
3;"Oostelijk Havengebied";"Mogelijk";"POLYGON((4.934181 52.370387,4.934134 52.371267,4.933975 52.371874,4.933735 52.372331,4.93416 52.37245,4.934959 52.372531,4.935379 52.372509,4.935724 52.372379,4.936171 52.37224,4.936425 52.372179,4.936443 52.370396,4.934181 52.370387))";"POLYGON((52.370387 4.934181,52.371267 4.934134,52.371874 4.933975,52.372331 4.933735,52.37245 4.93416,52.372531 4.934959,52.372509 4.935379,52.372379 4.935724,52.37224 4.936171,52.372179 4.936425,52.370396 4.936443,52.370387 4.934181))";4.935094;52.371452;
4;"Oostelijk Havengebied";"Mogelijk";"POLYGON((4.939059 52.373403,4.947456 52.37429,4.947377 52.374539,4.948635 52.374684,4.949029 52.373494,4.948203 52.373406,4.94726 52.373558,4.939854 52.372721,4.939218 52.372741,4.939059 52.373403))";"POLYGON((52.373403 4.939059,52.37429 4.947456,52.374539 4.947377,52.374684 4.948635,52.373494 4.949029,52.373406 4.948203,52.373558 4.94726,52.372721 4.939854,52.372741 4.939218,52.373403 4.939059))";4.944049;52.3736955;
5;"Oostelijk Havengebied";"Mogelijk";"POLYGON((4.94653 52.376862,4.940992 52.376663,4.940955 52.377022,4.941537 52.377406,4.94647 52.377603,4.94653 52.376862))";"POLYGON((52.376862 4.94653,52.376663 4.940992,52.377022 4.940955,52.377406 4.941537,52.377603 4.94647,52.376862 4.94653))";4.9437475;52.377126;
6;"Oostelijke Eilanden";"Mogelijk";"POLYGON((4.926043 52.368531,4.927245 52.367805,4.927123 52.367765,4.926324 52.367545,4.925489 52.367599,4.924884 52.367801,4.926043 52.368531))";"POLYGON((52.368531 4.926043,52.367805 4.927245,52.367765 4.927123,52.367545 4.926324,52.367599 4.925489,52.367801 4.924884,52.368531 4.926043))";4.9260695;52.368031;
7;"Oostelijke Eilanden";"Mogelijk";"POLYGON((4.931199 52.369594,4.930319 52.370111,4.930917 52.370486,4.931763 52.369921,4.93147 52.369726,4.931199 52.369594))";"POLYGON((52.369594 4.931199,52.370111 4.930319,52.370486 4.930917,52.369921 4.931763,52.369726 4.93147,52.369594 4.931199))";4.931046;52.370033;
8;"Oostelijke Eilanden";"Mogelijk";"POLYGON((4.922817 52.370098,4.92384 52.370745,4.924267 52.370468,4.923234 52.369854,4.922817 52.370098))";"POLYGON((52.370098 4.922817,52.370745 4.92384,52.370468 4.924267,52.369854 4.923234,52.370098 4.922817))";4.923547;52.3702925;
9;"Plantage";"Mogelijk";"POLYGON((4.90525 52.362227,4.904862 52.36299,4.906496 52.363277,4.906908 52.362533,4.90525 52.362227))";"POLYGON((52.362227 4.90525,52.36299 4.904862,52.363277 4.906496,52.362533 4.906908,52.362227 4.90525))";4.90589;52.362745;
10;"Grachtengordel";"Mogelijk";"POLYGON((4.901218 52.359899,4.900522 52.361501,4.901914 52.361768,4.902467 52.360085,4.901218 52.359899))";"POLYGON((52.359899 4.901218,52.361501 4.900522,52.361768 4.901914,52.360085 4.902467,52.359899 4.901218))";4.9014995;52.3608265;
11;"Zuid-Oost";"Mogelijk";"POLYGON((4.945472 52.32391,4.944329 52.325276,4.94651 52.326019,4.947843 52.324466,4.945614 52.323737,4.945472 52.32391))";"POLYGON((52.32391 4.945472,52.325276 4.944329,52.326019 4.94651,52.324466 4.947843,52.323737 4.945614,52.32391 4.945472))";4.946091;52.324871;
12;"Zuid-Oost";"Mogelijk";"POLYGON((4.945883 52.32038,4.943585 52.319606,4.942442 52.3209,4.944717 52.321672,4.945883 52.32038))";"POLYGON((52.32038 4.945883,52.319606 4.943585,52.3209 4.942442,52.321672 4.944717,52.32038 4.945883))";4.9441675;52.320632;
13;"Zuid-Oost";"Mogelijk";"POLYGON((4.937136 52.303768,4.945367 52.30632,4.954284 52.296251,4.947875 52.293971,4.943721 52.298448,4.942267 52.297995,4.937136 52.303768))";"POLYGON((52.303768 4.937136,52.30632 4.945367,52.296251 4.954284,52.293971 4.947875,52.298448 4.943721,52.297995 4.942267,52.303768 4.937136))";4.945715;52.3001385;
14;"Zuid-Oost";"Mogelijk";"POLYGON((4.941154 52.312228,4.944219 52.308931,4.940017 52.307559,4.936776 52.311265,4.941154 52.312228))";"POLYGON((52.312228 4.941154,52.308931 4.944219,52.307559 4.940017,52.311265 4.936776,52.312228 4.941154))";4.9405025;52.3098865;
15;"Zuid-Oost";"Mogelijk";"POLYGON((4.985025 52.293711,4.988268 52.293766,4.988392 52.291712,4.985431 52.291702,4.985273 52.293517,4.985025 52.293711))";"POLYGON((52.293711 4.985025,52.293766 4.988268,52.291712 4.988392,52.291702 4.985431,52.293517 4.985273,52.293711 4.985025))";4.9867135;52.292727;
16;"Zuid-Oost";"Mogelijk";"POLYGON((4.989978 52.29563,4.989957 52.298181,4.997008 52.298182,4.997065 52.295675,4.989978 52.29563))";"POLYGON((52.29563 4.989978,52.298181 4.989957,52.298182 4.997008,52.295675 4.997065,52.29563 4.989978))";4.993516;52.296899;
17;"Zuid-Oost";"Mogelijk";"POLYGON((4.987594 52.297652,4.983126 52.297619,4.983147 52.301143,4.987537 52.301176,4.987594 52.297652))";"POLYGON((52.297652 4.987594,52.297619 4.983126,52.301143 4.983147,52.301176 4.987537,52.297652 4.987594))";4.985365;52.2993905;
18;"Zuid-Oost";"Mogelijk";"POLYGON((4.968825 52.306118,4.965956 52.305186,4.958385 52.302959,4.958102 52.303258,4.968367 52.306646,4.968825 52.306118))";"POLYGON((52.306118 4.968825,52.305186 4.965956,52.302959 4.958385,52.303258 4.958102,52.306646 4.968367,52.306118 4.968825))";4.9634685;52.3047955;
19;"Meerkerkerdreef";"Mogelijk";"POLYGON((4.958385 52.302959,4.965956 52.305186,4.968825 52.306118,4.969901 52.304894,4.970216 52.304626,4.971406 52.304477,4.971536 52.303979,4.97092 52.302903,4.971174 52.302559,4.971989 52.302331,4.972678 52.302219,4.973247 52.301568,4.973127 52.301069,4.973629 52.300879,4.974323 52.300268,4.974018 52.299423,4.974593 52.298275,4.970469 52.296882,4.967803 52.295359,4.965761 52.295114,4.965122 52.295501,4.958385 52.302959))";"POLYGON((52.302959 4.958385,52.305186 4.965956,52.306118 4.968825,52.304894 4.969901,52.304626 4.970216,52.304477 4.971406,52.303979 4.971536,52.302903 4.97092,52.302559 4.971174,52.302331 4.971989,52.302219 4.972678,52.301568 4.973247,52.301069 4.973127,52.300879 4.973629,52.300268 4.974323,52.299423 4.974018,52.298275 4.974593,52.296882 4.970469,52.295359 4.967803,52.295114 4.965761,52.295501 4.965122,52.302959 4.958385))";4.966494;52.300609;
20;"Zuid-Oost";"Mogelijk";"POLYGON((4.956905 52.32372,4.969378 52.310028,4.970908 52.308386,4.965967 52.306327,4.958232 52.30377,4.95744 52.303488,4.957157 52.303838,4.957477 52.304849,4.961004 52.306275,4.962324 52.306671,4.963778 52.306311,4.964713 52.30668,4.961779 52.31007,4.958671 52.313747,4.960245 52.31438,4.960792 52.315166,4.960829 52.31569,4.959891 52.315608,4.959591 52.315737,4.958989 52.316232,4.958127 52.317171,4.957305 52.318214,4.95692 52.318369,4.956195 52.31834,4.955295 52.318678,4.954526 52.318884,4.954232 52.318307,4.951975 52.317802,4.951766 52.317304,4.951771 52.316781,4.94973 52.316016,4.947676 52.315319,4.947095 52.316097,4.950341 52.317153,4.950396 52.319311,4.948124 52.31928,4.947014 52.320482,4.956905 52.32372))";"POLYGON((52.32372 4.956905,52.310028 4.969378,52.308386 4.970908,52.306327 4.965967,52.30377 4.958232,52.303488 4.95744,52.303838 4.957157,52.304849 4.957477,52.306275 4.961004,52.306671 4.962324,52.306311 4.963778,52.30668 4.964713,52.31007 4.961779,52.313747 4.958671,52.31438 4.960245,52.315166 4.960792,52.31569 4.960829,52.315608 4.959891,52.315737 4.959591,52.316232 4.958989,52.317171 4.958127,52.318214 4.957305,52.318369 4.95692,52.31834 4.956195,52.318678 4.955295,52.318884 4.954526,52.318307 4.954232,52.317802 4.951975,52.317304 4.951766,52.316781 4.951771,52.316016 4.94973,52.315319 4.947676,52.316097 4.947095,52.317153 4.950341,52.319311 4.950396,52.31928 4.948124,52.320482 4.947014,52.32372 4.956905))";4.958966;52.313597;
21;"Zuid-Oost";"Mogelijk";"POLYGON((4.969288 52.326409,4.970624 52.324943,4.97177 52.325335,4.97687 52.319803,4.977218 52.319965,4.978169 52.320662,4.978518 52.320503,4.980176 52.320082,4.980958 52.320298,4.981822 52.321048,4.983292 52.321699,4.983978 52.320893,4.988902 52.322033,4.989776 52.320747,4.991142 52.318654,4.992591 52.316412,4.988614 52.315061,4.986994 52.315303,4.981808 52.313568,4.981816 52.312726,4.972788 52.309655,4.972168 52.309719,4.971707 52.309998,4.970155 52.311644,4.970662 52.312291,4.968208 52.315239,4.96818 52.315975,4.96704 52.316176,4.960476 52.323305,4.959376 52.322871,4.95823 52.324288,4.967554 52.327393,4.969288 52.326409))";"POLYGON((52.326409 4.969288,52.324943 4.970624,52.325335 4.97177,52.319803 4.97687,52.319965 4.977218,52.320662 4.978169,52.320503 4.978518,52.320082 4.980176,52.320298 4.980958,52.321048 4.981822,52.321699 4.983292,52.320893 4.983978,52.322033 4.988902,52.320747 4.989776,52.318654 4.991142,52.316412 4.992591,52.315061 4.988614,52.315303 4.986994,52.313568 4.981808,52.312726 4.981816,52.309655 4.972788,52.309719 4.972168,52.309998 4.971707,52.311644 4.970155,52.312291 4.970662,52.315239 4.968208,52.315975 4.96818,52.316176 4.96704,52.323305 4.960476,52.322871 4.959376,52.324288 4.95823,52.327393 4.967554,52.326409 4.969288))";4.9754155;52.318517;
22;"Zuid-Oost";"Mogelijk";"POLYGON((4.973825 52.30832,4.983764 52.311857,4.986541 52.308628,4.9791 52.306043,4.979428 52.305614,4.977008 52.304962,4.973825 52.30832))";"POLYGON((52.30832 4.973825,52.311857 4.983764,52.308628 4.986541,52.306043 4.9791,52.305614 4.979428,52.304962 4.977008,52.30832 4.973825))";4.980188;52.3084025;
23;"Spaarndammer- / Zeeheldenbuurt";"Mogelijk";"POLYGON((4.885018 52.38867,4.885609 52.389938,4.888948 52.389507,4.888815 52.389056,4.885961 52.388679,4.885368 52.388605,4.885018 52.38867))";"POLYGON((52.38867 4.885018,52.389938 4.885609,52.389507 4.888948,52.389056 4.888815,52.388679 4.885961,52.388605 4.885368,52.38867 4.885018))";4.886988;52.3892645;
24;"Pekbuurt";"Mogelijk";"POLYGON((4.910586 52.390738,4.909231 52.390678,4.908416 52.390806,4.907738 52.391035,4.907046 52.391386,4.908327 52.392634,4.908501 52.392691,4.908783 52.392607,4.911102 52.391725,4.910977 52.391268,4.910536 52.391152,4.910362 52.391101,4.910586 52.390738))";"POLYGON((52.390738 4.910586,52.390678 4.909231,52.390806 4.908416,52.391035 4.907738,52.391386 4.907046,52.392634 4.908327,52.392691 4.908501,52.392607 4.908783,52.391725 4.911102,52.391268 4.910977,52.391152 4.910536,52.391101 4.910362,52.390738 4.910586))";4.909079;52.3916775;
25;"Pekbuurt";"Mogelijk";"POLYGON((4.909638 52.399323,4.911489 52.399633,4.911662 52.399095,4.912675 52.398484,4.913013 52.398203,4.913438 52.397743,4.913798 52.397295,4.914119 52.396746,4.916991 52.398422,4.917575 52.397782,4.918039 52.396577,4.918191 52.396064,4.917894 52.395376,4.917723 52.394579,4.917699 52.393982,4.917597 52.393577,4.917267 52.393094,4.917061 52.39276,4.917139 52.392368,4.916997 52.391899,4.916771 52.391404,4.916303 52.390921,4.913132 52.392147,4.914032 52.393434,4.913735 52.393678,4.91396 52.394204,4.912875 52.394604,4.912815 52.39542,4.912629 52.39599,4.912436 52.396452,4.911945 52.397176,4.911394 52.397744,4.910769 52.398249,4.91014 52.398247,4.909605 52.399195,4.909638 52.399323))";"POLYGON((52.399323 4.909638,52.399633 4.911489,52.399095 4.911662,52.398484 4.912675,52.398203 4.913013,52.397743 4.913438,52.397295 4.913798,52.396746 4.914119,52.398422 4.916991,52.397782 4.917575,52.396577 4.918039,52.396064 4.918191,52.395376 4.917894,52.394579 4.917723,52.393982 4.917699,52.393577 4.917597,52.393094 4.917267,52.39276 4.917061,52.392368 4.917139,52.391899 4.916997,52.391404 4.916771,52.390921 4.916303,52.392147 4.913132,52.393434 4.914032,52.393678 4.913735,52.394204 4.91396,52.394604 4.912875,52.39542 4.912815,52.39599 4.912629,52.396452 4.912436,52.397176 4.911945,52.397744 4.911394,52.398249 4.910769,52.398247 4.91014,52.399195 4.909605,52.399323 4.909638))";4.913903;52.39527;
26;"Kadoelen eo";"Mogelijk";"POLYGON((4.893631 52.409132,4.894125 52.410294,4.896096 52.411727,4.898915 52.413951,4.900912 52.41258,4.901755 52.411948,4.900233 52.408567,4.899864 52.408144,4.89927 52.406007,4.897329 52.406312,4.897181 52.406338,4.897524 52.407151,4.894435 52.407623,4.894182 52.407619,4.893056 52.407785,4.893631 52.409132))";"POLYGON((52.409132 4.893631,52.410294 4.894125,52.411727 4.896096,52.413951 4.898915,52.41258 4.900912,52.411948 4.901755,52.408567 4.900233,52.408144 4.899864,52.406007 4.89927,52.406312 4.897329,52.406338 4.897181,52.407151 4.897524,52.407623 4.894435,52.407619 4.894182,52.407785 4.893056,52.409132 4.893631))";4.8974105;52.409972;
27;"Centrum";"Mogelijk";"POLYGON((4.901037 52.369581,4.901195 52.369557,4.903805 52.368502,4.903261 52.368028,4.902599 52.367866,4.900242 52.368781,4.897546 52.368883,4.898409 52.369891,4.899768 52.369638,4.900553 52.369291,4.901037 52.369581))";"POLYGON((52.369581 4.901037,52.369557 4.901195,52.368502 4.903805,52.368028 4.903261,52.367866 4.902599,52.368781 4.900242,52.368883 4.897546,52.369891 4.898409,52.369638 4.899768,52.369291 4.900553,52.369581 4.901037))";4.9006805;52.3688715;
28;"Centrum";"Mogelijk";"POLYGON((4.889426 52.36842,4.890216 52.368613,4.890821 52.367748,4.890086 52.367502,4.889426 52.36842))";"POLYGON((52.36842 4.889426,52.368613 4.890216,52.367748 4.890821,52.367502 4.890086,52.36842 4.889426))";4.8901285;52.3680505;
29;"Centrum";"Mogelijk";"POLYGON((4.905408 52.377452,4.905583 52.378022,4.907458 52.377758,4.907292 52.377209,4.905408 52.377452))";"POLYGON((52.377452 4.905408,52.378022 4.905583,52.377758 4.907458,52.377209 4.907292,52.377452 4.905408))";4.906438;52.3776085;
30;"Buiksloot";"Mogelijk";"POLYGON((4.914235 52.404332,4.913683 52.403516,4.911891 52.404213,4.912701 52.404985,4.914235 52.404332))";"POLYGON((52.404332 4.914235,52.403516 4.913683,52.404213 4.911891,52.404985 4.912701,52.404332 4.914235))";4.913068;52.4042435;
31;"Buiksloot";"Mogelijk";"POLYGON((4.916496 52.410271,4.917322 52.411002,4.917484 52.411331,4.918514 52.412111,4.918895 52.412324,4.919162 52.412521,4.919883 52.412203,4.920353 52.412604,4.922489 52.411617,4.923014 52.411674,4.925985 52.410339,4.924196 52.408821,4.923243 52.408033,4.917571 52.410393,4.916886 52.409802,4.916294 52.410089,4.916496 52.410271))";"POLYGON((52.410271 4.916496,52.411002 4.917322,52.411331 4.917484,52.412111 4.918514,52.412324 4.918895,52.412521 4.919162,52.412203 4.919883,52.412604 4.920353,52.411617 4.922489,52.411674 4.923014,52.410339 4.925985,52.408821 4.924196,52.408033 4.923243,52.410393 4.917571,52.409802 4.916886,52.410089 4.916294,52.410271 4.916496))";4.9211445;52.4103115;
32;"Buiksloot";"Mogelijk";"POLYGON((4.929921 52.408514,4.930431 52.408856,4.931099 52.408507,4.930539 52.408122,4.929921 52.408514))";"POLYGON((52.408514 4.929921,52.408856 4.930431,52.408507 4.931099,52.408122 4.930539,52.408514 4.929921))";4.930515;52.408482;
33;"Polderweg driehoek eo";"Mogelijk";"POLYGON((4.93164 52.358231,4.931628 52.358265,4.932791 52.358504,4.932971 52.358505,4.933593 52.358635,4.93397 52.35849,4.934348 52.358434,4.934651 52.358378,4.934842 52.35833,4.934573 52.358117,4.931968 52.357665,4.93164 52.358231))";"POLYGON((52.358231 4.93164,52.358265 4.931628,52.358504 4.932791,52.358505 4.932971,52.358635 4.933593,52.35849 4.93397,52.358434 4.934348,52.358378 4.934651,52.35833 4.934842,52.358117 4.934573,52.357665 4.931968,52.358231 4.93164))";4.93324;52.358143;
34;"Transvaalbuurt";"Mogelijk";"POLYGON((4.917284 52.355411,4.919135 52.356559,4.924136 52.357965,4.924551 52.357445,4.917284 52.355411))";"POLYGON((52.355411 4.917284,52.356559 4.919135,52.357965 4.924136,52.357445 4.924551,52.355411 4.917284))";4.9209225;52.356681;
35;"Oosterpark";"Mogelijk";"POLYGON((4.918269 52.356846,4.91861 52.356406,4.919135 52.356559,4.917284 52.355411,4.916434 52.354884,4.914659 52.353878,4.914376 52.353392,4.914204 52.35316,4.913401 52.35332,4.913316 52.353403,4.913428 52.35367,4.913796 52.354142,4.914022 52.354383,4.914505 52.354792,4.914578 52.354875,4.914397 52.355122,4.915256 52.355386,4.914909 52.355892,4.918269 52.356846))";"POLYGON((52.356846 4.918269,52.356406 4.91861,52.356559 4.919135,52.355411 4.917284,52.354884 4.916434,52.353878 4.914659,52.353392 4.914376,52.35316 4.914204,52.35332 4.913401,52.353403 4.913316,52.35367 4.913428,52.354142 4.913796,52.354383 4.914022,52.354792 4.914505,52.354875 4.914578,52.355122 4.914397,52.355386 4.915256,52.355892 4.914909,52.356846 4.918269))";4.9162305;52.354996;
36;"Oosterpark";"Mogelijk";"POLYGON((4.909034 52.359497,4.909559 52.358599,4.907457 52.358155,4.907011 52.359087,4.909034 52.359497))";"POLYGON((52.359497 4.909034,52.358599 4.909559,52.358155 4.907457,52.359087 4.907011,52.359497 4.909034))";4.90829;52.358819;
37;"Buitenveldert";"Mogelijk";"POLYGON((4.85768 52.324681,4.858324 52.32478,4.860711 52.324807,4.860728 52.322504,4.857652 52.322506,4.85768 52.324681))";"POLYGON((52.324681 4.85768,52.32478 4.858324,52.324807 4.860711,52.322504 4.860728,52.322506 4.857652,52.324681 4.85768))";4.859195;52.3236485;
38;"Buitenveldert";"Mogelijk";"POLYGON((4.881397 52.325256,4.881414 52.324365,4.878183 52.324335,4.878079 52.328313,4.880523 52.328334,4.880618 52.325246,4.881397 52.325256))";"POLYGON((52.325256 4.881397,52.324365 4.881414,52.324335 4.878183,52.328313 4.878079,52.328334 4.880523,52.325246 4.880618,52.325256 4.881397))";4.8797515;52.3263275;
39;"Buitenveldert";"Mogelijk";"POLYGON((4.868928 52.328274,4.870428 52.328271,4.87125 52.327701,4.871359 52.324784,4.870744 52.324008,4.865625 52.323976,4.864685 52.3245,4.864634 52.327609,4.865234 52.328239,4.868928 52.328274))";"POLYGON((52.328274 4.868928,52.328271 4.870428,52.327701 4.87125,52.324784 4.871359,52.324008 4.870744,52.323976 4.865625,52.3245 4.864685,52.327609 4.864634,52.328239 4.865234,52.328274 4.868928))";4.8680015;52.326118;
40;"De Pijp";"Mogelijk";"POLYGON((4.901297 52.349581,4.90283 52.34978,4.902934 52.349529,4.901394 52.349316,4.901297 52.349581))";"POLYGON((52.349581 4.901297,52.34978 4.90283,52.349529 4.902934,52.349316 4.901394,52.349581 4.901297))";4.9021205;52.349541;
41;"De Pijp";"Mogelijk";"POLYGON((4.908162 52.352398,4.908545 52.35188,4.908963 52.35122,4.908743 52.351186,4.907961 52.352355,4.908162 52.352398))";"POLYGON((52.352398 4.908162,52.35188 4.908545,52.35122 4.908963,52.351186 4.908743,52.352355 4.907961,52.352398 4.908162))";4.908467;52.351785;
42;"Buikslotermeerplein";"Mogelijk";"POLYGON((4.93512 52.401638,4.938805 52.404198,4.940264 52.405417,4.947345 52.402684,4.947353 52.401845,4.94484 52.399545,4.943288 52.400017,4.942612 52.400025,4.940749 52.399517,4.940482 52.399538,4.93512 52.401638))";"POLYGON((52.401638 4.93512,52.404198 4.938805,52.405417 4.940264,52.402684 4.947345,52.401845 4.947353,52.399545 4.94484,52.400017 4.943288,52.400025 4.942612,52.399517 4.940749,52.399538 4.940482,52.401638 4.93512))";4.9412415;52.40246;
43;"Buikslotermeerplein";"Mogelijk";"POLYGON((4.959027 52.39287,4.959343 52.392429,4.956824 52.391716,4.956497 52.392171,4.959027 52.39287))";"POLYGON((52.39287 4.959027,52.392429 4.959343,52.391716 4.956824,52.392171 4.956497,52.39287 4.959027))";4.957925;52.392286;
44;"Buikslotermeerplein";"Mogelijk";"POLYGON((4.953344 52.392498,4.951345 52.393063,4.952263 52.394217,4.953795 52.394585,4.954525 52.393515,4.954032 52.393348,4.953344 52.392498))";"POLYGON((52.392498 4.953344,52.393063 4.951345,52.394217 4.952263,52.394585 4.953795,52.393515 4.954525,52.393348 4.954032,52.392498 4.953344))";4.95294;52.3935345;
45;"Buikslotermeerplein";"Mogelijk";"POLYGON((4.951771 52.390637,4.951211 52.389772,4.949547 52.389417,4.95019 52.388251,4.948138 52.387815,4.947372 52.389224,4.946014 52.390392,4.94309 52.390677,4.942846 52.390875,4.942946 52.391017,4.943115 52.391303,4.942873 52.391439,4.9414 52.391951,4.939875 52.392569,4.936867 52.393446,4.94001 52.394565,4.951316 52.391206,4.951771 52.390637))";"POLYGON((52.390637 4.951771,52.389772 4.951211,52.389417 4.949547,52.388251 4.95019,52.387815 4.948138,52.389224 4.947372,52.390392 4.946014,52.390677 4.94309,52.390875 4.942846,52.391017 4.942946,52.391303 4.943115,52.391439 4.942873,52.391951 4.9414,52.392569 4.939875,52.393446 4.936867,52.394565 4.94001,52.391206 4.951316,52.390637 4.951771))";4.944324;52.391183;
46;"Buikslotermeerplein";"Mogelijk";"POLYGON((4.93296 52.392961,4.932865 52.392625,4.932996 52.391876,4.927314 52.391459,4.924332 52.392809,4.924184 52.393394,4.924731 52.394577,4.925195 52.394865,4.925359 52.394847,4.93296 52.392961))";"POLYGON((52.392961 4.93296,52.392625 4.932865,52.391876 4.932996,52.391459 4.927314,52.392809 4.924332,52.393394 4.924184,52.394577 4.924731,52.394865 4.925195,52.394847 4.925359,52.392961 4.93296))";4.928595;52.393155;
47;"Buikslotermeerplein";"Mogelijk";"POLYGON((4.933424 52.401656,4.94013 52.399123,4.94079 52.399028,4.94118 52.399073,4.942794 52.399612,4.943309 52.399625,4.944538 52.399258,4.943589 52.398301,4.942066 52.398047,4.940098 52.396648,4.939377 52.395067,4.937183 52.394592,4.934704 52.3947,4.930915 52.396146,4.929934 52.395133,4.928163 52.395592,4.927053 52.39607,4.928195 52.397473,4.933424 52.401656))";"POLYGON((52.401656 4.933424,52.399123 4.94013,52.399028 4.94079,52.399073 4.94118,52.399612 4.942794,52.399625 4.943309,52.399258 4.944538,52.398301 4.943589,52.398047 4.942066,52.396648 4.940098,52.395067 4.939377,52.394592 4.937183,52.3947 4.934704,52.396146 4.930915,52.395133 4.929934,52.395592 4.928163,52.39607 4.927053,52.397473 4.928195,52.401656 4.933424))";4.9358005;52.398117;
48;"Dapperbuurt";"Mogelijk";"POLYGON((4.924447 52.362636,4.930467 52.363876,4.930517 52.362674,4.930512 52.361778,4.926145 52.360725,4.925806 52.361263,4.925508 52.361675,4.924873 52.361804,4.924447 52.362636))";"POLYGON((52.362636 4.924447,52.363876 4.930467,52.362674 4.930517,52.361778 4.930512,52.360725 4.926145,52.361263 4.925806,52.361675 4.925508,52.361804 4.924873,52.362636 4.924447))";4.927487;52.3622935;
49;"Indische buurt";"Mogelijk";"POLYGON((4.940539 52.365141,4.942123 52.365154,4.942195 52.365146,4.942191 52.364906,4.940551 52.364881,4.940539 52.365141))";"POLYGON((52.365141 4.940539,52.365154 4.942123,52.365146 4.942195,52.364906 4.942191,52.364881 4.940551,52.365141 4.940539))";4.941372;52.3650105;
50;"Indische buurt";"Mogelijk";"POLYGON((4.935129 52.365099,4.935154 52.364803,4.935282 52.364321,4.933101 52.364246,4.931156 52.364073,4.931181 52.364407,4.931343 52.365058,4.935129 52.365099))";"POLYGON((52.365099 4.935129,52.364803 4.935154,52.364321 4.935282,52.364246 4.933101,52.364073 4.931156,52.364407 4.931181,52.365058 4.931343,52.365099 4.935129))";4.933224;52.364579;
51;"Indische buurt";"Mogelijk";"POLYGON((4.931394 52.362764,4.931955 52.362879,4.932338 52.361772,4.933305 52.360961,4.934652 52.36091,4.936033 52.360479,4.936906 52.359801,4.938453 52.359101,4.936278 52.358311,4.935035 52.358856,4.932848 52.360132,4.931748 52.361364,4.931512 52.362483,4.931502 52.362552,4.931499 52.362548,4.931422 52.36261,4.931394 52.362764))";"POLYGON((52.362764 4.931394,52.362879 4.931955,52.361772 4.932338,52.360961 4.933305,52.36091 4.934652,52.360479 4.936033,52.359801 4.936906,52.359101 4.938453,52.358311 4.936278,52.358856 4.935035,52.360132 4.932848,52.361364 4.931748,52.362483 4.931512,52.362552 4.931502,52.362548 4.931499,52.36261 4.931422,52.362764 4.931394))";4.9349285;52.360588;
52;"Jordaan";"Mogelijk";"POLYGON((4.876579 52.372594,4.879847 52.373409,4.879976 52.373202,4.880085 52.372989,4.876443 52.372112,4.876488 52.372351,4.876579 52.372594))";"POLYGON((52.372594 4.876579,52.373409 4.879847,52.373202 4.879976,52.372989 4.880085,52.372112 4.876443,52.372351 4.876488,52.372594 4.876579))";4.878269;52.3727535;
53;"Jordaan";"Mogelijk";"POLYGON((4.88517 52.377274,4.878099 52.375783,4.878376 52.376217,4.885469 52.37773,4.885578 52.377705,4.88517 52.377274))";"POLYGON((52.377274 4.88517,52.375783 4.878099,52.376217 4.878376,52.37773 4.885469,52.377705 4.885578,52.377274 4.88517))";4.8818435;52.3767495;
54;"Oostzanerwerf";"Mogelijk";"POLYGON((4.884361 52.420635,4.884434 52.42068,4.884727 52.420912,4.887752 52.421304,4.887906 52.418692,4.892846 52.418746,4.89315 52.418471,4.893964 52.417972,4.894364 52.417706,4.894517 52.417448,4.894553 52.41672,4.894484 52.416677,4.892626 52.416452,4.890959 52.416228,4.88817 52.415907,4.887801 52.415929,4.887444 52.416038,4.887099 52.416254,4.886111 52.417655,4.885207 52.41899,4.884955 52.419466,4.884361 52.420635))";"POLYGON((52.420635 4.884361,52.42068 4.884434,52.420912 4.884727,52.421304 4.887752,52.418692 4.887906,52.418746 4.892846,52.418471 4.89315,52.417972 4.893964,52.417706 4.894364,52.417448 4.894517,52.41672 4.894553,52.416677 4.894484,52.416452 4.892626,52.416228 4.890959,52.415907 4.88817,52.415929 4.887801,52.416038 4.887444,52.416254 4.887099,52.417655 4.886111,52.41899 4.885207,52.419466 4.884955,52.420635 4.884361))";4.889462;52.4185985;
55;"Zonneplein";"Mogelijk";"POLYGON((4.876165 52.416197,4.875469 52.416523,4.875749 52.416963,4.87604 52.417209,4.876122 52.417289,4.878086 52.418804,4.880514 52.417657,4.879544 52.416875,4.877977 52.417602,4.876165 52.416197))";"POLYGON((52.416197 4.876165,52.416523 4.875469,52.416963 4.875749,52.417209 4.87604,52.417289 4.876122,52.418804 4.878086,52.417657 4.880514,52.416875 4.879544,52.417602 4.877977,52.416197 4.876165))";4.8779965;52.4174935;
56;"Overtoom";"Mogelijk";"POLYGON((4.856814 52.36037,4.857805 52.361666,4.858992 52.361932,4.859599 52.361017,4.856814 52.36037))";"POLYGON((52.36037 4.856814,52.361666 4.857805,52.361932 4.858992,52.361017 4.859599,52.36037 4.856814))";4.8582115;52.361144;
57;"Overtoom";"Mogelijk";"POLYGON((4.863785 52.363067,4.86445 52.363226,4.86502 52.363386,4.866714 52.363792,4.867179 52.3631,4.864225 52.362388,4.863785 52.363067))";"POLYGON((52.363067 4.863785,52.363226 4.86445,52.363386 4.86502,52.363792 4.866714,52.3631 4.867179,52.362388 4.864225,52.363067 4.863785))";4.865487;52.363083;
58;"Overtoom";"Mogelijk";"POLYGON((4.856814 52.36037,4.857929 52.360064,4.856673 52.358457,4.856399 52.35801,4.855457 52.357761,4.854846 52.357907,4.856332 52.359738,4.856814 52.36037))";"POLYGON((52.36037 4.856814,52.360064 4.857929,52.358457 4.856673,52.35801 4.856399,52.357761 4.855457,52.357907 4.854846,52.359738 4.856332,52.36037 4.856814))";4.8563925;52.3590585;
59;"Kwakerplein";"Mogelijk";"POLYGON((4.85899 52.363311,4.861196 52.363847,4.869793 52.365944,4.870649 52.364756,4.86866 52.364278,4.867682 52.364024,4.866714 52.363792,4.86502 52.363386,4.86445 52.363226,4.863785 52.363067,4.859384 52.36202,4.858992 52.361932,4.857805 52.361666,4.857482 52.361594,4.85899 52.363311))";"POLYGON((52.363311 4.85899,52.363847 4.861196,52.365944 4.869793,52.364756 4.870649,52.364278 4.86866,52.364024 4.867682,52.363792 4.866714,52.363386 4.86502,52.363226 4.86445,52.363067 4.863785,52.36202 4.859384,52.361932 4.858992,52.361666 4.857805,52.361594 4.857482,52.363311 4.85899))";4.8640705;52.363762;
60;"Kwakerplein";"Mogelijk";"POLYGON((4.866622 52.369896,4.86716 52.369001,4.86693 52.36894,4.865726 52.368661,4.865266 52.368562,4.864948 52.369161,4.864902 52.369248,4.866461 52.369576,4.866342 52.36986,4.866622 52.369896))";"POLYGON((52.369896 4.866622,52.369001 4.86716,52.36894 4.86693,52.368661 4.865726,52.368562 4.865266,52.369161 4.864948,52.369248 4.864902,52.369576 4.866461,52.36986 4.866342,52.369896 4.866622))";4.866036;52.369222;
61;"Westerpark  (Fannius Scholten)";"Mogelijk";"POLYGON((4.880217 52.384604,4.880561 52.384473,4.880868 52.384178,4.879453 52.383224,4.878674 52.383661,4.880217 52.384604))";"POLYGON((52.384604 4.880217,52.384473 4.880561,52.384178 4.880868,52.383224 4.879453,52.383661 4.878674,52.384604 4.880217))";4.879776;52.383907;
62;"Bos en Lommerplein eo";"Mogelijk";"POLYGON((4.851531 52.384986,4.851617 52.383555,4.850301 52.382381,4.84551 52.384418,4.845504 52.384878,4.851531 52.384986))";"POLYGON((52.384986 4.851531,52.383555 4.851617,52.382381 4.850301,52.384418 4.84551,52.384878 4.845504,52.384986 4.851531))";4.8485655;52.3836765;
63;"Bos en Lommerplein eo";"Mogelijk";"POLYGON((4.845795 52.377505,4.851956 52.37875,4.852322 52.378063,4.855691 52.378723,4.855866 52.378381,4.855265 52.378286,4.855726 52.37684,4.853535 52.3765,4.848144 52.37561,4.846871 52.375402,4.845795 52.377505))";"POLYGON((52.377505 4.845795,52.37875 4.851956,52.378063 4.852322,52.378723 4.855691,52.378381 4.855866,52.378286 4.855265,52.37684 4.855726,52.3765 4.853535,52.37561 4.848144,52.375402 4.846871,52.377505 4.845795))";4.8508355;52.377069;
64;"Bos en Lommerplein eo";"Mogelijk";"POLYGON((4.843614 52.381731,4.843838 52.379492,4.842853 52.379505,4.841724 52.3797,4.841569 52.381669,4.843614 52.381731))";"POLYGON((52.381731 4.843614,52.379492 4.843838,52.379505 4.842853,52.3797 4.841724,52.381669 4.841569,52.381731 4.843614))";4.8427085;52.3806045;
65;"Geuzeveld";"Mogelijk";"POLYGON((4.798575 52.377668,4.798257 52.376512,4.795927 52.376791,4.796255 52.377977,4.798575 52.377668))";"POLYGON((52.377668 4.798575,52.376512 4.798257,52.376791 4.795927,52.377977 4.796255,52.377668 4.798575))";4.797256;52.3772375;
66;"Geuzeveld";"Mogelijk";"POLYGON((4.797939 52.374217,4.796865 52.374188,4.796854 52.375011,4.797929 52.375017,4.797939 52.374217))";"POLYGON((52.374217 4.797939,52.374188 4.796865,52.375011 4.796854,52.375017 4.797929,52.374217 4.797939))";4.7974015;52.3745955;
67;"Geuzeveld";"Mogelijk";"POLYGON((4.803392 52.374573,4.801624 52.374565,4.801611 52.375552,4.803379 52.375561,4.803392 52.374573))";"POLYGON((52.374573 4.803392,52.374565 4.801624,52.375552 4.801611,52.375561 4.803379,52.374573 4.803392))";4.8025065;52.375056;
68;"Geuzeveld";"Mogelijk";"POLYGON((4.807509 52.378109,4.806927 52.375668,4.805384 52.375802,4.80599 52.37825,4.807509 52.378109))";"POLYGON((52.378109 4.807509,52.375668 4.806927,52.375802 4.805384,52.37825 4.80599,52.378109 4.807509))";4.8064515;52.376952;
69;"Geuzeveld";"Mogelijk";"POLYGON((4.808146 52.381228,4.805187 52.381213,4.805178 52.381942,4.798568 52.381957,4.798504 52.383767,4.801079 52.38378,4.801075 52.384062,4.80807 52.384167,4.808146 52.381228))";"POLYGON((52.381228 4.808146,52.381213 4.805187,52.381942 4.805178,52.381957 4.798568,52.383767 4.798504,52.38378 4.801079,52.384062 4.801075,52.384167 4.80807,52.381228 4.808146))";4.80333;52.382683;
70;"Geuzeveld";"Mogelijk";"POLYGON((4.813222 52.377937,4.811185 52.377927,4.81117 52.379126,4.813207 52.379136,4.813222 52.377937))";"POLYGON((52.377937 4.813222,52.377927 4.811185,52.379126 4.81117,52.379136 4.813207,52.377937 4.813222))";4.812201;52.3785245;
71;"Lutkemeer";"Mogelijk";"POLYGON((4.789632 52.378275,4.789485 52.383075,4.793365 52.383094,4.793429 52.379502,4.793011 52.378292,4.789632 52.378275))";"POLYGON((52.378275 4.789632,52.383075 4.789485,52.383094 4.793365,52.379502 4.793429,52.378292 4.793011,52.378275 4.789632))";4.791462;52.3806775;
72;"Geuzeveld";"Mogelijk";"POLYGON((4.831054 52.372628,4.830061 52.372115,4.827422 52.374209,4.828402 52.374636,4.831054 52.372628))";"POLYGON((52.372628 4.831054,52.372115 4.830061,52.374209 4.827422,52.374636 4.828402,52.372628 4.831054))";4.829243;52.3733685;
73;"Geuzeveld";"Mogelijk";"POLYGON((4.822518 52.374526,4.821487 52.371773,4.816859 52.372415,4.817983 52.37518,4.818398 52.376372,4.820234 52.376117,4.81982 52.374902,4.822518 52.374526))";"POLYGON((52.374526 4.822518,52.371773 4.821487,52.372415 4.816859,52.37518 4.817983,52.376372 4.818398,52.376117 4.820234,52.374902 4.81982,52.374526 4.822518))";4.8196935;52.3740655;
74;"Geuzeveld";"Mogelijk";"POLYGON((4.816665 52.380279,4.814963 52.38027,4.814927 52.38161,4.816592 52.381641,4.816665 52.380279))";"POLYGON((52.380279 4.816665,52.38027 4.814963,52.38161 4.814927,52.381641 4.816592,52.380279 4.816665))";4.815801;52.3809485;
75;"Geuzeveld";"Mogelijk";"POLYGON((4.823035 52.382438,4.822218 52.380558,4.820381 52.380847,4.821145 52.382579,4.821422 52.382877,4.82303 52.382885,4.823035 52.382438))";"POLYGON((52.382438 4.823035,52.380558 4.822218,52.380847 4.820381,52.382579 4.821145,52.382877 4.821422,52.382885 4.82303,52.382438 4.823035))";4.821713;52.3817145;
76;"Geuzeveld";"Mogelijk";"POLYGON((4.83138 52.380899,4.830835 52.379556,4.826393 52.380233,4.827099 52.38216,4.82813 52.381925,4.82793 52.381454,4.83138 52.380899))";"POLYGON((52.380899 4.83138,52.379556 4.830835,52.380233 4.826393,52.38216 4.827099,52.381925 4.82813,52.381454 4.82793,52.380899 4.83138))";4.8288915;52.380851;
77;"Geuzeveld";"Mogelijk";"POLYGON((4.833814 52.383646,4.836121 52.383244,4.837804 52.383252,4.837706 52.38213,4.836999 52.381851,4.833324 52.382407,4.831601 52.382594,4.82728 52.382538,4.827212 52.3835,4.833814 52.383646))";"POLYGON((52.383646 4.833814,52.383244 4.836121,52.383252 4.837804,52.38213 4.837706,52.381851 4.836999,52.382407 4.833324,52.382594 4.831601,52.382538 4.82728,52.3835 4.827212,52.383646 4.833814))";4.832513;52.3827415;
78;"Sloterbinnen";"Mogelijk";"POLYGON((4.795922 52.341847,4.798292 52.341948,4.799545 52.341874,4.799277 52.341177,4.797139 52.341168,4.79596 52.341197,4.795922 52.341847))";"POLYGON((52.341847 4.795922,52.341948 4.798292,52.341874 4.799545,52.341177 4.799277,52.341168 4.797139,52.341197 4.79596,52.341847 4.795922))";4.7977385;52.341551;
79;"Sloterbinnen";"Mogelijk";"POLYGON((4.823279 52.342285,4.823188 52.344056,4.828663 52.344177,4.828707 52.342121,4.826811 52.342185,4.826306 52.342584,4.82409 52.342246,4.823625 52.342202,4.823279 52.342285))";"POLYGON((52.342285 4.823279,52.344056 4.823188,52.344177 4.828663,52.342121 4.828707,52.342185 4.826811,52.342584 4.826306,52.342246 4.82409,52.342202 4.823625,52.342285 4.823279))";4.8259525;52.343142;
80;"Sloterbinnen";"Mogelijk";"POLYGON((4.842814 52.352964,4.842889 52.351989,4.840973 52.352041,4.841131 52.351851,4.84548 52.351776,4.845489 52.351582,4.845748 52.348948,4.845677 52.347451,4.845693 52.347116,4.845704 52.346212,4.844309 52.345874,4.841279 52.345954,4.838749 52.345942,4.838736 52.347008,4.840859 52.350804,4.840573 52.35172,4.840471 52.352932,4.842814 52.352964))";"POLYGON((52.352964 4.842814,52.351989 4.842889,52.352041 4.840973,52.351851 4.841131,52.351776 4.84548,52.351582 4.845489,52.348948 4.845748,52.347451 4.845677,52.347116 4.845693,52.346212 4.845704,52.345874 4.844309,52.345954 4.841279,52.345942 4.838749,52.347008 4.838736,52.350804 4.840859,52.35172 4.840573,52.352932 4.840471,52.352964 4.842814))";4.842247;52.349412;
81;"Sloterbinnen";"Mogelijk";"POLYGON((4.838065 52.368945,4.844059 52.368972,4.84416 52.365035,4.836557 52.364979,4.836495 52.367151,4.838065 52.368945))";"POLYGON((52.368945 4.838065,52.368972 4.844059,52.365035 4.84416,52.364979 4.836557,52.367151 4.836495,52.368945 4.838065))";4.8403325;52.3669685;
82;"Sloterbinnen";"Mogelijk";"POLYGON((4.842379 52.356602,4.834818 52.356549,4.834601 52.363386,4.844215 52.36343,4.844287 52.360317,4.843688 52.359372,4.842237 52.359387,4.842379 52.356602))";"POLYGON((52.356602 4.842379,52.356549 4.834818,52.363386 4.834601,52.36343 4.844215,52.360317 4.844287,52.359372 4.843688,52.359387 4.842237,52.356602 4.842379))";4.839449;52.3599825;
83;"Sloterbinnen";"Mogelijk";"POLYGON((4.826353 52.363515,4.828565 52.363526,4.828595 52.362131,4.827166 52.361356,4.82584 52.36135,4.825789 52.363152,4.826353 52.363515))";"POLYGON((52.363515 4.826353,52.363526 4.828565,52.362131 4.828595,52.361356 4.827166,52.36135 4.82584,52.363152 4.825789,52.363515 4.826353))";4.827197;52.362431;
84;"Sloterbinnen";"Mogelijk";"POLYGON((4.8268 52.364176,4.82678 52.365716,4.828185 52.367373,4.831841 52.367406,4.832826 52.366354,4.832865 52.364236,4.8268 52.364176))";"POLYGON((52.364176 4.8268,52.365716 4.82678,52.367373 4.828185,52.367406 4.831841,52.366354 4.832826,52.364236 4.832865,52.364176 4.8268))";4.8298275;52.365784;
85;"Sloterbinnen";"Mogelijk";"POLYGON((4.832515 52.359747,4.828871 52.359731,4.828853 52.361177,4.832454 52.361211,4.832515 52.359747))";"POLYGON((52.359747 4.832515,52.359731 4.828871,52.361177 4.828853,52.361211 4.832454,52.359747 4.832515))";4.830689;52.360464;
86;"Sloterbinnen";"Mogelijk";"POLYGON((4.828258 52.355075,4.828125 52.354493,4.826535 52.354468,4.824881 52.356161,4.825388 52.356924,4.826645 52.35693,4.828258 52.355075))";"POLYGON((52.355075 4.828258,52.354493 4.828125,52.354468 4.826535,52.356161 4.824881,52.356924 4.825388,52.35693 4.826645,52.355075 4.828258))";4.8265745;52.355692;
87;"Sloterbinnen";"Mogelijk";"POLYGON((4.83224 52.351454,4.832266 52.349336,4.829193 52.349299,4.829202 52.348599,4.824345 52.348554,4.824305 52.350324,4.828333 52.350376,4.828302 52.351435,4.83224 52.351454))";"POLYGON((52.351454 4.83224,52.349336 4.832266,52.349299 4.829193,52.348599 4.829202,52.348554 4.824345,52.350324 4.824305,52.350376 4.828333,52.351435 4.828302,52.351454 4.83224))";4.8282905;52.349997;
88;"Sloterbinnen";"Mogelijk";"POLYGON((4.811552 52.346224,4.809358 52.345812,4.807957 52.348467,4.810305 52.348931,4.810621 52.348307,4.817984 52.34833,4.818028 52.346278,4.811552 52.346224))";"POLYGON((52.346224 4.811552,52.345812 4.809358,52.348467 4.807957,52.348931 4.810305,52.348307 4.810621,52.34833 4.817984,52.346278 4.818028,52.346224 4.811552))";4.8129975;52.3473645;
89;"Geuzeveld";"Mogelijk";"POLYGON((4.810922 52.361227,4.809664 52.361003,4.809189 52.361011,4.808656 52.361171,4.808308 52.3612,4.807909 52.361147,4.802089 52.359968,4.799243 52.365293,4.80373 52.366167,4.807276 52.366875,4.808433 52.365779,4.807952 52.365628,4.809085 52.363427,4.810104 52.363147,4.810922 52.361227))";"POLYGON((52.361227 4.810922,52.361003 4.809664,52.361011 4.809189,52.361171 4.808656,52.3612 4.808308,52.361147 4.807909,52.359968 4.802089,52.365293 4.799243,52.366167 4.80373,52.366875 4.807276,52.365779 4.808433,52.365628 4.807952,52.363427 4.809085,52.363147 4.810104,52.361227 4.810922))";4.8050875;52.3634145;
90;"Sloterbinnen";"Mogelijk";"POLYGON((4.817894 52.352977,4.817994 52.351864,4.814374 52.351811,4.813924 52.351809,4.81369 52.351853,4.813528 52.351968,4.813425 52.352109,4.812163 52.351854,4.810463 52.355034,4.816295 52.356211,4.817894 52.352977))";"POLYGON((52.352977 4.817894,52.351864 4.817994,52.351811 4.814374,52.351809 4.813924,52.351853 4.81369,52.351968 4.813528,52.352109 4.813425,52.351854 4.812163,52.355034 4.810463,52.356211 4.816295,52.352977 4.817894))";4.8142335;52.354003;
91;"Sloterbinnen";"Mogelijk";"POLYGON((4.803633 52.350144,4.800205 52.356703,4.804028 52.357417,4.806176 52.353307,4.807421 52.353573,4.808699 52.351191,4.803633 52.350144))";"POLYGON((52.350144 4.803633,52.356703 4.800205,52.357417 4.804028,52.353307 4.806176,52.353573 4.807421,52.351191 4.808699,52.350144 4.803633))";4.804457;52.3537735;
92;"Lutkemeer";"Mogelijk";"POLYGON((4.775851 52.347636,4.780141 52.351585,4.781178 52.351197,4.781628 52.35101,4.777337 52.347033,4.775851 52.347636))";"POLYGON((52.347636 4.775851,52.351585 4.780141,52.351197 4.781178,52.35101 4.781628,52.347033 4.777337,52.347636 4.775851))";4.7787445;52.349302;
93;"Sloterbinnen";"Mogelijk";"POLYGON((4.793221 52.351345,4.79767 52.352218,4.798874 52.349971,4.796557 52.349519,4.794424 52.349107,4.793221 52.351345))";"POLYGON((52.351345 4.793221,52.352218 4.79767,52.349971 4.798874,52.349519 4.796557,52.349107 4.794424,52.351345 4.793221))";4.7960525;52.3506555;
94;"Sloterbinnen";"Mogelijk";"POLYGON((4.791919 52.358049,4.794957 52.3586,4.797195 52.354273,4.794137 52.353674,4.791919 52.358049))";"POLYGON((52.358049 4.791919,52.3586 4.794957,52.354273 4.797195,52.353674 4.794137,52.358049 4.791919))";4.794562;52.35613;
95;"Lutkemeer";"Mogelijk";"POLYGON((4.784015 52.353863,4.782251 52.354625,4.781604 52.354899,4.778746 52.352146,4.774169 52.353992,4.777294 52.356992,4.778145 52.357258,4.78058 52.359494,4.782649 52.35872,4.782961 52.358674,4.786873 52.359455,4.79034 52.352933,4.788866 52.352711,4.787934 52.352718,4.786884 52.352856,4.786046 52.353101,4.784015 52.353863))";"POLYGON((52.353863 4.784015,52.354625 4.782251,52.354899 4.781604,52.352146 4.778746,52.353992 4.774169,52.356992 4.777294,52.357258 4.778145,52.359494 4.78058,52.35872 4.782649,52.358674 4.782961,52.359455 4.786873,52.352933 4.79034,52.352711 4.788866,52.352718 4.787934,52.352856 4.786884,52.353101 4.786046,52.353863 4.784015))";4.7822595;52.355813;
96;"Simon Stevinstraat eo";"Mogelijk";"POLYGON((4.920317 52.350962,4.921147 52.351454,4.92206 52.351876,4.92367 52.350838,4.922005 52.349848,4.921285 52.350347,4.920317 52.350962))";"POLYGON((52.350962 4.920317,52.351454 4.921147,52.351876 4.92206,52.350838 4.92367,52.349848 4.922005,52.350347 4.921285,52.350962 4.920317))";4.9219985;52.350855;
97;"Fahrenheitstraat/ Maxwellstraat";"Mogelijk";"POLYGON((4.930459 52.344044,4.929331 52.343332,4.928103 52.342595,4.926181 52.343698,4.925879 52.34388,4.928314 52.345316,4.930459 52.344044))";"POLYGON((52.344044 4.930459,52.343332 4.929331,52.342595 4.928103,52.343698 4.926181,52.34388 4.925879,52.345316 4.928314,52.344044 4.930459))";4.928174;52.3439485;
98;"Fahrenheitstraat/ Maxwellstraat";"Mogelijk";"POLYGON((4.928619 52.34719,4.929906 52.347919,4.931002 52.34719,4.932108 52.347814,4.930953 52.348513,4.931444 52.34879,4.932486 52.34938,4.93361 52.348614,4.93503 52.349418,4.933854 52.350156,4.935194 52.350914,4.935231 52.350892,4.935272 52.350915,4.94039 52.347772,4.933984 52.343883,4.928619 52.34719),(4.933276 52.345116,4.9349 52.346073,4.933696 52.34685,4.931993 52.345904,4.933276 52.345116))";"POLYGON((52.34719 4.928619,52.347919 4.929906,52.34719 4.931002,52.347814 4.932108,52.348513 4.930953,52.34879 4.931444,52.34938 4.932486,52.348614 4.93361,52.349418 4.93503,52.350156 4.933854,52.350914 4.935194,52.350892 4.935231,52.350915 4.935272,52.347772 4.94039,52.343883 4.933984,52.34719 4.928619),(52.345116 4.933276,52.346073 4.9349,52.34685 4.933696,52.345904 4.931993,52.345116 4.933276))";4.9345095;52.347392;
99;"Galileiplantsoen eo";"Mogelijk";"POLYGON((4.939364 52.356134,4.937791 52.355173,4.936473 52.354412,4.93418 52.355912,4.936755 52.357237,4.939364 52.356134))";"POLYGON((52.356134 4.939364,52.355173 4.937791,52.354412 4.936473,52.355912 4.93418,52.357237 4.936755,52.356134 4.939364))";4.936777;52.3558175;
100;"Galileiplantsoen eo";"Mogelijk";"POLYGON((4.944843 52.353799,4.946163 52.353203,4.947805 52.352147,4.941629 52.348464,4.938821 52.350307,4.943766 52.353183,4.944843 52.353799))";"POLYGON((52.353799 4.944843,52.353203 4.946163,52.352147 4.947805,52.348464 4.941629,52.350307 4.938821,52.353183 4.943766,52.353799 4.944843))";4.943318;52.3511245;
101;"Amsterdamse Poort";"Mogelijk";"POLYGON((4.957157 52.303838,4.947676 52.315319,4.94973 52.316016,4.951771 52.316781,4.951766 52.317304,4.951975 52.317802,4.954232 52.318307,4.954526 52.318884,4.955295 52.318678,4.956195 52.31834,4.95692 52.318369,4.957305 52.318214,4.958127 52.317171,4.958989 52.316232,4.959591 52.315737,4.959891 52.315608,4.960829 52.31569,4.960792 52.315166,4.960245 52.31438,4.958671 52.313747,4.961779 52.31007,4.964713 52.30668,4.963778 52.306311,4.962324 52.306671,4.961004 52.306275,4.957477 52.304849,4.957157 52.303838))";"POLYGON((52.303838 4.957157,52.315319 4.947676,52.316016 4.94973,52.316781 4.951771,52.317304 4.951766,52.317802 4.951975,52.318307 4.954232,52.318884 4.954526,52.318678 4.955295,52.31834 4.956195,52.318369 4.95692,52.318214 4.957305,52.317171 4.958127,52.316232 4.958989,52.315737 4.959591,52.315608 4.959891,52.31569 4.960829,52.315166 4.960792,52.31438 4.960245,52.313747 4.958671,52.31007 4.961779,52.30668 4.964713,52.306311 4.963778,52.306671 4.962324,52.306275 4.961004,52.304849 4.957477,52.303838 4.957157))";4.9561995;52.311354;
102;"G-buurt";"Mogelijk";"POLYGON((4.97177 52.325335,4.973071 52.325872,4.973854 52.325875,4.974805 52.326625,4.976194 52.327057,4.976536 52.327751,4.978098 52.328343,4.979051 52.32888,4.981134 52.329581,4.981839 52.32873,4.985523 52.325702,4.987102 52.324374,4.984933 52.323459,4.982853 52.322491,4.983642 52.321854,4.983292 52.321699,4.981822 52.321048,4.980958 52.320298,4.980176 52.320082,4.978518 52.320503,4.978169 52.320662,4.977218 52.319965,4.97687 52.319803,4.97177 52.325335))";"POLYGON((52.325335 4.97177,52.325872 4.973071,52.325875 4.973854,52.326625 4.974805,52.327057 4.976194,52.327751 4.976536,52.328343 4.978098,52.32888 4.979051,52.329581 4.981134,52.32873 4.981839,52.325702 4.985523,52.324374 4.987102,52.323459 4.984933,52.322491 4.982853,52.321854 4.983642,52.321699 4.983292,52.321048 4.981822,52.320298 4.980958,52.320082 4.980176,52.320503 4.978518,52.320662 4.978169,52.319965 4.977218,52.319803 4.97687,52.325335 4.97177))";4.979441;52.324685;
103;"Westerpark  (Fannius Scholten)";"Mogelijk";"POLYGON((4.868073 52.382054,4.870791 52.382468,4.870401 52.383496,4.871998 52.383768,4.871528 52.384819,4.87151 52.385308,4.877853 52.385397,4.87786 52.385166,4.878603 52.385099,4.879516 52.385123,4.879656 52.38494,4.876336 52.382879,4.873486 52.381119,4.873085 52.381346,4.872662 52.382384,4.870912 52.382068,4.87167 52.37964,4.871755 52.379528,4.871181 52.379184,4.87137 52.378796,4.872221 52.37851,4.870326 52.376125,4.869917 52.376234,4.867711 52.382012,4.868073 52.382054))";"POLYGON((52.382054 4.868073,52.382468 4.870791,52.383496 4.870401,52.383768 4.871998,52.384819 4.871528,52.385308 4.87151,52.385397 4.877853,52.385166 4.87786,52.385099 4.878603,52.385123 4.879516,52.38494 4.879656,52.382879 4.876336,52.381119 4.873486,52.381346 4.873085,52.382384 4.872662,52.382068 4.870912,52.37964 4.87167,52.379528 4.871755,52.379184 4.871181,52.378796 4.87137,52.37851 4.872221,52.376125 4.870326,52.376234 4.869917,52.382012 4.867711,52.382054 4.868073))";4.8736885;52.380754;
104;"Brink";"Mogelijk";"POLYGON((4.939412 52.338983,4.944388 52.341895,4.945317 52.343352,4.946594 52.344048,4.951758 52.340799,4.9506 52.340081,4.949749 52.339698,4.941854 52.33729,4.939412 52.338983))";"POLYGON((52.338983 4.939412,52.341895 4.944388,52.343352 4.945317,52.344048 4.946594,52.340799 4.951758,52.340081 4.9506,52.339698 4.949749,52.33729 4.941854,52.338983 4.939412))";4.94559;52.340662;
105;"";"Mogelijk";"POLYGON((4.908016 52.381817,4.909427 52.38281,4.909863 52.383033,4.910479 52.383191,4.911201 52.383241,4.91131 52.383713,4.914529 52.385931,4.914671 52.38627,4.920404 52.388885,4.923766 52.387564,4.92377 52.387181,4.92273 52.386193,4.922445 52.386045,4.921917 52.385933,4.922462 52.384152,4.919506 52.383811,4.918994 52.385414,4.91863 52.385332,4.918153 52.385108,4.917848 52.38491,4.916387 52.383852,4.912718 52.381145,4.912465 52.381144,4.912464 52.381147,4.911207 52.381199,4.911135 52.381208,4.911084 52.381219,4.911033 52.381242,4.910995 52.381268,4.91097 52.381291,4.91095 52.381315,4.910878 52.381614,4.909016 52.381722,4.908684 52.381753,4.908664 52.381664,4.90852 52.381681,4.908181 52.381711,4.908202 52.3818,4.908016 52.381817))";"POLYGON((52.381817 4.908016,52.38281 4.909427,52.383033 4.909863,52.383191 4.910479,52.383241 4.911201,52.383713 4.91131,52.385931 4.914529,52.38627 4.914671,52.388885 4.920404,52.387564 4.923766,52.387181 4.92377,52.386193 4.92273,52.386045 4.922445,52.385933 4.921917,52.384152 4.922462,52.383811 4.919506,52.385414 4.918994,52.385332 4.91863,52.385108 4.918153,52.38491 4.917848,52.383852 4.916387,52.381145 4.912718,52.381144 4.912465,52.381147 4.912464,52.381199 4.911207,52.381208 4.911135,52.381219 4.911084,52.381242 4.911033,52.381268 4.910995,52.381291 4.91097,52.381315 4.91095,52.381614 4.910878,52.381722 4.909016,52.381753 4.908684,52.381664 4.908664,52.381681 4.90852,52.381711 4.908181,52.3818 4.908202,52.381817 4.908016))";4.915898;52.3850075;
106;"Driemond";"Niet mogelijk";"POLYGON((5.016265 52.306093,5.014777 52.306262,5.014711 52.306256,5.014838 52.30666,5.016309 52.307128,5.016603 52.30715,5.016265 52.306093))";"POLYGON((52.306093 5.016265,52.306262 5.014777,52.306256 5.014711,52.30666 5.014838,52.307128 5.016309,52.30715 5.016603,52.306093 5.016265))";5.015662;52.3066145;
107;"Oostelijk Havengebied";"Niet mogelijk";"POLYGON((4.940992 52.376663,4.94653 52.376862,4.946557 52.376536,4.945971 52.376496,4.941025 52.376329,4.940992 52.376663))";"POLYGON((52.376663 4.940992,52.376862 4.94653,52.376536 4.946557,52.376496 4.945971,52.376329 4.941025,52.376663 4.940992))";4.9437795;52.3765885;
108;"Oostelijk Havengebied";"Niet mogelijk";"POLYGON((4.940822 52.367491,4.940822 52.368766,4.946011 52.368785,4.946062 52.36751,4.940822 52.367491))";"POLYGON((52.367491 4.940822,52.368766 4.940822,52.368785 4.946011,52.36751 4.946062,52.367491 4.940822))";4.943447;52.368131;
109;"Oostelijke Eilanden";"Niet mogelijk";"POLYGON((4.926043 52.368531,4.928884 52.3703,4.929786 52.369774,4.930319 52.370111,4.931199 52.369594,4.930134 52.369075,4.928951 52.368351,4.927245 52.367805,4.926043 52.368531))";"POLYGON((52.368531 4.926043,52.3703 4.928884,52.369774 4.929786,52.370111 4.930319,52.369594 4.931199,52.369075 4.930134,52.368351 4.928951,52.367805 4.927245,52.368531 4.926043))";4.928626;52.3690455;
110;"Plantage";"Niet mogelijk";"POLYGON((4.912807 52.367936,4.913153 52.36829,4.921202 52.365518,4.921061 52.365356,4.920866 52.365199,4.912807 52.367936))";"POLYGON((52.367936 4.912807,52.36829 4.913153,52.365518 4.921202,52.365356 4.921061,52.365199 4.920866,52.367936 4.912807))";4.9170095;52.3667375;
111;"Plantage";"Niet mogelijk";"POLYGON((4.910332 52.368561,4.91298 52.367672,4.91203 52.366618,4.917582 52.364714,4.917125 52.364222,4.916685 52.364013,4.908657 52.366669,4.910332 52.368561))";"POLYGON((52.368561 4.910332,52.367672 4.91298,52.366618 4.91203,52.364714 4.917582,52.364222 4.917125,52.364013 4.916685,52.366669 4.908657,52.368561 4.910332))";4.9131245;52.36628;
112;"Grachtengordel";"Niet mogelijk";"POLYGON((4.900522 52.361501,4.901218 52.359899,4.899151 52.360712,4.895714 52.35996,4.891126 52.360415,4.891312 52.360999,4.896129 52.360436,4.896104 52.360651,4.900522 52.361501))";"POLYGON((52.361501 4.900522,52.359899 4.901218,52.360712 4.899151,52.35996 4.895714,52.360415 4.891126,52.360999 4.891312,52.360436 4.896129,52.360651 4.896104,52.361501 4.900522))";4.896177;52.360693;
113;"Grachtengordel";"Niet mogelijk";"POLYGON((4.892764 52.364231,4.892942 52.364775,4.894304 52.364615,4.894143 52.364045,4.892764 52.364231))";"POLYGON((52.364231 4.892764,52.364775 4.892942,52.364615 4.894304,52.364045 4.894143,52.364231 4.892764))";4.893539;52.364403;
114;"Westelijke Eilanden";"Niet mogelijk";"POLYGON((4.896669 52.381792,4.896121 52.381406,4.895577 52.381927,4.895963 52.382164,4.896669 52.381792))";"POLYGON((52.381792 4.896669,52.381406 4.896121,52.381927 4.895577,52.382164 4.895963,52.381792 4.896669))";4.896128;52.381778;
115;"Westelijke Eilanden";"Niet mogelijk";"POLYGON((4.885478 52.382187,4.88338 52.383347,4.883091 52.38349,4.882942 52.383758,4.882856 52.383873,4.882525 52.383999,4.882187 52.384226,4.882141 52.384385,4.882388 52.384939,4.882461 52.385233,4.883411 52.386465,4.883534 52.386673,4.884616 52.386384,4.884138 52.385697,4.883083 52.3844,4.884497 52.383597,4.886183 52.382648,4.885478 52.382187))";"POLYGON((52.382187 4.885478,52.383347 4.88338,52.38349 4.883091,52.383758 4.882942,52.383873 4.882856,52.383999 4.882525,52.384226 4.882187,52.384385 4.882141,52.384939 4.882388,52.385233 4.882461,52.386465 4.883411,52.386673 4.883534,52.386384 4.884616,52.385697 4.884138,52.3844 4.883083,52.383597 4.884497,52.382648 4.886183,52.382187 4.885478))";4.884167;52.384423;
116;"Spaarndammer- / Zeeheldenbuurt";"Niet mogelijk";"POLYGON((4.885018 52.38867,4.885368 52.388605,4.885961 52.388679,4.885782 52.388158,4.884866 52.388343,4.885018 52.38867))";"POLYGON((52.38867 4.885018,52.388605 4.885368,52.388679 4.885961,52.388158 4.885782,52.388343 4.884866,52.38867 4.885018))";4.8854185;52.3884115;
117;"Spaarndammer- / Zeeheldenbuurt";"Niet mogelijk";"POLYGON((4.872769 52.392838,4.872736 52.392387,4.876123 52.392322,4.877637 52.390459,4.876883 52.39024,4.878947 52.387788,4.878751 52.387684,4.876311 52.388634,4.87149 52.39075,4.871349 52.391104,4.870769 52.392379,4.870942 52.392911,4.872769 52.392838))";"POLYGON((52.392838 4.872769,52.392387 4.872736,52.392322 4.876123,52.390459 4.877637,52.39024 4.876883,52.387788 4.878947,52.387684 4.878751,52.388634 4.876311,52.39075 4.87149,52.391104 4.871349,52.392379 4.870769,52.392911 4.870942,52.392838 4.872769))";4.874863;52.3902905;
118;"Pekbuurt";"Niet mogelijk";"POLYGON((4.909638 52.399323,4.909946 52.400524,4.910199 52.400539,4.91129 52.400588,4.912148 52.399808,4.91438 52.400183,4.915179 52.399975,4.915411 52.399994,4.916007 52.400177,4.916321 52.400178,4.917888 52.399863,4.91947 52.399221,4.916991 52.398422,4.914119 52.396746,4.913798 52.397295,4.913438 52.397743,4.913013 52.398203,4.912675 52.398484,4.911662 52.399095,4.911489 52.399633,4.909638 52.399323))";"POLYGON((52.399323 4.909638,52.400524 4.909946,52.400539 4.910199,52.400588 4.91129,52.399808 4.912148,52.400183 4.91438,52.399975 4.915179,52.399994 4.915411,52.400177 4.916007,52.400178 4.916321,52.399863 4.917888,52.399221 4.91947,52.398422 4.916991,52.396746 4.914119,52.397295 4.913798,52.397743 4.913438,52.398203 4.913013,52.398484 4.912675,52.399095 4.911662,52.399633 4.911489,52.399323 4.909638))";4.914559;52.39866;
119;"Pekbuurt";"Niet mogelijk";"POLYGON((4.907046 52.391386,4.907738 52.391035,4.908416 52.390806,4.909231 52.390678,4.910586 52.390738,4.912493 52.391309,4.915419 52.390186,4.916206 52.389747,4.914002 52.388662,4.913927 52.38814,4.913213 52.38828,4.912923 52.388158,4.912798 52.387951,4.910869 52.387265,4.908697 52.386514,4.908484 52.386785,4.908284 52.386962,4.907714 52.386831,4.907492 52.386845,4.907112 52.387507,4.906477 52.388981,4.906284 52.389601,4.906268 52.390135,4.906391 52.390628,4.906609 52.39095,4.906885 52.39123,4.907046 52.391386),(4.909298 52.388546,4.909892 52.388604,4.910175 52.388925,4.910291 52.389342,4.909805 52.389451,4.90934 52.389129,4.909298 52.388546))";"POLYGON((52.391386 4.907046,52.391035 4.907738,52.390806 4.908416,52.390678 4.909231,52.390738 4.910586,52.391309 4.912493,52.390186 4.915419,52.389747 4.916206,52.388662 4.914002,52.38814 4.913927,52.38828 4.913213,52.388158 4.912923,52.387951 4.912798,52.387265 4.910869,52.386514 4.908697,52.386785 4.908484,52.386962 4.908284,52.386831 4.907714,52.386845 4.907492,52.387507 4.907112,52.388981 4.906477,52.389601 4.906284,52.390135 4.906268,52.390628 4.906391,52.39095 4.906609,52.39123 4.906885,52.391386 4.907046),(52.388546 4.909298,52.388604 4.909892,52.388925 4.910175,52.389342 4.910291,52.389451 4.909805,52.389129 4.90934,52.388546 4.909298))";4.911242;52.388943;
120;"Vogelbuurt";"Niet mogelijk";"POLYGON((4.921917 52.385933,4.922445 52.386045,4.92273 52.386193,4.92377 52.387181,4.924397 52.387156,4.924721 52.386801,4.923495 52.385672,4.922457 52.385882,4.921917 52.385933))";"POLYGON((52.385933 4.921917,52.386045 4.922445,52.386193 4.92273,52.387181 4.92377,52.387156 4.924397,52.386801 4.924721,52.385672 4.923495,52.385882 4.922457,52.385933 4.921917))";4.923324;52.3864195;
121;"Kadoelen eo";"Niet mogelijk";"POLYGON((4.900071 52.402441,4.899007 52.402907,4.899637 52.403429,4.900699 52.403023,4.900071 52.402441))";"POLYGON((52.402441 4.900071,52.402907 4.899007,52.403429 4.899637,52.403023 4.900699,52.402441 4.900071))";4.899858;52.402928;
122;"Centrum";"Niet mogelijk";"POLYGON((4.896541 52.368313,4.898757 52.368165,4.89911 52.368098,4.898535 52.367602,4.897772 52.367688,4.89737 52.367708,4.895977 52.367625,4.896056 52.367799,4.896541 52.368313))";"POLYGON((52.368313 4.896541,52.368165 4.898757,52.368098 4.89911,52.367602 4.898535,52.367688 4.897772,52.367708 4.89737,52.367625 4.895977,52.367799 4.896056,52.368313 4.896541))";4.8975485;52.3679505;
123;"Centrum";"Niet mogelijk";"POLYGON((4.889864 52.371609,4.889969 52.372506,4.890775 52.37264,4.890781 52.371685,4.889864 52.371609))";"POLYGON((52.371609 4.889864,52.372506 4.889969,52.37264 4.890775,52.371685 4.890781,52.371609 4.889864))";4.8903275;52.3721175;
124;"Centrum";"Niet mogelijk";"POLYGON((4.899591 52.374704,4.900299 52.375363,4.900888 52.375158,4.900282 52.374464,4.899591 52.374704))";"POLYGON((52.374704 4.899591,52.375363 4.900299,52.375158 4.900888,52.374464 4.900282,52.374704 4.899591))";4.9002445;52.3749065;
125;"Centrum";"Niet mogelijk";"POLYGON((4.891828 52.376135,4.892448 52.376636,4.892832 52.376891,4.89337 52.376785,4.893931 52.376669,4.892917 52.37601,4.892695 52.375859,4.891828 52.376135))";"POLYGON((52.376135 4.891828,52.376636 4.892448,52.376891 4.892832,52.376785 4.89337,52.376669 4.893931,52.37601 4.892917,52.375859 4.892695,52.376135 4.891828))";4.8928845;52.376368;
126;"Buiksloot";"Niet mogelijk";"POLYGON((4.913683 52.403516,4.914235 52.404332,4.91509 52.403919,4.914555 52.403178,4.913683 52.403516))";"POLYGON((52.403516 4.913683,52.404332 4.914235,52.403919 4.91509,52.403178 4.914555,52.403516 4.913683))";4.9143915;52.403748;
127;"Oosterpark";"Niet mogelijk";"POLYGON((4.909034 52.359497,4.907011 52.359087,4.907457 52.358155,4.909559 52.358599,4.910199 52.357504,4.916711 52.359129,4.917893 52.357372,4.92349 52.358874,4.924136 52.357965,4.919135 52.356559,4.91861 52.356406,4.918269 52.356846,4.914909 52.355892,4.915256 52.355386,4.914397 52.355122,4.914578 52.354875,4.914505 52.354792,4.914022 52.354383,4.913796 52.354142,4.913428 52.35367,4.913316 52.353403,4.913401 52.35332,4.914204 52.35316,4.913818 52.352638,4.913841 52.352473,4.913743 52.352305,4.912407 52.353917,4.911142 52.35591,4.913545 52.356442,4.913071 52.357153,4.910902 52.356574,4.907494 52.355704,4.907018 52.356701,4.906629 52.356699,4.906352 52.357531,4.90565 52.35893,4.906793 52.359154,4.907233 52.35936,4.907723 52.359655,4.90818 52.359829,4.908744 52.359993,4.909034 52.359497))";"POLYGON((52.359497 4.909034,52.359087 4.907011,52.358155 4.907457,52.358599 4.909559,52.357504 4.910199,52.359129 4.916711,52.357372 4.917893,52.358874 4.92349,52.357965 4.924136,52.356559 4.919135,52.356406 4.91861,52.356846 4.918269,52.355892 4.914909,52.355386 4.915256,52.355122 4.914397,52.354875 4.914578,52.354792 4.914505,52.354383 4.914022,52.354142 4.913796,52.35367 4.913428,52.353403 4.913316,52.35332 4.913401,52.35316 4.914204,52.352638 4.913818,52.352473 4.913841,52.352305 4.913743,52.353917 4.912407,52.35591 4.911142,52.356442 4.913545,52.357153 4.913071,52.356574 4.910902,52.355704 4.907494,52.356701 4.907018,52.356699 4.906629,52.357531 4.906352,52.35893 4.90565,52.359154 4.906793,52.35936 4.907233,52.359655 4.907723,52.359829 4.90818,52.359993 4.908744,52.359497 4.909034))";4.914898;52.356142;
128;"Buitenveldert";"Niet mogelijk";"POLYGON((4.881414 52.324365,4.881397 52.325256,4.88762 52.325331,4.88763 52.324421,4.881414 52.324365))";"POLYGON((52.324365 4.881414,52.325256 4.881397,52.325331 4.88762,52.324421 4.88763,52.324365 4.881414))";4.8845185;52.324841;
129;"Buitenveldert";"Niet mogelijk";"POLYGON((4.863467 52.331482,4.872071 52.331524,4.872267 52.330704,4.872148 52.329968,4.871136 52.329808,4.863462 52.329788,4.863467 52.331482))";"POLYGON((52.331482 4.863467,52.331524 4.872071,52.330704 4.872267,52.329968 4.872148,52.329808 4.871136,52.329788 4.863462,52.331482 4.863467))";4.8678695;52.330649;
130;"Buitenveldert";"Niet mogelijk";"POLYGON((4.860711 52.324807,4.858324 52.32478,4.85768 52.324681,4.857731 52.32862,4.860681 52.328633,4.860711 52.324807))";"POLYGON((52.324807 4.860711,52.32478 4.858324,52.324681 4.85768,52.32862 4.857731,52.328633 4.860681,52.324807 4.860711))";4.8592005;52.32665;
131;"Rivierenbuurt";"Niet mogelijk";"POLYGON((4.91369 52.342674,4.913323 52.342073,4.912962 52.341664,4.912233 52.341141,4.899265 52.341231,4.896723 52.342189,4.895632 52.343052,4.894913 52.343344,4.894561 52.343618,4.894589 52.344016,4.894664 52.344791,4.897068 52.347289,4.901876 52.347553,4.91059 52.348773,4.91131 52.347516,4.911938 52.346805,4.912739 52.344525,4.913221 52.343053,4.91369 52.342674))";"POLYGON((52.342674 4.91369,52.342073 4.913323,52.341664 4.912962,52.341141 4.912233,52.341231 4.899265,52.342189 4.896723,52.343052 4.895632,52.343344 4.894913,52.343618 4.894561,52.344016 4.894589,52.344791 4.894664,52.347289 4.897068,52.347553 4.901876,52.348773 4.91059,52.347516 4.91131,52.346805 4.911938,52.344525 4.912739,52.343053 4.913221,52.342674 4.91369))";4.9041305;52.34495;
132;"De Pijp";"Niet mogelijk";"POLYGON((4.908162 52.352398,4.907961 52.352355,4.908743 52.351186,4.908963 52.35122,4.909188 52.350868,4.908457 52.350769,4.907386 52.351258,4.906239 52.35199,4.906329 52.352648,4.90684 52.353169,4.907355 52.353316,4.907915 52.352734,4.908162 52.352398))";"POLYGON((52.352398 4.908162,52.352355 4.907961,52.351186 4.908743,52.35122 4.908963,52.350868 4.909188,52.350769 4.908457,52.351258 4.907386,52.35199 4.906239,52.352648 4.906329,52.353169 4.90684,52.353316 4.907355,52.352734 4.907915,52.352398 4.908162))";4.9077185;52.3520355;
133;"De Pijp";"Niet mogelijk";"POLYGON((4.895585 52.349885,4.895983 52.350407,4.896889 52.351014,4.901382 52.351623,4.904341 52.351235,4.904566 52.350607,4.904251 52.350028,4.902934 52.349529,4.901576 52.349014,4.897492 52.349042,4.895585 52.349885),(4.90283 52.34978,4.901297 52.349581,4.901394 52.349316,4.902934 52.349529,4.90283 52.34978))";"POLYGON((52.349885 4.895585,52.350407 4.895983,52.351014 4.896889,52.351623 4.901382,52.351235 4.904341,52.350607 4.904566,52.350028 4.904251,52.349529 4.902934,52.349014 4.901576,52.349042 4.897492,52.349885 4.895585),(52.34978 4.90283,52.349581 4.901297,52.349316 4.901394,52.349529 4.902934,52.34978 4.90283))";4.9000805;52.3503115;
134;"De Pijp";"Niet mogelijk";"POLYGON((4.88689 52.350923,4.886927 52.352845,4.887084 52.353023,4.887153 52.354599,4.887035 52.354758,4.886881 52.356998,4.886971 52.357937,4.890228 52.357729,4.892749 52.35728,4.895988 52.357355,4.898179 52.356779,4.898544 52.356355,4.897899 52.355805,4.895961 52.355814,4.892825 52.355571,4.892998 52.35442,4.89394 52.352857,4.893887 52.35121,4.891687 52.351254,4.88922 52.350907,4.88689 52.350923))";"POLYGON((52.350923 4.88689,52.352845 4.886927,52.353023 4.887084,52.354599 4.887153,52.354758 4.887035,52.356998 4.886881,52.357937 4.886971,52.357729 4.890228,52.35728 4.892749,52.357355 4.895988,52.356779 4.898179,52.356355 4.898544,52.355805 4.897899,52.355814 4.895961,52.355571 4.892825,52.35442 4.892998,52.352857 4.89394,52.35121 4.893887,52.351254 4.891687,52.350907 4.88922,52.350923 4.88689))";4.8927175;52.354415;
135;"Buikslotermeerplein";"Niet mogelijk";"POLYGON((4.93296 52.392961,4.933649 52.392299,4.933399 52.391906,4.932996 52.391876,4.932865 52.392625,4.93296 52.392961))";"POLYGON((52.392961 4.93296,52.392299 4.933649,52.391906 4.933399,52.391876 4.932996,52.392625 4.932865,52.392961 4.93296))";4.933262;52.3924115;
136;"Buikslotermeerplein";"Niet mogelijk";"POLYGON((4.942846 52.390875,4.94309 52.390677,4.946014 52.390392,4.947372 52.389224,4.948138 52.387815,4.95019 52.388251,4.949547 52.389417,4.951211 52.389772,4.951771 52.390637,4.951827 52.390237,4.951383 52.389675,4.95106 52.389114,4.950858 52.388617,4.950552 52.388236,4.950417 52.387876,4.950146 52.387241,4.947734 52.386789,4.945997 52.387934,4.944763 52.388817,4.944484 52.389058,4.943979 52.38951,4.943112 52.389951,4.942417 52.390265,4.942846 52.390875))";"POLYGON((52.390875 4.942846,52.390677 4.94309,52.390392 4.946014,52.389224 4.947372,52.387815 4.948138,52.388251 4.95019,52.389417 4.949547,52.389772 4.951211,52.390637 4.951771,52.390237 4.951827,52.389675 4.951383,52.389114 4.95106,52.388617 4.950858,52.388236 4.950552,52.387876 4.950417,52.387241 4.950146,52.386789 4.947734,52.387934 4.945997,52.388817 4.944763,52.389058 4.944484,52.38951 4.943979,52.389951 4.943112,52.390265 4.942417,52.390875 4.942846))";4.947127;52.388825;
137;"Buikslotermeerplein";"Niet mogelijk";"POLYGON((4.933424 52.401656,4.934886 52.401476,4.93512 52.401638,4.940482 52.399538,4.940749 52.399517,4.942612 52.400025,4.943288 52.400017,4.94484 52.399545,4.944658 52.399378,4.944538 52.399258,4.943309 52.399625,4.942794 52.399612,4.94118 52.399073,4.94079 52.399028,4.94013 52.399123,4.933424 52.401656))";"POLYGON((52.401656 4.933424,52.401476 4.934886,52.401638 4.93512,52.399538 4.940482,52.399517 4.940749,52.400025 4.942612,52.400017 4.943288,52.399545 4.94484,52.399378 4.944658,52.399258 4.944538,52.399625 4.943309,52.399612 4.942794,52.399073 4.94118,52.399028 4.94079,52.399123 4.94013,52.401656 4.933424))";4.939137;52.400335;
138;"Vogelbuurt";"Niet mogelijk";"POLYGON((4.92508 52.388317,4.926624 52.388438,4.927052 52.388384,4.927209 52.388364,4.929181 52.387605,4.928419 52.386837,4.925636 52.387911,4.925578 52.388133,4.92508 52.388317))";"POLYGON((52.388317 4.92508,52.388438 4.926624,52.388384 4.927052,52.388364 4.927209,52.387605 4.929181,52.386837 4.928419,52.387911 4.925636,52.388133 4.925578,52.388317 4.92508))";4.9271355;52.3876305;
139;"Vogelbuurt";"Niet mogelijk";"POLYGON((4.924979 52.389386,4.924969 52.388995,4.924766 52.388406,4.92243 52.389275,4.922048 52.389625,4.924055 52.390537,4.924514 52.39064,4.924915 52.390183,4.924984 52.389531,4.924979 52.389386))";"POLYGON((52.389386 4.924979,52.388995 4.924969,52.388406 4.924766,52.389275 4.92243,52.389625 4.922048,52.390537 4.924055,52.39064 4.924514,52.390183 4.924915,52.389531 4.924984,52.389386 4.924979))";4.923521;52.389516;
140;"Buikslotermeerplein";"Niet mogelijk";"POLYGON((4.924766 52.388406,4.924969 52.388995,4.924979 52.389386,4.9271 52.389259,4.927052 52.388384,4.926624 52.388438,4.92508 52.388317,4.924766 52.388406))";"POLYGON((52.388406 4.924766,52.388995 4.924969,52.389386 4.924979,52.389259 4.9271,52.388384 4.927052,52.388438 4.926624,52.388317 4.92508,52.388406 4.924766))";4.925938;52.3888445;
141;"Buikslotermeerplein";"Niet mogelijk";"POLYGON((4.948 52.399735,4.9499 52.399094,4.948985 52.398004,4.946791 52.398692,4.948 52.399735))";"POLYGON((52.399735 4.948,52.399094 4.9499,52.398004 4.948985,52.398692 4.946791,52.399735 4.948))";4.9483505;52.3988625;
142;"Indische buurt";"Niet mogelijk";"POLYGON((4.931156 52.364073,4.933101 52.364246,4.935282 52.364321,4.935154 52.364803,4.935129 52.365099,4.940539 52.365141,4.940551 52.364881,4.942191 52.364906,4.942195 52.365146,4.944269 52.364887,4.943847 52.363796,4.940473 52.364242,4.939526 52.364505,4.937825 52.364489,4.936734 52.364318,4.936316 52.364326,4.936135 52.363174,4.935395 52.363133,4.934936 52.36254,4.934946 52.361587,4.935159 52.361164,4.936033 52.360479,4.934652 52.36091,4.933305 52.360961,4.932338 52.361772,4.931955 52.362879,4.931394 52.362764,4.931156 52.364073))";"POLYGON((52.364073 4.931156,52.364246 4.933101,52.364321 4.935282,52.364803 4.935154,52.365099 4.935129,52.365141 4.940539,52.364881 4.940551,52.364906 4.942191,52.365146 4.942195,52.364887 4.944269,52.363796 4.943847,52.364242 4.940473,52.364505 4.939526,52.364489 4.937825,52.364318 4.936734,52.364326 4.936316,52.363174 4.936135,52.363133 4.935395,52.36254 4.934936,52.361587 4.934946,52.361164 4.935159,52.360479 4.936033,52.36091 4.934652,52.360961 4.933305,52.361772 4.932338,52.362879 4.931955,52.362764 4.931394,52.364073 4.931156))";4.9377175;52.3628055;
143;"Indische buurt";"Niet mogelijk";"POLYGON((4.947551 52.364308,4.946693 52.364558,4.946168 52.365222,4.947351 52.365918,4.948487 52.365422,4.947718 52.364658,4.947551 52.364308))";"POLYGON((52.364308 4.947551,52.364558 4.946693,52.365222 4.946168,52.365918 4.947351,52.365422 4.948487,52.364658 4.947718,52.364308 4.947551))";4.9473325;52.365106;
144;"Indische buurt";"Niet mogelijk";"POLYGON((4.936278 52.358311,4.938453 52.359101,4.936906 52.359801,4.936033 52.360479,4.936954 52.360021,4.939343 52.360354,4.941913 52.360482,4.943617 52.36037,4.944025 52.359615,4.943916 52.359299,4.938912 52.358593,4.938756 52.358059,4.937611 52.357724,4.937415 52.357811,4.937455 52.357819,4.93683 52.358067,4.936278 52.358311))";"POLYGON((52.358311 4.936278,52.359101 4.938453,52.359801 4.936906,52.360479 4.936033,52.360021 4.936954,52.360354 4.939343,52.360482 4.941913,52.36037 4.943617,52.359615 4.944025,52.359299 4.943916,52.358593 4.938912,52.358059 4.938756,52.357724 4.937611,52.357811 4.937415,52.357819 4.937455,52.358067 4.93683,52.358311 4.936278))";4.940034;52.359096;
145;"Jordaan";"Niet mogelijk";"POLYGON((4.879847 52.373409,4.876579 52.372594,4.877013 52.37375,4.879314 52.374274,4.879847 52.373409))";"POLYGON((52.373409 4.879847,52.372594 4.876579,52.37375 4.877013,52.374274 4.879314,52.373409 4.879847))";4.878218;52.373427;
146;"Jordaan";"Niet mogelijk";"POLYGON((4.878099 52.375783,4.88517 52.377274,4.884648 52.376723,4.884464 52.376737,4.877936 52.375344,4.877827 52.375359,4.878099 52.375783))";"POLYGON((52.375783 4.878099,52.377274 4.88517,52.376723 4.884648,52.376737 4.884464,52.375344 4.877936,52.375359 4.877827,52.375783 4.878099))";4.8815035;52.376302;
147;"Jordaan";"Niet mogelijk";"POLYGON((4.880478 52.379482,4.880747 52.379973,4.884954 52.380602,4.885126 52.38018,4.880478 52.379482))";"POLYGON((52.379482 4.880478,52.379973 4.880747,52.380602 4.884954,52.38018 4.885126,52.379482 4.880478))";4.882807;52.380035;
148;"Jordaan";"Niet mogelijk";"POLYGON((4.881255 52.380765,4.881656 52.381378,4.885622 52.38192,4.886334 52.381525,4.881255 52.380765))";"POLYGON((52.380765 4.881255,52.381378 4.881656,52.38192 4.885622,52.381525 4.886334,52.380765 4.881255))";4.8837995;52.3813355;
149;"Oostzanerwerf";"Niet mogelijk";"POLYGON((4.887752 52.421304,4.884727 52.420912,4.884434 52.42068,4.884361 52.420635,4.884158 52.421036,4.887737 52.421562,4.887752 52.421304))";"POLYGON((52.421304 4.887752,52.420912 4.884727,52.42068 4.884434,52.420635 4.884361,52.421036 4.884158,52.421562 4.887737,52.421304 4.887752))";4.88596;52.4210915;
150;"Oostzanerwerf";"Niet mogelijk";"POLYGON((4.898244 52.41701,4.89852 52.419637,4.898516 52.419684,4.900405 52.419625,4.901666 52.419624,4.903697 52.419164,4.903879 52.419152,4.904083 52.419205,4.904961 52.419696,4.906954 52.419783,4.907198 52.419765,4.906052 52.417287,4.905586 52.417285,4.902932 52.418035,4.901531 52.418172,4.90069 52.416837,4.899765 52.416119,4.899378 52.415881,4.89883 52.416259,4.898637 52.416299,4.898599 52.416423,4.898216 52.416823,4.898244 52.41701))";"POLYGON((52.41701 4.898244,52.419637 4.89852,52.419684 4.898516,52.419625 4.900405,52.419624 4.901666,52.419164 4.903697,52.419152 4.903879,52.419205 4.904083,52.419696 4.904961,52.419783 4.906954,52.419765 4.907198,52.417287 4.906052,52.417285 4.905586,52.418035 4.902932,52.418172 4.901531,52.416837 4.90069,52.416119 4.899765,52.415881 4.899378,52.416259 4.89883,52.416299 4.898637,52.416423 4.898599,52.416823 4.898216,52.41701 4.898244))";4.902712;52.417825;
151;"Oostzanerwerf";"Niet mogelijk";"POLYGON((4.898516 52.419684,4.89852 52.419637,4.898244 52.41701,4.896431 52.416612,4.89606 52.41694,4.895833 52.417163,4.895395 52.417662,4.894295 52.418797,4.893957 52.419131,4.897202 52.419889,4.898471 52.420105,4.898516 52.419684))";"POLYGON((52.419684 4.898516,52.419637 4.89852,52.41701 4.898244,52.416612 4.896431,52.41694 4.89606,52.417163 4.895833,52.417662 4.895395,52.418797 4.894295,52.419131 4.893957,52.419889 4.897202,52.420105 4.898471,52.419684 4.898516))";4.8962435;52.4183515;
152;"Oostzanerwerf";"Niet mogelijk";"POLYGON((4.888152 52.424632,4.889195 52.424636,4.892578 52.421015,4.891843 52.420809,4.888152 52.424632))";"POLYGON((52.424632 4.888152,52.424636 4.889195,52.421015 4.892578,52.420809 4.891843,52.424632 4.888152))";4.89037;52.4227155;
153;"Irenebuurt";"Niet mogelijk";"POLYGON((4.872157 52.341731,4.86958 52.341643,4.869503 52.342463,4.872065 52.342553,4.872157 52.341731))";"POLYGON((52.341731 4.872157,52.341643 4.86958,52.342463 4.869503,52.342553 4.872065,52.341731 4.872157))";4.870835;52.342091;
154;"Irenebuurt";"Niet mogelijk";"POLYGON((4.873741 52.341785,4.873616 52.343095,4.876618 52.343207,4.876719 52.341888,4.873741 52.341785))";"POLYGON((52.341785 4.873741,52.343095 4.873616,52.343207 4.876618,52.341888 4.876719,52.341785 4.873741))";4.8751725;52.342489;
155;"Stadionbuurt en H Heijermansweg";"Niet mogelijk";"POLYGON((4.867318 52.348683,4.873589 52.348943,4.873848 52.346857,4.879286 52.34706,4.879277 52.346576,4.877932 52.346526,4.877696 52.34545,4.876175 52.345417,4.87609 52.346446,4.873619 52.346382,4.872975 52.346442,4.872622 52.346673,4.872368 52.347031,4.868028 52.346877,4.867318 52.348683))";"POLYGON((52.348683 4.867318,52.348943 4.873589,52.346857 4.873848,52.34706 4.879286,52.346576 4.879277,52.346526 4.877932,52.34545 4.877696,52.345417 4.876175,52.346446 4.87609,52.346382 4.873619,52.346442 4.872975,52.346673 4.872622,52.347031 4.872368,52.346877 4.868028,52.348683 4.867318))";4.873307;52.347173;
156;"Stadionbuurt en H Heijermansweg";"Niet mogelijk";"POLYGON((4.886257 52.346715,4.886082 52.345537,4.883798 52.345638,4.88341 52.346035,4.883354 52.346461,4.884068 52.346809,4.886257 52.346715))";"POLYGON((52.346715 4.886257,52.345537 4.886082,52.345638 4.883798,52.346035 4.88341,52.346461 4.883354,52.346809 4.884068,52.346715 4.886257))";4.8848105;52.346166;
157;"Stadionbuurt en H Heijermansweg";"Niet mogelijk";"POLYGON((4.852227 52.343904,4.852298 52.344344,4.852493 52.344597,4.852812 52.344804,4.853405 52.344928,4.857226 52.345458,4.857212 52.346608,4.858203 52.346706,4.858264 52.345379,4.859804 52.345461,4.864387 52.346079,4.867082 52.34639,4.867664 52.344935,4.863785 52.344124,4.860267 52.34367,4.858592 52.343476,4.858308 52.344259,4.855414 52.343929,4.855013 52.344347,4.854201 52.344604,4.853409 52.344564,4.853031 52.344301,4.852837 52.343898,4.852227 52.343904))";"POLYGON((52.343904 4.852227,52.344344 4.852298,52.344597 4.852493,52.344804 4.852812,52.344928 4.853405,52.345458 4.857226,52.346608 4.857212,52.346706 4.858203,52.345379 4.858264,52.345461 4.859804,52.346079 4.864387,52.34639 4.867082,52.344935 4.867664,52.344124 4.863785,52.34367 4.860267,52.343476 4.858592,52.344259 4.858308,52.343929 4.855414,52.344347 4.855013,52.344604 4.854201,52.344564 4.853409,52.344301 4.853031,52.343898 4.852837,52.343904 4.852227))";4.8599505;52.345084;
158;"Vondelpark Std Oud-Zuid";"Niet mogelijk";"POLYGON((4.881869 52.356645,4.882634 52.357031,4.883393 52.358,4.883892 52.35789,4.883453 52.356774,4.882569 52.356382,4.881869 52.356645))";"POLYGON((52.356645 4.881869,52.357031 4.882634,52.358 4.883393,52.35789 4.883892,52.356774 4.883453,52.356382 4.882569,52.356645 4.881869))";4.8828855;52.357184;
159;"Vondelpark Std Oud-Zuid";"Niet mogelijk";"POLYGON((4.886092 52.352602,4.886091 52.352548,4.886032 52.352049,4.886024 52.351645,4.886006 52.351514,4.884826 52.351504,4.884428 52.350653,4.883112 52.35087,4.883907 52.352665,4.886092 52.352602))";"POLYGON((52.352602 4.886092,52.352548 4.886091,52.352049 4.886032,52.351645 4.886024,52.351514 4.886006,52.351504 4.884826,52.350653 4.884428,52.35087 4.883112,52.352665 4.883907,52.352602 4.886092))";4.884607;52.351652;
160;"Vondelpark Std Oud-Zuid";"Niet mogelijk";"POLYGON((4.879425 52.351522,4.873687 52.352542,4.873444 52.352546,4.873422 52.352619,4.876146 52.353142,4.87857 52.35272,4.880927 52.353345,4.881742 52.352561,4.879425 52.351522))";"POLYGON((52.351522 4.879425,52.352542 4.873687,52.352546 4.873444,52.352619 4.873422,52.353142 4.876146,52.35272 4.87857,52.353345 4.880927,52.352561 4.881742,52.351522 4.879425))";4.877587;52.3524265;
161;"Vondelpark Std Oud-Zuid";"Niet mogelijk";"POLYGON((4.86052 52.353133,4.86024 52.35352,4.864973 52.354781,4.865276 52.354371,4.86052 52.353133))";"POLYGON((52.353133 4.86052,52.35352 4.86024,52.354781 4.864973,52.354371 4.865276,52.353133 4.86052))";4.862763;52.35395;
162;"Vondelpark Std Oud-Zuid";"Niet mogelijk";"POLYGON((4.854738 52.356393,4.857161 52.350113,4.856958 52.349796,4.856961 52.349567,4.85721 52.349442,4.857605 52.34933,4.857626 52.347591,4.852923 52.346926,4.852164 52.346421,4.851708 52.34604,4.851408 52.34561,4.851237 52.345227,4.851196 52.345053,4.850284 52.345085,4.851904 52.348895,4.85329 52.353266,4.854235 52.356221,4.854283 52.356217,4.854416 52.356309,4.854738 52.356393))";"POLYGON((52.356393 4.854738,52.350113 4.857161,52.349796 4.856958,52.349567 4.856961,52.349442 4.85721,52.34933 4.857605,52.347591 4.857626,52.346926 4.852923,52.346421 4.852164,52.34604 4.851708,52.34561 4.851408,52.345227 4.851237,52.345053 4.851196,52.345085 4.850284,52.348895 4.851904,52.353266 4.85329,52.356221 4.854235,52.356217 4.854283,52.356309 4.854416,52.356393 4.854738))";4.85396;52.350716;
163;"Overtoom";"Niet mogelijk";"POLYGON((4.879265 52.36546,4.879253 52.365284,4.875988 52.364316,4.874723 52.365946,4.877554 52.366716,4.878823 52.365781,4.879265 52.36546))";"POLYGON((52.36546 4.879265,52.365284 4.879253,52.364316 4.875988,52.365946 4.874723,52.366716 4.877554,52.365781 4.878823,52.36546 4.879265))";4.876999;52.365509;
164;"Overtoom";"Niet mogelijk";"POLYGON((4.864225 52.362388,4.867179 52.3631,4.868164 52.361636,4.867453 52.361482,4.867906 52.360817,4.865587 52.360281,4.864225 52.362388))";"POLYGON((52.362388 4.864225,52.3631 4.867179,52.361636 4.868164,52.361482 4.867453,52.360817 4.867906,52.360281 4.865587,52.362388 4.864225))";4.8661995;52.3616835;
165;"Overtoom";"Niet mogelijk";"POLYGON((4.856399 52.35801,4.856673 52.358457,4.857929 52.360064,4.856814 52.36037,4.859599 52.361017,4.860817 52.35918,4.856399 52.35801))";"POLYGON((52.35801 4.856399,52.358457 4.856673,52.360064 4.857929,52.36037 4.856814,52.361017 4.859599,52.35918 4.860817,52.35801 4.856399))";4.858613;52.3595065;
166;"Kwakerplein";"Niet mogelijk";"POLYGON((4.866622 52.369896,4.866342 52.36986,4.866461 52.369576,4.864902 52.369248,4.864948 52.369161,4.864438 52.369356,4.865115 52.370096,4.86551 52.369967,4.865898 52.369949,4.86633 52.369979,4.866541 52.37003,4.866622 52.369896))";"POLYGON((52.369896 4.866622,52.36986 4.866342,52.369576 4.866461,52.369248 4.864902,52.369161 4.864948,52.369356 4.864438,52.370096 4.865115,52.369967 4.86551,52.369949 4.865898,52.369979 4.86633,52.37003 4.866541,52.369896 4.866622))";4.865535;52.3696215;
167;"Kwakerplein";"Niet mogelijk";"POLYGON((4.870649 52.364756,4.869793 52.365944,4.861196 52.363847,4.85899 52.363311,4.860962 52.365554,4.861574 52.365395,4.8629 52.365704,4.864299 52.365218,4.870466 52.366778,4.87171 52.365065,4.87079 52.36479,4.870649 52.364756))";"POLYGON((52.364756 4.870649,52.365944 4.869793,52.363847 4.861196,52.363311 4.85899,52.365554 4.860962,52.365395 4.861574,52.365704 4.8629,52.365218 4.864299,52.366778 4.870466,52.365065 4.87171,52.36479 4.87079,52.364756 4.870649))";4.865355;52.3650375;
168;"Kwakerplein";"Niet mogelijk";"POLYGON((4.863822 52.367525,4.866059 52.368103,4.866326 52.367707,4.864013 52.367148,4.863822 52.367525))";"POLYGON((52.367525 4.863822,52.368103 4.866059,52.367707 4.866326,52.367148 4.864013,52.367525 4.863822))";4.865079;52.3676185;
169;"Kwakerplein";"Niet mogelijk";"POLYGON((4.8772 52.367597,4.876244 52.367343,4.876085 52.367816,4.87585 52.36807,4.875179 52.368588,4.874709 52.369078,4.874566 52.369399,4.874054 52.370817,4.875036 52.371042,4.87575 52.369412,4.875926 52.369239,4.876902 52.368361,4.8772 52.367597))";"POLYGON((52.367597 4.8772,52.367343 4.876244,52.367816 4.876085,52.36807 4.87585,52.368588 4.875179,52.369078 4.874709,52.369399 4.874566,52.370817 4.874054,52.371042 4.875036,52.369412 4.87575,52.369239 4.875926,52.368361 4.876902,52.367597 4.8772))";4.875632;52.3691855;
170;"Westerpark  (Fannius Scholten)";"Niet mogelijk";"POLYGON((4.87151 52.385308,4.871528 52.384819,4.871998 52.383768,4.870401 52.383496,4.869996 52.38456,4.869657 52.385282,4.87151 52.385308))";"POLYGON((52.385308 4.87151,52.384819 4.871528,52.383768 4.871998,52.383496 4.870401,52.38456 4.869996,52.385282 4.869657,52.385308 4.87151))";4.8708325;52.384395;
171;"Westerpark  (Fannius Scholten)";"Niet mogelijk";"POLYGON((4.879656 52.38494,4.879792 52.384766,4.880217 52.384604,4.878674 52.383661,4.879453 52.383224,4.880868 52.384178,4.880993 52.384057,4.880435 52.383148,4.880893 52.382792,4.880764 52.382606,4.880291 52.382372,4.879502 52.382673,4.878734 52.382537,4.878267 52.38171,4.875651 52.381085,4.873961 52.380699,4.873517 52.380691,4.872459 52.380281,4.871972 52.379851,4.871805 52.379557,4.871755 52.379528,4.87167 52.37964,4.870912 52.382068,4.872662 52.382384,4.873085 52.381346,4.873486 52.381119,4.876336 52.382879,4.879656 52.38494))";"POLYGON((52.38494 4.879656,52.384766 4.879792,52.384604 4.880217,52.383661 4.878674,52.383224 4.879453,52.384178 4.880868,52.384057 4.880993,52.383148 4.880435,52.382792 4.880893,52.382606 4.880764,52.382372 4.880291,52.382673 4.879502,52.382537 4.878734,52.38171 4.878267,52.381085 4.875651,52.380699 4.873961,52.380691 4.873517,52.380281 4.872459,52.379851 4.871972,52.379557 4.871805,52.379528 4.871755,52.37964 4.87167,52.382068 4.870912,52.382384 4.872662,52.381346 4.873085,52.381119 4.873486,52.382879 4.876336,52.38494 4.879656))";4.8759575;52.382227;
172;"Westerpark  (Fannius Scholten)";"Niet mogelijk";"POLYGON((4.868073 52.382054,4.867711 52.382012,4.869917 52.376234,4.870326 52.376125,4.869979 52.375688,4.869761 52.37545,4.868601 52.375699,4.867785 52.375709,4.866584 52.375648,4.863818 52.383187,4.863349 52.38449,4.86336 52.385193,4.86692 52.385243,4.868073 52.382054))";"POLYGON((52.382054 4.868073,52.382012 4.867711,52.376234 4.869917,52.376125 4.870326,52.375688 4.869979,52.37545 4.869761,52.375699 4.868601,52.375709 4.867785,52.375648 4.866584,52.383187 4.863818,52.38449 4.863349,52.385193 4.86336,52.385243 4.86692,52.382054 4.868073))";4.8668425;52.3803395;
173;"Baarsjes A10 west";"Niet mogelijk";"POLYGON((4.841279 52.345954,4.844309 52.345874,4.845704 52.346212,4.847482 52.347955,4.847039 52.348123,4.846031 52.348109,4.845871 52.354626,4.845845 52.355363,4.849474 52.355409,4.849395 52.356114,4.851768 52.356135,4.851775 52.355555,4.852175 52.355557,4.852253 52.353475,4.850331 52.353461,4.850395 52.351024,4.852056 52.351016,4.851469 52.349219,4.851251 52.348526,4.851083 52.348115,4.850765 52.347672,4.849925 52.346806,4.849705 52.346288,4.848821 52.344645,4.84813 52.343498,4.847599 52.342893,4.846912 52.342225,4.84654 52.34144,4.846378 52.341067,4.842034 52.341021,4.841758 52.341013,4.841738 52.341079,4.841436 52.342868,4.841279 52.345954))";"POLYGON((52.345954 4.841279,52.345874 4.844309,52.346212 4.845704,52.347955 4.847482,52.348123 4.847039,52.348109 4.846031,52.354626 4.845871,52.355363 4.845845,52.355409 4.849474,52.356114 4.849395,52.356135 4.851768,52.355555 4.851775,52.355557 4.852175,52.353475 4.852253,52.353461 4.850331,52.351024 4.850395,52.351016 4.852056,52.349219 4.851469,52.348526 4.851251,52.348115 4.851083,52.347672 4.850765,52.346806 4.849925,52.346288 4.849705,52.344645 4.848821,52.343498 4.84813,52.342893 4.847599,52.342225 4.846912,52.34144 4.84654,52.341067 4.846378,52.341021 4.842034,52.341013 4.841758,52.341079 4.841738,52.342868 4.841436,52.345954 4.841279))";4.846771;52.348567;
174;"Baarsjes A10 west";"Niet mogelijk";"POLYGON((4.849775 52.363174,4.851677 52.363224,4.853567 52.363451,4.855813 52.363734,4.856592 52.364004,4.857086 52.364098,4.857928 52.36415,4.857958 52.364083,4.858117 52.363993,4.858377 52.363867,4.858498 52.36374,4.858548 52.363576,4.85855 52.363425,4.858386 52.363121,4.857202 52.361806,4.857008 52.361514,4.856913 52.361252,4.856768 52.360827,4.856682 52.360621,4.855355 52.358874,4.849294 52.358756,4.849258 52.360089,4.849818 52.360511,4.849775 52.363174))";"POLYGON((52.363174 4.849775,52.363224 4.851677,52.363451 4.853567,52.363734 4.855813,52.364004 4.856592,52.364098 4.857086,52.36415 4.857928,52.364083 4.857958,52.363993 4.858117,52.363867 4.858377,52.36374 4.858498,52.363576 4.858548,52.363425 4.85855,52.363121 4.858386,52.361806 4.857202,52.361514 4.857008,52.361252 4.856913,52.360827 4.856768,52.360621 4.856682,52.358874 4.855355,52.358756 4.849294,52.360089 4.849258,52.360511 4.849818,52.363174 4.849775))";4.853909;52.361446;
175;"Baarsjes A10 west";"Niet mogelijk";"POLYGON((4.849846 52.366746,4.847091 52.372414,4.846576 52.372363,4.845595 52.372274,4.844474 52.372257,4.843145 52.372287,4.84336 52.374145,4.843687 52.375009,4.844481 52.374964,4.845582 52.374962,4.846601 52.375083,4.847812 52.372612,4.850367 52.372114,4.852102 52.3722,4.85357 52.372972,4.854537 52.370821,4.855191 52.370921,4.856279 52.371115,4.857054 52.368447,4.857464 52.366567,4.857763 52.364796,4.856613 52.364718,4.855607 52.36438,4.855249 52.364372,4.852147 52.364353,4.852109 52.365784,4.851558 52.367051,4.849846 52.366746))";"POLYGON((52.366746 4.849846,52.372414 4.847091,52.372363 4.846576,52.372274 4.845595,52.372257 4.844474,52.372287 4.843145,52.374145 4.84336,52.375009 4.843687,52.374964 4.844481,52.374962 4.845582,52.375083 4.846601,52.372612 4.847812,52.372114 4.850367,52.3722 4.852102,52.372972 4.85357,52.370821 4.854537,52.370921 4.855191,52.371115 4.856279,52.368447 4.857054,52.366567 4.857464,52.364796 4.857763,52.364718 4.856613,52.36438 4.855607,52.364372 4.855249,52.364353 4.852147,52.365784 4.852109,52.367051 4.851558,52.366746 4.849846))";4.850459;52.369711;
176;"Baarsjes A10 west";"Niet mogelijk";"POLYGON((4.855898 52.374397,4.85848 52.374631,4.859439 52.37164,4.85997 52.37134,4.860419 52.368743,4.860901 52.366067,4.859763 52.36477,4.858542 52.364737,4.858411 52.364737,4.858124 52.366674,4.857879 52.367871,4.857547 52.36902,4.855898 52.374397))";"POLYGON((52.374397 4.855898,52.374631 4.85848,52.37164 4.859439,52.37134 4.85997,52.368743 4.860419,52.366067 4.860901,52.36477 4.859763,52.364737 4.858542,52.364737 4.858411,52.366674 4.858124,52.367871 4.857879,52.36902 4.857547,52.374397 4.855898))";4.8584045;52.369677;
177;"Baarsjes A10 west";"Niet mogelijk";"POLYGON((4.863237 52.370796,4.864668 52.370261,4.863543 52.369031,4.863237 52.370796))";"POLYGON((52.370796 4.863237,52.370261 4.864668,52.369031 4.863543,52.370796 4.863237))";4.8639575;52.3699065;
178;"Baarsjes A10 west";"Niet mogelijk";"POLYGON((4.857831 52.377166,4.86255 52.377901,4.862988 52.376774,4.862611 52.375688,4.862759 52.375146,4.86421 52.375348,4.864468 52.374546,4.864791 52.374135,4.865507 52.373574,4.866007 52.373165,4.866332 52.372754,4.86637 52.372493,4.866373 52.372255,4.863432 52.37209,4.858563 52.374643,4.857831 52.377166))";"POLYGON((52.377166 4.857831,52.377901 4.86255,52.376774 4.862988,52.375688 4.862611,52.375146 4.862759,52.375348 4.86421,52.374546 4.864468,52.374135 4.864791,52.373574 4.865507,52.373165 4.866007,52.372754 4.866332,52.372493 4.86637,52.372255 4.866373,52.37209 4.863432,52.374643 4.858563,52.377166 4.857831))";4.862107;52.3749885;
179;"Bos en Lommerplein eo";"Niet mogelijk";"POLYGON((4.86255 52.377901,4.861546 52.377745,4.860854 52.379642,4.861744 52.379764,4.861991 52.379486,4.86255 52.377901))";"POLYGON((52.377901 4.86255,52.377745 4.861546,52.379642 4.860854,52.379764 4.861744,52.379486 4.861991,52.377901 4.86255))";4.861707;52.3787475;
180;"Bos en Lommerplein eo";"Niet mogelijk";"POLYGON((4.850301 52.382381,4.851617 52.383555,4.851531 52.384986,4.856913 52.385083,4.857007 52.382396,4.855549 52.382368,4.855628 52.381467,4.855528 52.381259,4.854687 52.380716,4.855251 52.380387,4.856157 52.379779,4.856808 52.379139,4.85717 52.378591,4.857551 52.377867,4.857831 52.377166,4.855726 52.37684,4.855265 52.378286,4.855866 52.378381,4.855691 52.378723,4.852322 52.378063,4.851956 52.37875,4.845795 52.377505,4.845727 52.377638,4.84638 52.378315,4.845859 52.379401,4.850254 52.380312,4.851405 52.380318,4.852683 52.381132,4.850841 52.38215,4.850301 52.382381))";"POLYGON((52.382381 4.850301,52.383555 4.851617,52.384986 4.851531,52.385083 4.856913,52.382396 4.857007,52.382368 4.855549,52.381467 4.855628,52.381259 4.855528,52.380716 4.854687,52.380387 4.855251,52.379779 4.856157,52.379139 4.856808,52.378591 4.85717,52.377867 4.857551,52.377166 4.857831,52.37684 4.855726,52.378286 4.855265,52.378381 4.855866,52.378723 4.855691,52.378063 4.852322,52.37875 4.851956,52.377505 4.845795,52.377638 4.845727,52.378315 4.84638,52.379401 4.845859,52.380312 4.850254,52.380318 4.851405,52.381132 4.852683,52.38215 4.850841,52.382381 4.850301))";4.851784;52.3809545;
181;"Lutkemeer";"Niet mogelijk";"POLYGON((4.793221 52.351345,4.794424 52.349107,4.794746 52.348507,4.793945 52.348344,4.79242 52.351208,4.793221 52.351345))";"POLYGON((52.351345 4.793221,52.349107 4.794424,52.348507 4.794746,52.348344 4.793945,52.351208 4.79242,52.351345 4.793221))";4.793588;52.3498375;
182;"Sloterbinnen";"Niet mogelijk";"POLYGON((4.794424 52.349107,4.796557 52.349519,4.795256 52.348606,4.794746 52.348507,4.794424 52.349107))";"POLYGON((52.349107 4.794424,52.349519 4.796557,52.348606 4.795256,52.348507 4.794746,52.349107 4.794424))";4.7954955;52.349006;
183;"Lutkemeer";"Niet mogelijk";"POLYGON((4.778746 52.352146,4.781604 52.354899,4.782251 52.354625,4.784015 52.353863,4.781371 52.351353,4.781178 52.351197,4.780141 52.351585,4.775851 52.347636,4.77471 52.348099,4.779031 52.352039,4.778796 52.352124,4.778746 52.352146))";"POLYGON((52.352146 4.778746,52.354899 4.781604,52.354625 4.782251,52.353863 4.784015,52.351353 4.781371,52.351197 4.781178,52.351585 4.780141,52.347636 4.775851,52.348099 4.77471,52.352039 4.779031,52.352124 4.778796,52.352146 4.778746))";4.7793675;52.3512605;
184;"Simon Stevinstraat eo";"Niet mogelijk";"POLYGON((4.920317 52.350962,4.921285 52.350347,4.919005 52.349128,4.918539 52.349422,4.918158 52.349678,4.920317 52.350962))";"POLYGON((52.350962 4.920317,52.350347 4.921285,52.349128 4.919005,52.349422 4.918539,52.349678 4.918158,52.350962 4.920317))";4.9197265;52.350038;
185;"Simon Stevinstraat eo";"Niet mogelijk";"POLYGON((4.92367 52.350838,4.92206 52.351876,4.925751 52.353584,4.92698 52.352803,4.92367 52.350838))";"POLYGON((52.350838 4.92367,52.351876 4.92206,52.353584 4.925751,52.352803 4.92698,52.350838 4.92367))";4.924525;52.352204;
186;"Simon Stevinstraat eo";"Niet mogelijk";"POLYGON((4.931444 52.34879,4.930953 52.348513,4.929906 52.347919,4.928619 52.34719,4.927164 52.346365,4.926501 52.346118,4.92614 52.346062,4.92565 52.346031,4.922919 52.346063,4.922567 52.346309,4.929195 52.350082,4.929299 52.350134,4.931444 52.34879))";"POLYGON((52.34879 4.931444,52.348513 4.930953,52.347919 4.929906,52.34719 4.928619,52.346365 4.927164,52.346118 4.926501,52.346062 4.92614,52.346031 4.92565,52.346063 4.922919,52.346309 4.922567,52.350082 4.929195,52.350134 4.929299,52.34879 4.931444))";4.9270105;52.3480755;
187;"Fahrenheitstraat/ Maxwellstraat";"Niet mogelijk";"POLYGON((4.931993 52.345904,4.933696 52.34685,4.9349 52.346073,4.933276 52.345116,4.931993 52.345904))";"POLYGON((52.345904 4.931993,52.34685 4.933696,52.346073 4.9349,52.345116 4.933276,52.345904 4.931993))";4.9334515;52.345976;
188;"Fahrenheitstraat/ Maxwellstraat";"Niet mogelijk";"POLYGON((4.932486 52.34938,4.933854 52.350156,4.93503 52.349418,4.93361 52.348614,4.932486 52.34938))";"POLYGON((52.34938 4.932486,52.350156 4.933854,52.349418 4.93503,52.348614 4.93361,52.34938 4.932486))";4.933763;52.349378;
189;"Fahrenheitstraat/ Maxwellstraat";"Niet mogelijk";"POLYGON((4.929906 52.347919,4.930953 52.348513,4.932108 52.347814,4.931002 52.34719,4.929906 52.347919))";"POLYGON((52.347919 4.929906,52.348513 4.930953,52.347814 4.932108,52.34719 4.931002,52.347919 4.929906))";4.931012;52.3478445;
190;"Transvaalbuurt";"Niet mogelijk";"POLYGON((4.924669 52.353688,4.916639 52.350225,4.91641 52.350132,4.914787 52.351014,4.914696 52.351471,4.914628 52.352076,4.914773 52.352746,4.915236 52.353539,4.915747 52.354043,4.916571 52.35457,4.917392 52.354942,4.919271 52.355538,4.925726 52.357423,4.926348 52.356403,4.923395 52.355666,4.92308 52.355089,4.924669 52.353688))";"POLYGON((52.353688 4.924669,52.350225 4.916639,52.350132 4.91641,52.351014 4.914787,52.351471 4.914696,52.352076 4.914628,52.352746 4.914773,52.353539 4.915236,52.354043 4.915747,52.35457 4.916571,52.354942 4.917392,52.355538 4.919271,52.357423 4.925726,52.356403 4.926348,52.355666 4.923395,52.355089 4.92308,52.353688 4.924669))";4.920493;52.3537705;
191;"Galileiplantsoen eo";"Niet mogelijk";"POLYGON((4.937791 52.355173,4.939364 52.356134,4.944029 52.354162,4.944843 52.353799,4.943766 52.353183,4.938821 52.350307,4.941629 52.348464,4.940429 52.347748,4.94039 52.347772,4.935272 52.350915,4.934898 52.351162,4.936787 52.352334,4.939655 52.354012,4.937791 52.355173))";"POLYGON((52.355173 4.937791,52.356134 4.939364,52.354162 4.944029,52.353799 4.944843,52.353183 4.943766,52.350307 4.938821,52.348464 4.941629,52.347748 4.940429,52.347772 4.94039,52.350915 4.935272,52.351162 4.934898,52.352334 4.936787,52.354012 4.939655,52.355173 4.937791))";4.9398755;52.351934;
192;"Zonneplein";"Niet mogelijk";"POLYGON((4.883669 52.416538,4.885701 52.414825,4.887583 52.414595,4.888036 52.414597,4.889008 52.414672,4.890056 52.414796,4.892144 52.415399,4.892712 52.415468,4.893415 52.415175,4.894269 52.415273,4.894584 52.415037,4.893888 52.414522,4.893833 52.414332,4.893936 52.412027,4.893609 52.411728,4.893336 52.411822,4.892034 52.41171,4.892459 52.410213,4.890746 52.40872,4.87949 52.414022,4.882956 52.416794,4.883669 52.416538))";"POLYGON((52.416538 4.883669,52.414825 4.885701,52.414595 4.887583,52.414597 4.888036,52.414672 4.889008,52.414796 4.890056,52.415399 4.892144,52.415468 4.892712,52.415175 4.893415,52.415273 4.894269,52.415037 4.894584,52.414522 4.893888,52.414332 4.893833,52.412027 4.893936,52.411728 4.893609,52.411822 4.893336,52.41171 4.892034,52.410213 4.892459,52.40872 4.890746,52.414022 4.87949,52.416794 4.882956,52.416538 4.883669))";4.887042;52.41275;

