OBJECTNUMMER;GebouwGenoot;Gebouwnaam;Adres;Gebouwtype;Genootschap;Categorie_id;Categorie;Website;WKT_LNG_LAT;WKT_LAT_LNG;LNG;LAT;
1;"Koninkrijkszaal - Jehova`s getuigen";"Koninkrijkszaal";"Kelbergen 153";"Woonhuis";"Jehova`s getuigen";5;"Christelijke kerk overig";"";"POINT(4.9769871,52.3113867)";"POINT(52.3113867,4.9769871)";4.9769871;52.3113867;
2;"Koninkrijkszaal - Jehova`s getuigen";"Koninkrijkszaal";"Sleewijkstraat 12";"Woonhuis";"Jehova`s getuigen";5;"Christelijke kerk overig";"";"POINT(4.9718339,52.2915923)";"POINT(52.2915923,4.9718339)";4.9718339;52.2915923;
3;"Shambhala meditatie centrum - Shambhala- en Tibetaans-boeddhistisch";"Shambhala meditatie centrum";"1e Jacob van Campenstraat 4";"Onbekend";"Shambhala- en Tibetaans-boeddhistisch";11;"Boeddhistische tempel";"http://www.shambhala.nl/index.php?id=7100";"POINT(4.887224,52.357453)";"POINT(52.357453,4.887224)";4.887224;52.357453;
4;"De Brug - Unie van Baptisten Gemeenten in Nederland";"De Brug";"Aakstraat 3";"Kerk";"Unie van Baptisten Gemeenten in Nederland";1;"Evangelische- of Pinksterkerk";"http://www.baptisten.nl";"POINT(4.9156229,52.4061057)";"POINT(52.4061057,4.9156229)";4.9156229;52.4061057;
5;"De Brug - Holland Methodist Church";"De Brug";"Aakstraat 3";"Kerk";"Holland Methodist Church";5;"Christelijke kerk overig";"http://hollandmethodistchurch.org";"POINT(4.9158242,52.4060027)";"POINT(52.4060027,4.9158242)";4.9158242;52.4060027;
6;"De Ark";"De Ark";"Banne Buikslootlaan 63C";"Onbekend";"";3;"Protestantse Kerk Nederland (PKN)";"";"POINT(4.9125211,52.4078757)";"POINT(52.4078757,4.9125211)";4.9125211;52.4078757;
7;"Dorpskerk Zunderdorp - Classis Edam-Zaandam";"Dorpskerk Zunderdorp";"Achterlaan 12";"Kerk";"Classis Edam-Zaandam";3;"Protestantse Kerk Nederland (PKN)";"";"POINT(4.9667718,52.4069411)";"POINT(52.4069411,4.9667718)";4.9667718;52.4069411;
8;"Heilige Franciscus van Assisi (De Boomkerk) - Ook Engels, All Saints Chruch - Afrikaans Katholiek";"Heilige Franciscus van Assisi (De Boomkerk)";"Admiraal De Ruijterweg 406";"Kerk";"Ook Engels, All Saints Chruch - Afrikaans Katholiek";2;"Rooms Katholieke kerk";"";"POINT(4.850642,52.3830954)";"POINT(52.3830954,4.850642)";4.850642;52.3830954;
9;"Rafaelgemeenschap Haggai";"Rafaelgemeenschap Haggai";"Alkmaarstraat 10";"Onbekend";"";1;"Evangelische- of Pinksterkerk";"http://rafaelamsterdamnoord.nl/";"POINT(4.9511378,52.3947608)";"POINT(52.3947608,4.9511378)";4.9511378;52.3947608;
10;"Sint Agneskerk - Priesterbroederschap van Sint Petrus";"Sint Agneskerk";"Amstelveenseweg 163";"Kerk";"Priesterbroederschap van Sint Petrus";2;"Rooms Katholieke kerk";"";"POINT(4.8577759,52.3501975)";"POINT(52.3501975,4.8577759)";4.8577759;52.3501975;
11;"Augustinuskerk";"Augustinuskerk";"Amstelveenseweg 965";"Kerk";"";2;"Rooms Katholieke kerk";"";"POINT(4.8582108,52.3222815)";"POINT(52.3222815,4.8582108)";4.8582108;52.3222815;
12;"Amstelkerk - Christelijke Gereformeerde Kerken in Nederland (CGK)";"Amstelkerk";"Amstelveld 8";"Kerk";"Christelijke Gereformeerde Kerken in Nederland (CGK)";4;"Gereformeerde kerk";"";"POINT(4.8963902,52.3622824)";"POINT(52.3622824,4.8963902)";4.8963902;52.3622824;
13;"Immanuelkerk - Chinese Evangelisch Christelijke Kerk? EMSI Europe";"Immanuelkerk";"Anton Waldorpstraat 90";"Kerk";"Chinese Evangelisch Christelijke Kerk? EMSI Europe";1;"Evangelische- of Pinksterkerk";"";"POINT(4.8410361,52.3616263)";"POINT(52.3616263,4.8410361)";4.8410361;52.3616263;
14;"Apostolische kerk - Apostolisch Genootschap";"Apostolische kerk";"Archimedesweg 97";"Kerk";"Apostolisch Genootschap";5;"Christelijke kerk overig";"";"POINT(4.940767,52.3552138)";"POINT(52.3552138,4.940767)";4.940767;52.3552138;
15;"Pinkstergemeente Amsterdam (VPE)";"Pinkstergemeente Amsterdam (VPE)";"Arent Janszoon Ernststraat 302";"Onbekend";"";1;"Evangelische- of Pinksterkerk";"http://www.pinkstergemeente-amsterdam.nl";"POINT(4.8759592,52.3324706)";"POINT(52.3324706,4.8759592)";4.8759592;52.3324706;
16;"Andrieskerk - De Christengemeenschap";"Andrieskerk";"Arent Janszoon Ernststraat 869";"Kerk";"De Christengemeenschap";5;"Christelijke kerk overig";"";"POINT(4.8681028,52.3318373)";"POINT(52.3318373,4.8681028)";4.8681028;52.3318373;
17;"Heilig Vuur West  - Protestantse Kerk ";"Heilig Vuur West ";"Arie Biemondstraat 103";"Voormalig Ziekenhuis ";"Protestantse Kerk ";3;"Protestantse Kerk Nederland (PKN)";"www.heiligvuurwest.nl";"POINT(4.8679788,52.3638121)";"POINT(52.3638121,4.8679788)";4.8679788;52.3638121;
18;"EL Hijra Moskee - Raad van Marokkaanse Moskeeën Noord-Holland (RVM)";"EL Hijra Moskee";"Arthur van Schendelstraat 17";"Kerk";"Raad van Marokkaanse Moskeeën Noord-Holland (RVM)";6;"Marokkaanse Moskee";"";"POINT(4.8287589,52.3759925)";"POINT(52.3759925,4.8287589)";4.8287589;52.3759925;
19;"Moskee el Ouma - Islamitisch Sociaal Cultureel Centrum";"Moskee el Ouma - Islamitisch Sociaal Cultureel Centrum";"August Allebeplein 1";"Moskee";"";6;"Marokkaanse Moskee";"";"POINT(4.8394401,52.3636061)";"POINT(52.3636061,4.8394401)";4.8394401;52.3636061;
20;"Moskee Ghousia Masjid - Pakistaanse Moskee";"Moskee Ghousia Masjid";"Baarsjesweg 160";"Flatgebouw";"Pakistaanse Moskee";8;"Surinaamse / Pakistaanse Moskee";"";"POINT(4.8625281,52.3678977)";"POINT(52.3678977,4.8625281)";4.8625281;52.3678977;
21;"Gurdwara Maan Sarovar Sahib";"Gurdwara Maan Sarovar Sahib";"Baarsjesweg 281";"Onbekend";"";12;"Sikh tempel";"http://www.sikhs.nl/gurudwara_in_nederland_Amsterdam2.htm";"POINT(4.8613102,52.3666503)";"POINT(52.3666503,4.8613102)";4.8613102;52.3666503;
22;"Milli Görüs Mevlana Moskee Stichting";"Milli Görüs Mevlana Moskee Stichting";"Baas Gansendonckstraat 2";"Onbekend";"";7;"Turkse Moskee";"";"POINT(4.8406422,52.3769919)";"POINT(52.3769919,4.8406422)";4.8406422;52.3769919;
23;"Rafaelgemeenschap Rama";"Rafaelgemeenschap Rama";"Banne buikslootlaan 63B";"Onbekend";"";1;"Evangelische- of Pinksterkerk";"http://www.rafael.nl/page.php?pageID=302";"POINT(4.9129212,52.4075896)";"POINT(52.4075896,4.9129212)";4.9129212;52.4075896;
24;"Kohaniem - Joods Begrafeniswezen?";"Kohaniem";"Beeckenstein 5";"Onbekend";"Joods Begrafeniswezen?";9;"Joodse synagoge";"";"POINT(4.8664658,52.3250243)";"POINT(52.3250243,4.8664658)";4.8664658;52.3250243;
25;"Kapel Verzorgingshuis De Kimme";"Kapel Verzorgingshuis De Kimme";"Beemsterstraat 546";"Onbekend";"";3;"Protestantse Kerk Nederland (PKN)";"http://www.evean.nl/evean-bij-u-in-de-wijk/locaties/kimme/";"POINT(4.9510939,52.3962981)";"POINT(52.3962981,4.9510939)";4.9510939;52.3962981;
26;"Johannes en Ursulakerk (Mirakelkerk, Begijnhofkapel) - Paters Sacramentijnen [ook Frans]";"Johannes en Ursulakerk (Mirakelkerk, Begijnhofkapel)";"Begijnhof 29";"Onbekend";"Paters Sacramentijnen [ook Frans]";2;"Rooms Katholieke kerk";"";"POINT(4.8896601,52.3693358)";"POINT(52.3693358,4.8896601)";4.8896601;52.3693358;
27;"Engelse Hervormde Kerk - Engelse Hervormde Kerk, PKN";"Engelse Hervormde Kerk";"Begijnhof 48";"Kerk";"Engelse Hervormde Kerk, PKN";5;"Christelijke kerk overig";"";"POINT(4.88994,52.36929)";"POINT(52.36929,4.88994)";4.88994;52.36929;
28;"Koninkrijkszaal - Jehova`s getuigen";"Koninkrijkszaal";"Bernard Loderstraat 86";"Woonhuis";"Jehova`s getuigen";5;"Christelijke kerk overig";"";"POINT(4.8176939,52.3810889)";"POINT(52.3810889,4.8176939)";4.8176939;52.3810889;
29;"Noori Moskee - Surinaamse Moskee";"Noori Moskee";"Bessemerstraat 25";"School";"Surinaamse Moskee";8;"Surinaamse / Pakistaanse Moskee";"";"POINT(4.9240978,52.3519026)";"POINT(52.3519026,4.9240978)";4.9240978;52.3519026;
30;"Ignatiushuis - Oecumenisch (van Katholieke stroming)";"Ignatiushuis";"Beulingstraat 11";"Woonhuis";"Oecumenisch (van Katholieke stroming)";5;"Christelijke kerk overig";"";"POINT(4.8876641,52.3679511)";"POINT(52.3679511,4.8876641)";4.8876641;52.3679511;
31;"De Kandelaar - King of Kings Baptist Church, Unie van Baptisten Gemeenten in Nederland";"De Kandelaar";"Bijlmerdreef 1239";"Kerkelijk centrum";"King of Kings Baptist Church, Unie van Baptisten Gemeenten in Nederland";1;"Evangelische- of Pinksterkerk";"http://www.baptisten.nl";"POINT(4.9756229,52.3222319)";"POINT(52.3222319,4.9756229)";4.9756229;52.3222319;
32;"De Kandelaar - Pentecost Revival Church";"De Kandelaar";"Bijlmerdreef 1239";"Kerkelijk centrum";"Pentecost Revival Church";1;"Evangelische- of Pinksterkerk";"http://www.pentecostrevival.nl/";"POINT(4.9753668,52.3222434)";"POINT(52.3222434,4.9753668)";4.9753668;52.3222434;
33;"De Kandelaar";"De Kandelaar";"Bijlmerdreef 1239";"Kerkelijk centrum";"";1;"Evangelische- of Pinksterkerk";"";"POINT(4.9752848,52.3223883)";"POINT(52.3223883,4.9752848)";4.9752848;52.3223883;
34;"De Kandelaar";"De Kandelaar";"Bijlmerdreef 1239";"Kerkelijk centrum";"";1;"Evangelische- of Pinksterkerk";"";"POINT(4.9751551,52.3224913)";"POINT(52.3224913,4.9751551)";4.9751551;52.3224913;
35;"De Kandelaar";"De Kandelaar";"Bijlmerdreef 1239";"Kerkelijk centrum";"";1;"Evangelische- of Pinksterkerk";"";"POINT(4.9752099,52.3221366)";"POINT(52.3221366,4.9752099)";4.9752099;52.3221366;
36;"De Kandelaar";"De Kandelaar";"Bijlmerdreef 1239";"Kerkelijk centrum";"";1;"Evangelische- of Pinksterkerk";"";"POINT(4.9755132,52.3223693)";"POINT(52.3223693,4.9755132)";4.9755132;52.3223693;
37;"De Kandelaar";"De Kandelaar";"Bijlmerdreef 1239";"Kerkelijk centrum";"";1;"Evangelische- of Pinksterkerk";"";"POINT(4.975023,52.3223197)";"POINT(52.3223197,4.975023)";4.975023;52.3223197;
38;"De Kandelaar";"De Kandelaar";"Bijlmerdreef 1239";"Kerkelijk centrum";"";1;"Evangelische- of Pinksterkerk";"";"POINT(4.9752362,52.3223158)";"POINT(52.3223158,4.9752362)";4.9752362;52.3223158;
39;"De Kandelaar";"De Kandelaar";"Bijlmerdreef 1239";"Kerkelijk centrum";"";1;"Evangelische- of Pinksterkerk";"";"POINT(4.975116,52.3222434)";"POINT(52.3222434,4.975116)";4.975116;52.3222434;
40;"De Kandelaar";"De Kandelaar";"Bijlmerdreef 1239";"Kerkelijk centrum";"";1;"Evangelische- of Pinksterkerk";"";"POINT(4.974962,52.3223998)";"POINT(52.3223998,4.974962)";4.974962;52.3223998;
41;"De Kandelaar";"De Kandelaar";"Bijlmerdreef 1239";"Kerkelijk centrum";"";1;"Evangelische- of Pinksterkerk";"";"POINT(4.9753668,52.3222434)";"POINT(52.3222434,4.9753668)";4.9753668;52.3222434;
42;"De Kandelaar";"De Kandelaar";"Bijlmerdreef 1239";"Kerkelijk centrum";"";1;"Evangelische- of Pinksterkerk";"";"POINT(4.9753649,52.3225104)";"POINT(52.3225104,4.9753649)";4.9753649;52.3225104;
43;"De Kandelaar";"De Kandelaar";"Bijlmerdreef 1239";"Kerkelijk centrum";"";1;"Evangelische- of Pinksterkerk";"";"POINT(4.9755242,52.3220831)";"POINT(52.3220831,4.9755242)";4.9755242;52.3220831;
44;"De Kandelaar";"De Kandelaar";"Bijlmerdreef 1239";"Kerkelijk centrum";"";1;"Evangelische- of Pinksterkerk";"";"POINT(4.9753311,52.3220259)";"POINT(52.3220259,4.9753311)";4.9753311;52.3220259;
45;"De Kandelaar";"De Kandelaar";"Bijlmerdreef 1239";"Kerkelijk centrum";"";1;"Evangelische- of Pinksterkerk";"";"POINT(4.975446,52.3221594)";"POINT(52.3221594,4.975446)";4.975446;52.3221594;
46;"Kanzeon Zen centrum Amsterdam";"Kanzeon Zen centrum Amsterdam";"Binnenkant 39";"Onbekend";"";11;"Boeddhistische tempel";"http://zenamsterdam.nl";"POINT(4.9056261,52.3729521)";"POINT(52.3729521,4.9056261)";4.9056261;52.3729521;
47;"Bloemgrachtkerk - Hersteld Apostolische Zendingkerk - stam Juda";"Bloemgrachtkerk";"Bloemgracht 98";"Kerk";"Hersteld Apostolische Zendingkerk - stam Juda";5;"Christelijke kerk overig";"";"POINT(4.880245,52.3747412)";"POINT(52.3747412,4.880245)";4.880245;52.3747412;
48;"UKGR Evangelisch Centrum";"UKGR Evangelisch Centrum";"Borneostraat 40";"Woonhuis";"";1;"Evangelische- of Pinksterkerk";"";"POINT(4.934767,52.3650023)";"POINT(52.3650023,4.934767)";4.934767;52.3650023;
49;"Al Mouahiddine Moskee - Raad van Marokkaanse Moskeeën Noord-Holland (RVM)";"Al Mouahiddine Moskee";"Borrendammehof 32";"School";"Raad van Marokkaanse Moskeeën Noord-Holland (RVM)";6;"Marokkaanse Moskee";"";"POINT(4.7946398,52.3576819)";"POINT(52.3576819,4.7946398)";4.7946398;52.3576819;
50;"Nieuwendammerkerk";"Nieuwendammerkerk";"Brede Kerkepad 8";"Kerk";"";3;"Protestantse Kerk Nederland (PKN)";"";"POINT(4.9406788,52.3917548)";"POINT(52.3917548,4.9406788)";4.9406788;52.3917548;
51;"Koninkrijkszaal - Jehova`s getuigen";"Koninkrijkszaal";"Breedveld 9";"Woonhuis";"Jehova`s getuigen";5;"Christelijke kerk overig";"";"POINT(4.9339082,52.3958823)";"POINT(52.3958823,4.9339082)";4.9339082;52.3958823;
52;"Word Wide Vision Ministries (VPE)";"Word Wide Vision Ministries (VPE)";"Buikslotermeerplein 7";"Onbekend";"";1;"Evangelische- of Pinksterkerk";"http://worldwidevisionchurch.nl";"POINT(4.9351742,52.4000403)";"POINT(52.4000403,4.9351742)";4.9351742;52.4000403;
53;"El Hijra";"El Hijra";"Burgemeester Rendorpstraat 60";"Kerk";"";6;"Marokkaanse Moskee";"";"POINT(4.8282602,52.3760001)";"POINT(52.3760001,4.8282602)";4.8282602;52.3760001;
54;"Catharinakerk (Sint Sharbil) - Syrisch Orthodoxe kerk";"Catharinakerk (Sint Sharbil)";"Burgemeester Eliasstraat 72";"Woonhuis";"Syrisch Orthodoxe kerk";5;"Christelijke kerk overig";"http://www.morephrem.com/nl/cms/index.php?page=st-sharbil-kerk";"POINT(4.8274639,52.3831679)";"POINT(52.3831679,4.8274639)";4.8274639;52.3831679;
55;"Praise Valley Temple";"Praise Valley Temple";"Burgemeester Fockstraat 85";"Onbekend";"";1;"Evangelische- of Pinksterkerk";"http://www.praisevalleytemplewest.org/";"POINT(4.832164,52.3820235)";"POINT(52.3820235,4.832164)";4.832164;52.3820235;
56;"Hersteld Apostolische Zendingkerk - Hersteld Apostolische Zendingkerk";"Hersteld Apostolische Zendingkerk";"Burgemeester Roellstraat 199";"Bankgebouw";"Hersteld Apostolische Zendingkerk";5;"Christelijke kerk overig";"";"POINT(4.813,52.3760802)";"POINT(52.3760802,4.813)";4.813;52.3760802;
57;"Maranathakerk (Bethelkerk) - Maranatha Ministries";"Maranathakerk (Bethelkerk)";"Cabotstraat 35";"Kerk";"Maranatha Ministries";1;"Evangelische- of Pinksterkerk";"";"POINT(4.8547161,52.3679625)";"POINT(52.3679625,4.8547161)";4.8547161;52.3679625;
58;"Moskee Nasr";"Moskee Nasr";"Celebesstraat 79";"Moskee";"";6;"Marokkaanse Moskee";"";"POINT(4.9331982,52.360459)";"POINT(52.360459,4.9331982)";4.9331982;52.360459;
59;"Cheng Yin Tang - True Buddha School (Chinees)";"Cheng Yin Tang";"Chass‚estraat 24";"Onbekend";"True Buddha School (Chinees)";11;"Boeddhistische tempel";"http://nl.wikipedia.org/wiki/Stg.Boeddhistische_Jen_Foo_Ching_Nederland-Jen_Yim_Tang";"POINT(4.8619101,52.3680388)";"POINT(52.3680388,4.8619101)";4.8619101;52.3680388;
60;"Apostolische kerk - Apostolisch Genootschap";"Apostolische kerk";"Clematisstraat 25";"Kerk";"Apostolisch Genootschap";5;"Christelijke kerk overig";"";"POINT(4.915055,52.3920867)";"POINT(52.3920867,4.915055)";4.915055;52.3920867;
61;"Studentenekklesia";"Studentenekklesia";"Da Costakade 102";"Onbekend";"";5;"Christelijke kerk overig";"http://studentenekklesia.nl";"POINT(4.8715951,52.3697783)";"POINT(52.3697783,4.8715951)";4.8715951;52.3697783;
62;"De Liefde (Nicolaas en Barbarakerk)";"De Liefde (Nicolaas en Barbarakerk)";"Da Costakade 10A";"Kerk(zaal) maakt deel uit van woningbouwcomplex";"";2;"Rooms Katholieke kerk";"";"POINT(4.8722718,52.3721816)";"POINT(52.3721816,4.8722718)";4.8722718;52.3721816;
63;"Shekinah ministries";"Shekinah ministries";"Daalwijkdreef 11";"Onbekend";"";1;"Evangelische- of Pinksterkerk";"http://www.shekinah-ministries.org/";"POINT(4.9497688,52.3205191)";"POINT(52.3205191,4.9497688)";4.9497688;52.3205191;
64;"Wi egi Kerki - Evangelische Broedergemeenschap";"Wi egi Kerki";"Kortvoort 73";"Onbekend";"Evangelische Broedergemeenschap";1;"Evangelische- of Pinksterkerk";"";"POINT(4.9723709,52.3141829)";"POINT(52.3141829,4.9723709)";4.9723709;52.3141829;
65;"De Duif (Sint Wilibrordus binnen de Veste) - Oecumenische gemeente (Basisbeweging Nederland [BBN])";"De Duif (Sint Wilibrordus binnen de Veste)";"Prinsengracht 756";"Kerk";"Oecumenische gemeente (Basisbeweging Nederland [BBN])";5;"Christelijke kerk overig";"";"POINT(4.8967068,52.3614356)";"POINT(52.3614356,4.8967068)";4.8967068;52.3614356;
66;"Nassaukerk";"Nassaukerk";"De Wittenkade 111";"Kerk";"";3;"Protestantse Kerk Nederland (PKN)";"";"POINT(4.876982,52.3827178)";"POINT(52.3827178,4.876982)";4.876982;52.3827178;
67;"God is Love Pentecostal Church (Braziliaans)";"God is Love Pentecostal Church (Braziliaans)";"Den brielstraat 6";"Onbekend";"";1;"Evangelische- of Pinksterkerk";"https://en.wikipedia.org/wiki/God_is_Love_Pentecostal_Church";"POINT(4.8584549,52.3844077)";"POINT(52.3844077,4.8584549)";4.8584549;52.3844077;
68;"Guru Ram Das Ashram (3HO)";"Guru Ram Das Ashram (3HO)";"Den Texstraat 46";"Onbekend";"";12;"Sikh tempel";"http://www.sikhs.nl/gurudwara_in_nederland_Amsterdam1.htm";"POINT(4.8953869,52.3586814)";"POINT(52.3586814,4.8953869)";4.8953869;52.3586814;
69;"Celestial Church of Christ";"Celestial Church of Christ";"Dennenrode 100J";"Onbekend";"";1;"Evangelische- of Pinksterkerk";"http://www.celestialchurch.com";"POINT(4.9541862,52.3217932)";"POINT(52.3217932,4.9541862)";4.9541862;52.3217932;
70;"Calvariekerk - Pinkstergemeenten";"Calvariekerk";"Derkinderenstraat 90";"Kerk";"Pinkstergemeenten";1;"Evangelische- of Pinksterkerk";"";"POINT(4.8407571,52.3643881)";"POINT(52.3643881,4.8407571)";4.8407571;52.3643881;
71;"Calvariekerk - Johan Maasbach Wereldzending";"Calvariekerk";"Derkinderenstraat 90";"Kerk";"Johan Maasbach Wereldzending";1;"Evangelische- of Pinksterkerk";"http://www.maasbach.com/site/bezoek-ons/";"POINT(4.8412011,52.3643881)";"POINT(52.3643881,4.8412011)";4.8412011;52.3643881;
72;"Sint Gabriëlkerk - Vrij-Katholieke Kerk";"Sint Gabriëlkerk";"Deurloostraat 17";"Kerk";"Vrij-Katholieke Kerk";5;"Christelijke kerk overig";"";"POINT(4.8937361,52.3460662)";"POINT(52.3460662,4.8937361)";4.8937361;52.3460662;
73;"Vrijburg (Nieuwe Kerk) - Remonstrantse Broederschap (Christelijk gereformeerd)";"Vrijburg (Nieuwe Kerk)";"Diepenbrockstraat 46";"Kerk";"Remonstrantse Broederschap (Christelijk gereformeerd)";5;"Christelijke kerk overig";"";"POINT(4.8827088,52.3458296)";"POINT(52.3458296,4.8827088)";4.8827088;52.3458296;
74;"Vrijburg (Nieuwe Kerk) - Vrijzinnige Protestanten (VVP)";"Vrijburg (Nieuwe Kerk)";"Diepenbrockstraat 46";"Kerk";"Vrijzinnige Protestanten (VVP)";3;"Protestantse Kerk Nederland (PKN)";"";"POINT(4.8824689,52.3457343)";"POINT(52.3457343,4.8824689)";4.8824689;52.3457343;
75;"Maarten Lutherkerk - Nederlands Gereformeerde kerk (NGK)";"Maarten Lutherkerk";"Dintelstraat 134";"Kerk";"Nederlands Gereformeerde kerk (NGK)";4;"Gereformeerde kerk";"";"POINT(4.894871,52.3414275)";"POINT(52.3414275,4.894871)";4.894871;52.3414275;
76;"Maarten Lutherkerk - Church of Urdu Congregation (Pakistaans Christelijk, werken samen met PKN)";"Maarten Lutherkerk";"Dintelstraat 134";"Kerk";"Church of Urdu Congregation (Pakistaans Christelijk, werken samen met PKN)";5;"Christelijke kerk overig";"http://www.pkn.nl/overons/kerkzoeker/kerkzoeker/Paginas/Urdu_Speaking_Congregation_te_Amsterdam.aspx";"POINT(4.89516,52.341416)";"POINT(52.341416,4.89516)";4.89516;52.341416;
77;"Maarten Lutherkerk - Evangelisch Luthers";"Maarten Lutherkerk";"Dintelstraat 134";"Kerk";"Evangelisch Luthers";3;"Protestantse Kerk Nederland (PKN)";"";"POINT(4.8950279,52.3414198)";"POINT(52.3414198,4.8950279)";4.8950279;52.3414198;
78;"Dorpskerk Holysloot - Classis Edam-Zaandam";"Dorpskerk Holysloot";"Dorpsstraat Holysloot 30";"Kerk";"Classis Edam-Zaandam";3;"Protestantse Kerk Nederland (PKN)";"";"POINT(5.0246808,52.4130637)";"POINT(52.4130637,5.0246808)";5.0246808;52.4130637;
79;"Stichting Erdem";"Stichting Erdem";"Dr. H. Colijnstraat 82";"Kerk";"";7;"Turkse Moskee";"";"POINT(4.8068778,52.3793646)";"POINT(52.3793646,4.8068778)";4.8068778;52.3793646;
80;"Dorpskerk Durgerdam - Classis Edam-Zaandam";"Dorpskerk Durgerdam";"Durgerdammerdijk 76";"Kerk";"Classis Edam-Zaandam";3;"Protestantse Kerk Nederland (PKN)";"";"POINT(4.9881618,52.378327)";"POINT(52.378327,4.9881618)";4.9881618;52.378327;
81;"Flatgebouw - Migrantenkerk";"Flatgebouw";"Echtenstein 100B";"Flatgebouw";"Migrantenkerk";1;"Evangelische- of Pinksterkerk";"";"POINT(4.96119,52.3248068)";"POINT(52.3248068,4.96119)";4.96119;52.3248068;
82;"Flatgebouw - Christengemeente Filadelfia van Apocalipsis";"Flatgebouw";"Echtenstein 100D";"Flatgebouw";"Christengemeente Filadelfia van Apocalipsis";1;"Evangelische- of Pinksterkerk";"http://www.chrgemfiladelfiaapoc.nl/";"POINT(4.961612,52.3244254)";"POINT(52.3244254,4.961612)";4.961612;52.3244254;
83;"De Binnenwaai - Protestantse kerk ";"De Binnenwaai";"Ed Pelsterpark 2";"Combi woon en werken ";"Protestantse kerk ";3;"Protestantse Kerk Nederland (PKN)";"https://www.debinnenwaai.nl/";"POINT(4.995857,52.3566634)";"POINT(52.3566634,4.995857)";4.995857;52.3566634;
84;"End Time Revival Ministry";"End Time Revival Ministry";"Eeftink 100F";"Onbekend";"";1;"Evangelische- of Pinksterkerk";"";"POINT(4.9638321,52.3253867)";"POINT(52.3253867,4.9638321)";4.9638321;52.3253867;
85;"Sai Baba groep";"Sai Baba groep";"Eerste Nassaustraat 7";"Onbekend";"";10;"Hindoeistische tempel";"http://www.sathyasai.nl/";"POINT(4.8794162,52.3830878)";"POINT(52.3830878,4.8794162)";4.8794162;52.3830878;
86;"Ressurection power";"Ressurection power";"Egeldonk 100B";"Bedrijfspand";"";1;"Evangelische- of Pinksterkerk";"";"POINT(4.9665391,52.3261077)";"POINT(52.3261077,4.9665391)";4.9665391;52.3261077;
87;"Faried-UL-Islam - Surinaamse Moskee";"Faried-UL-Islam";"Ekingenstraat 9";"Woonhuis";"Surinaamse Moskee";8;"Surinaamse / Pakistaanse Moskee";"";"POINT(4.7968538,52.3567587)";"POINT(52.3567587,4.7968538)";4.7968538;52.3567587;
88;"Ons Lokaal - Vergadering van gelovigen (Darbisten)";"Ons Lokaal";"Emilie Knappertstraat 49";"Samenkomstfunctie";"Vergadering van gelovigen (Darbisten)";1;"Evangelische- of Pinksterkerk";"http://vergadering.nu/vergamsterdam.htm";"POINT(4.8292549,52.3493811)";"POINT(52.3493811,4.8292549)";4.8292549;52.3493811;
89;"Augustanakerk - Evangelisch Luthers?, Protestants";"Augustanakerk";"Erasmusgracht 24";"Kerk";"Evangelisch Luthers?, Protestants";3;"Protestantse Kerk Nederland (PKN)";"";"POINT(4.853317,52.3768355)";"POINT(52.3768355,4.853317)";4.853317;52.3768355;
90;"Koninkrijkszaal - Jehova`s getuigen";"Koninkrijkszaal";"Fagelstraat 106";"Samenkomstfunctie - Woonhuis";"Jehova`s getuigen";5;"Christelijke kerk overig";"";"POINT(4.8744128,52.3800093)";"POINT(52.3800093,4.8744128)";4.8744128;52.3800093;
91;"Christ Church (South) Anglicaanse Kerk  - Anglicaanse Kerk ";"Christ Church (South) Anglicaanse Kerk ";"Fred. Roeskestraat 94A";"School";"Anglicaanse Kerk ";5;"Christelijke kerk overig";"www.christchurch.nl";"POINT(4.8610599,52.3418814)";"POINT(52.3418814,4.8610599)";4.8610599;52.3418814;
92;"Soennah - Raad van Marokkaanse Moskeeën Noord-Holland (RVM)";"Soennah";"Frederik Hendrikstraat 11";"Woonhuis";"Raad van Marokkaanse Moskeeën Noord-Holland (RVM)";6;"Marokkaanse Moskee";"";"POINT(4.874696,52.3771636)";"POINT(52.3771636,4.874696)";4.874696;52.3771636;
93;"Onafhankelijke Baptisten (Etiopisch?)";"Onafhankelijke Baptisten (Etiopisch?)";"Frederik Hendrikstraat 17";"Onbekend";"";5;"Christelijke kerk overig";"";"POINT(4.875356,52.3771445)";"POINT(52.3771445,4.875356)";4.875356;52.3771445;
94;"Taqwah Moskee - Surinaamse Moskee";"Taqwah Moskee";"Generatorstraat 6";"Moskee";"Surinaamse Moskee";8;"Surinaamse / Pakistaanse Moskee";"";"POINT(4.8529398,52.3948256)";"POINT(52.3948256,4.8529398)";4.8529398;52.3948256;
95;"Tesjoengat Israel - Asjkenazisch Orthodox-Joodse Gemeenschap";"Tesjoengat Israel";"Gerard Doustraat 238";"Woonhuis";"Asjkenazisch Orthodox-Joodse Gemeenschap";9;"Joodse synagoge";"";"POINT(4.8978569,52.3570372)";"POINT(52.3570372,4.8978569)";4.8978569;52.3570372;
96;"Ahmadiyya - Surinaamse Moskee";"Ahmadiyya";"Gerard Doustraat 70";"Woonhuis";"Surinaamse Moskee";8;"Surinaamse / Pakistaanse Moskee";"";"POINT(4.8912828,52.3554999)";"POINT(52.3554999,4.8912828)";4.8912828;52.3554999;
97;"Kehilath Ja`akov";"Kehilath Ja`akov";"Gerrit van der Veenstraat 26";"Synagoge";"";9;"Joodse synagoge";"http://www.degerrit.nl/en/";"POINT(4.8803632,52.3489844)";"POINT(52.3489844,4.8803632)";4.8803632;52.3489844;
98;"Hersteld Apostolische Zendingsgemeente";"Hersteld Apostolische Zendingsgemeente";"Gerrit van der Veenstraat 38";"Onbekend";"";5;"Christelijke kerk overig";"http://www.e-kerk.nl/kerk.php?kid=692";"POINT(4.8792622,52.3489958)";"POINT(52.3489958,4.8792622)";4.8792622;52.3489958;
99;"Selimiye Camii Moskee";"Selimiye Camii Moskee";"Govert Flinckstraat 286";"School";"";7;"Turkse Moskee";"";"POINT(4.8974731,52.355931)";"POINT(52.355931,4.8974731)";4.8974731;52.355931;
100;"Christ Church (city centre) - Anglicaanse Kerk";"Christ Church (city centre)";"Groenburgwal 42";"Kerk";"Anglicaanse Kerk";5;"Christelijke kerk overig";"http://www.christchurch.nl";"POINT(4.8977439,52.368569)";"POINT(52.368569,4.8977439)";4.8977439;52.368569;
101;"Holy Ghost Revival Centre";"Holy Ghost Revival Centre";"Groeneveen 6";"Onbekend";"";1;"Evangelische- of Pinksterkerk";"";"POINT(4.972347,52.3215224)";"POINT(52.3215224,4.972347)";4.972347;52.3215224;
102;"Victory Outreach - Migrantenkerk";"Victory Outreach";"H.J.E. Wenckebachweg 117";"Bedrijfspand";"Migrantenkerk";1;"Evangelische- of Pinksterkerk";"";"POINT(4.9276969,52.3373953)";"POINT(52.3373953,4.9276969)";4.9276969;52.3373953;
103;"Lectorium Rosicrucianum";"Lectorium Rosicrucianum";"Hartenstraat 6";"Woonhuis";"";5;"Christelijke kerk overig";"http://www.rozenkruis.nl/";"POINT(4.88644,52.3723494)";"POINT(52.3723494,4.88644)";4.88644;52.3723494;
104;"ROC - Vergadering van gelovigen (Darbisten)";"ROC";"Havikslaan 20";"Woonhuis";"Vergadering van gelovigen (Darbisten)";1;"Evangelische- of Pinksterkerk";"http://vergadering.nu/vergamsterdam.htm";"POINT(4.9155381,52.3853041)";"POINT(52.3853041,4.9155381)";4.9155381;52.3853041;
105;"Raw Aron Schuster Synagoge - Asjkenazisch";"Raw Aron Schuster Synagoge";"Heinzestraat 1";"Woonhuis";"Asjkenazisch";9;"Joodse synagoge";"";"POINT(4.8774602,52.3526198)";"POINT(52.3526198,4.8774602)";4.8774602;52.3526198;
106;"De Blauwe Moskee";"De Blauwe Moskee";"Henri Dunantstraat 12";"Moskee";"";6;"Marokkaanse Moskee";"";"POINT(4.8314979,52.3484122)";"POINT(52.3484122,4.8314979)";4.8314979;52.3484122;
107;"Singelkerk (Het Lam) - Doopsgezinden";"Singelkerk (Het Lam)";"Singel 452";"Kerk";"Doopsgezinden";5;"Christelijke kerk overig";"";"POINT(4.8886359,52.3676955)";"POINT(52.3676955,4.8886359)";4.8886359;52.3676955;
109;"Jesus House for all nations Amsterdam Parish";"Jesus House for all nations Amsterdam Parish";"Hettenheuvelweg 18";"Onbekend";"";1;"Evangelische- of Pinksterkerk";"https://www.facebook.com/pages/RCCG-Jesus-House-Amsterdam/103133319729978?sk=info";"POINT(4.944989,52.304177)";"POINT(52.304177,4.944989)";4.944989;52.304177;
110;"Ebenezer Chapel - Bethel Prayer Ministry";"Ebenezer Chapel";"Hofgeest 140";"Onbekend";"Bethel Prayer Ministry";1;"Evangelische- of Pinksterkerk";"";"POINT(4.9567401,52.3117911)";"POINT(52.3117911,4.9567401)";4.9567401;52.3117911;
111;"Ebenezer Chapel";"Ebenezer Chapel";"Hofgeest 140";"Onbekend";"";1;"Evangelische- of Pinksterkerk";"";"POINT(4.9563038,52.31165)";"POINT(52.31165,4.9563038)";4.9563038;52.31165;
112;"Shri Sitaram Dhaam";"Shri Sitaram Dhaam";"Hogendijk 6";"Onbekend";"";10;"Hindoeistische tempel";"http://www.muhurta.nl/?paginaid=122";"POINT(4.9546468,52.2803961)";"POINT(52.2803961,4.9546468)";4.9546468;52.2803961;
113;"Evangeliekerk De Deur";"Evangeliekerk De Deur";"Holendrechtplein 38";"Onbekend";"";1;"Evangelische- of Pinksterkerk";"http://www.dedeuramsterdam.nl/";"POINT(4.9648459,52.2990004)";"POINT(52.2990004,4.9648459)";4.9648459;52.2990004;
114;"Gemeente van Apostolische Christenen";"Gemeente van Apostolische Christenen";"Hoofdweg 495";"Onbekend";"";5;"Christelijke kerk overig";"http://www.apostolisch.nl/?page_id=19";"POINT(4.8466442,52.3761374)";"POINT(52.3761374,4.8466442)";4.8466442;52.3761374;
115;"Lord Shiva Tempels";"Lord Shiva Tempels";"Hoogoorddreef 79";"Bedrijfspand";"";10;"Hindoeistische tempel";"";"POINT(4.9397042,52.3062789)";"POINT(52.3062789,4.9397042)";4.9397042;52.3062789;
116;"Church of the Rock International";"Church of the Rock International";"Hoptille 179";"Onbekend";"";1;"Evangelische- of Pinksterkerk";"";"POINT(4.9540222,52.3099982)";"POINT(52.3099982,4.9540222)";4.9540222;52.3099982;
117;"Kapel Verpleeghuis De Poort";"Kapel Verpleeghuis De Poort";"Hugo de Grootkade 20";"Kapel (in verpleeghuis De Poort)";"";3;"Protestantse Kerk Nederland (PKN)";"";"POINT(4.8735802,52.3733031)";"POINT(52.3733031,4.8735802)";4.8735802;52.3733031;
118;"De Bron (Emmakerk) - Methodist Church of Ghana";"De Bron (Emmakerk)";"Hugo de Vrieslaan 2";"Kerk";"Methodist Church of Ghana";5;"Christelijke kerk overig";"http://www.pkn.nl/overons/kerkzoeker/kerkzoeker/Paginas/Wesley_Methodist_Church_te_Amsterdam.aspx";"POINT(4.9342301,52.3505866)";"POINT(52.3505866,4.9342301)";4.9342301;52.3505866;
119;"De Bron (Emmakerk)";"De Bron (Emmakerk)";"Hugo de Vrieslaan 2";"Kerk";"";3;"Protestantse Kerk Nederland (PKN)";"";"POINT(4.9345581,52.3507773)";"POINT(52.3507773,4.9345581)";4.9345581;52.3507773;
120;"Maranatha Community Transformation Center";"Maranatha Community Transformation Center";"Huigenbos 100A";"Onbekend";"";1;"Evangelische- of Pinksterkerk";"http://mctc.nl/?article_type=Devotions&p=devotion";"POINT(4.956959,52.3080336)";"POINT(52.3080336,4.956959)";4.956959;52.3080336;
121;"African Methodist Episcopal Church";"African Methodist Episcopal Church";"Huntum 18";"Onbekend";"";5;"Christelijke kerk overig";"";"POINT(4.9613058,52.3089224)";"POINT(52.3089224,4.9613058)";4.9613058;52.3089224;
122;"Maranathakerk (Thomaskerk)";"Maranathakerk (Thomaskerk)";"Hunzestraat 85";"Kerk";"";2;"Rooms Katholieke kerk";"";"POINT(4.905164,52.3423926)";"POINT(52.3423926,4.905164)";4.905164;52.3423926;
123;"Vereniging Moskee Arrayan - Raad van Marokkaanse Moskeeën Noord-Holland (RVM)";"Vereniging Moskee Arrayan";"IJdoornlaan 36";"Onbekend";"Raad van Marokkaanse Moskeeën Noord-Holland (RVM)";6;"Marokkaanse Moskee";"";"POINT(4.9582789,52.391667)";"POINT(52.391667,4.9582789)";4.9582789;52.391667;
124;"Deutsche Evangelische Kirchengemeinde Amsterdam";"Deutsche Evangelische Kirchengemeinde Amsterdam";"J.J. Viottastraat 44";"Woonhuis";"";1;"Evangelische- of Pinksterkerk";"";"POINT(4.8714092,52.3529173)";"POINT(52.3529173,4.8714092)";4.8714092;52.3529173;
125;"A.L.M. De Nossa Senhora de Fatima  (Portugese O.L. Vrouw van Fatima) - Portugees";"A.L.M. De Nossa Senhora de Fatima  (Portugese O.L. Vrouw van Fatima)";"Jacob Catskade 11";"Kerk(zaal) maakt deel uit van woningbouwcomplex";"Portugees";2;"Rooms Katholieke kerk";"";"POINT(4.8783352,52.3812758)";"POINT(52.3812758,4.8783352)";4.8783352;52.3812758;
126;"Stichting Ekmel";"Stichting Ekmel";"Jacob Geelstraat 46";"Onbekend";"";7;"Turkse Moskee";"";"POINT(4.8308771,52.3604628)";"POINT(52.3604628,4.8308771)";4.8308771;52.3604628;
127;"Obrechtkerk";"Obrechtkerk";"Jacob Obrechtstraat 28";"Kerk";"";2;"Rooms Katholieke kerk";"";"POINT(4.875118,52.3558814)";"POINT(52.3558814,4.875118)";4.875118;52.3558814;
128;"Heilige Vincentiuskerk";"Heilige Vincentiuskerk";"Jacob van Lennepkade 211";"Kerk(zaal) maakt deel uit van woningbouwcomplex";"";2;"Rooms Katholieke kerk";"";"POINT(4.8626802,52.3624884)";"POINT(52.3624884,4.8626802)";4.8626802;52.3624884;
129;"Molukse Evangelische Kerk";"Molukse Evangelische Kerk";"Jacques Perkstraat 1";"Kerk";"";5;"Christelijke kerk overig";"";"POINT(4.8179972,52.3769194)";"POINT(52.3769194,4.8179972)";4.8179972;52.3769194;
130;"Universele Kerk van Gods Rijk (UKGR) - Migrantenkerk";"Universele Kerk van Gods Rijk (UKGR)";"Jan Evertsenstraat 18";"Woonhuis";"Migrantenkerk";1;"Evangelische- of Pinksterkerk";"";"POINT(4.8583891,52.371472)";"POINT(52.371472,4.8583891)";4.8583891;52.371472;
131;"Stichting el Mohammadi";"Stichting el Mohammadi";"Jan Evertsenstraat 201";"Woonhuis";"";6;"Marokkaanse Moskee";"";"POINT(4.8412378,52.3691146)";"POINT(52.3691146,4.8412378)";4.8412378;52.3691146;
132;"Stichting el Tawheed";"Stichting el Tawheed";"Jan Hanzenstraat 114";"Woonhuis";"";6;"Marokkaanse Moskee";"";"POINT(4.8640292,52.3676612)";"POINT(52.3676612,4.8640292)";4.8640292;52.3676612;
133;"Jeruzalemkerk";"Jeruzalemkerk";"Jan Maijenstraat 14";"Kerk";"";3;"Protestantse Kerk Nederland (PKN)";"";"POINT(4.8520029,52.3713461)";"POINT(52.3713461,4.8520029)";4.8520029;52.3713461;
134;"Christengemeente van het nieuwe verbond (GKPB) (VPE) [Indonesisch]";"Christengemeente van het nieuwe verbond (GKPB) (VPE) [Indonesisch]";"Jan Rebelstraat 2";"Onbekend";"";1;"Evangelische- of Pinksterkerk";"http://gkpb.nl/";"POINT(4.7865908,52.3601767)";"POINT(52.3601767,4.7865908)";4.7865908;52.3601767;
135;"Elthetokerk";"Elthetokerk";"Javastraat 118";"Kerk(zaal) maakt deel uit van woningbouwcomplex";"";3;"Protestantse Kerk Nederland (PKN)";"";"POINT(4.9372771,52.3636099)";"POINT(52.3636099,4.9372771)";4.9372771;52.3636099;
136;"Nieuw-Apostolische Kerk";"Nieuw-Apostolische Kerk";"Johan Braakensiekhof 1";"Samenkomstfunctie";"";5;"Christelijke kerk overig";"";"POINT(4.8174512,52.3531119)";"POINT(52.3531119,4.8174512)";4.8174512;52.3531119;
137;"Moskee Imam Malik";"Moskee Imam Malik";"Johan Huizingalaan 146";"Winkel";"";6;"Marokkaanse Moskee";"";"POINT(4.8266609,52.3595358)";"POINT(52.3595358,4.8266609)";4.8266609;52.3595358;
138;"Vereniging De Vrije Gemeente";"Vereniging De Vrije Gemeente";"Johannes Vermeerstraat 19";"Onbekend";"";5;"Christelijke kerk overig";"http://www.vrijegemeente.nl";"POINT(4.8844359,52.3573844)";"POINT(52.3573844,4.8844359)";4.8844359;52.3573844;
139;"Portugese Synagoge - Portugees Israelitische Gemeente";"Portugese Synagoge";"Jonas Daniel Meijerplein 5";"Synagoge";"Portugees Israelitische Gemeente";9;"Joodse synagoge";"";"POINT(4.9046118,52.3675887)";"POINT(52.3675887,4.9046118)";4.9046118;52.3675887;
140;"Berea Gemeente";"Berea Gemeente";"Joop Geesinkweg 313";"Onbekend";"";5;"Christelijke kerk overig";"http://www.berea.nl/";"POINT(4.9328239,52.3353545)";"POINT(52.3353545,4.9328239)";4.9328239;52.3353545;
141;"Moskee el Fath al Moebien";"Moskee el Fath al Moebien";"Joubertstraat 15";"School";"";6;"Marokkaanse Moskee";"";"POINT(4.9174139,52.3535048)";"POINT(52.3535048,4.9174139)";4.9174139;52.3535048;
142;"Moskee Eyp Sultan";"Moskee Eyp Sultan";"Joubertstraat 15";"School";"";7;"Turkse Moskee";"";"POINT(4.9171922,52.3532683)";"POINT(52.3532683,4.9171922)";4.9171922;52.3532683;
143;"AMOS";"AMOS";"Kalfjeslaan 376";"Onbekend";"";9;"Joodse synagoge";"http://www.amossjoel.nl/";"POINT(4.859607,52.3220755)";"POINT(52.3220755,4.859607)";4.859607;52.3220755;
144;"Heilige Petrus en Pauluskerk (de Papegaai)";"Heilige Petrus en Pauluskerk (de Papegaai)";"Kalverstraat 58";"Kerk";"";2;"Rooms Katholieke kerk";"";"POINT(4.8918421,52.3712203)";"POINT(52.3712203,4.8918421)";4.8918421;52.3712203;
145;"Sint Stephanuskerk";"Sint Stephanuskerk";"Kamperfoelieweg 211";"Kerk";"";2;"Rooms Katholieke kerk";"";"POINT(4.9100392,52.3995101)";"POINT(52.3995101,4.9100392)";4.9100392;52.3995101;
146;"Gemeente des Heeren";"Gemeente des Heeren";"Karperstraat 2";"Samenkomstfunctie";"";1;"Evangelische- of Pinksterkerk";"";"POINT(4.8561552,52.3482939)";"POINT(52.3482939,4.8561552)";4.8561552;52.3482939;
147;"Ouderencentrum Beth Shalom";"Ouderencentrum Beth Shalom";"Kastelenstraat 80";"Onbekend";"";9;"Joodse synagoge";"http://nihs.nl/synagoges/nihs-synagoges/";"POINT(4.8810189,52.3261954)";"POINT(52.3261954,4.8810189)";4.8810189;52.3261954;
148;"Sinaï Ministries";"Sinaï Ministries";"Keienbergweg 58";"Onbekend";"";1;"Evangelische- of Pinksterkerk";"https://www.facebook.com/SinaiMinistriesHq/info";"POINT(4.9339359,52.3068587)";"POINT(52.3068587,4.9339359)";4.9339359;52.3068587;
149;"Onze Lieve Vrouwekerk (Moeder Godskerk) - Syrisch Orthodoxe kerk";"Onze Lieve Vrouwekerk (Moeder Godskerk)";"Keizersgracht 220";"Kerk";"Syrisch Orthodoxe kerk";5;"Christelijke kerk overig";"http://www.morephrem.com/nl/cms/index.php?page=moeder-gods-kerk";"POINT(4.8845179,52.3728758)";"POINT(52.3728758,4.8845179)";4.8845179;52.3728758;
150;"Onze Lieve Vrouwekerk (Moeder Godskerk) - Opus Dei, ook Surinaams, Italiaans, Ethiopische/Eritirees";"Onze Lieve Vrouwekerk (Moeder Godskerk)";"Keizersgracht 220";"Kerk";"Opus Dei, ook Surinaams, Italiaans, Ethiopische/Eritirees";2;"Rooms Katholieke kerk";"";"POINT(4.884165,52.3728835)";"POINT(52.3728835,4.884165)";4.884165;52.3728835;
151;"Keizersgrachtkerk";"Keizersgrachtkerk";"Keizersgracht 566";"Kerk";"";3;"Protestantse Kerk Nederland (PKN)";"";"POINT(4.8881271,52.3646475)";"POINT(52.3646475,4.8881271)";4.8881271;52.3646475;
152;"Church of Pentecost - Nederlandse Pinkster - en volle evangeliebeweging";"Church of Pentecost";"Kempering 58";"Samenkomstfunctie";"Nederlandse Pinkster - en volle evangeliebeweging";1;"Evangelische- of Pinksterkerk";"";"POINT(4.9783742,52.3152014)";"POINT(52.3152014,4.9783742)";4.9783742;52.3152014;
153;"Church of Ephesians";"Church of Ephesians";"Kikkenstein 2323";"Onbekend";"";1;"Evangelische- of Pinksterkerk";"";"POINT(4.9734828,52.3169715)";"POINT(52.3169715,4.9734828)";4.9734828;52.3169715;
154;"Christengemeente De Oogst";"Christengemeente De Oogst";"Kikkenstein 2919";"Onbekend";"";1;"Evangelische- of Pinksterkerk";"";"POINT(4.9742382,52.3169028)";"POINT(52.3169028,4.9742382)";4.9742382;52.3169028;
155;"Mana kerk (Mana Igreja Christa) - Portugees";"Mana kerk (Mana Igreja Christa)";"Klaprozenweg 11";"Woonhuis";"Portugees";1;"Evangelische- of Pinksterkerk";"";"POINT(4.911392,52.3952986)";"POINT(52.3952986,4.911392)";4.911392;52.3952986;
156;"Deeper Christian Life Ministries";"Deeper Christian Life Ministries";"Klieverink 971";"Onbekend";"";1;"Evangelische- of Pinksterkerk";"http://www.deeperlife.nl/";"POINT(4.9817979,52.3161017)";"POINT(52.3161017,4.9817979)";4.9817979;52.3161017;
157;"Regenboogkerk - Nederlandse Pinkster - en volle evangeliebeweging";"Regenboogkerk";"Kometensingel 58";"Kerk";"Nederlandse Pinkster - en volle evangeliebeweging";1;"Evangelische- of Pinksterkerk";"";"POINT(4.8929398,52.4150321)";"POINT(52.4150321,4.8929398)";4.8929398;52.4150321;
158;"Glad Tidings Assembly of God";"Glad Tidings Assembly of God";"Kortvoort 67";"Onbekend";"";1;"Evangelische- of Pinksterkerk";"";"POINT(4.9731119,52.3149649)";"POINT(52.3149649,4.9731119)";4.9731119;52.3149649;
159;"Zevende-dags adventisten";"Zevende-dags adventisten";"Kortvoort 73";"Onbekend";"";5;"Christelijke kerk overig";"http://www.adventist.nl/locatie/";"POINT(4.9723709,52.3141829)";"POINT(52.3141829,4.9723709)";4.9723709;52.3141829;
160;"Lighthouse Chapel - Kerkgenootschap der Zevende-dags Adventisten (Ghanees)";"Lighthouse Chapel";"Kraaiennest 120";"Samenkomstfunctie";"Kerkgenootschap der Zevende-dags Adventisten (Ghanees)";1;"Evangelische- of Pinksterkerk";"";"POINT(4.9806759,52.3158042)";"POINT(52.3158042,4.9806759)";4.9806759;52.3158042;
161;"Lighthouse Chapel - Pinkstergemeente Zuidoost";"Lighthouse Chapel";"Kraaiennest 120";"Samenkomstfunctie";"Pinkstergemeente Zuidoost";1;"Evangelische- of Pinksterkerk";"http://www.pinkstergemeenteamsterdamzuidoost.nl/?page_id=679";"POINT(4.9802191,52.31622)";"POINT(52.31622,4.9802191)";4.9802191;52.31622;
162;"Djame Masdjied Taibah";"Djame Masdjied Taibah";"Kraaiennest 125";"Moskee";"";8;"Surinaamse / Pakistaanse Moskee";"";"POINT(4.9797461,52.3157393)";"POINT(52.3157393,4.9797461)";4.9797461;52.3157393;
163;"Redemption faith ministries";"Redemption faith ministries";"Kralenbeek 50";"Samenkomstfunctie";"";1;"Evangelische- of Pinksterkerk";"";"POINT(4.9768088,52.314736)";"POINT(52.314736,4.9768088)";4.9768088;52.314736;
164;"Church of Christ - Evangelisch / Pinkstergemeente / Migrantenkerk";"Church of Christ";"Krimpertplein 3A";"Samenkomstfunctie";"Evangelisch / Pinkstergemeente / Migrantenkerk";1;"Evangelische- of Pinksterkerk";"";"POINT(4.969353,52.3169753)";"POINT(52.3169753,4.969353)";4.969353;52.3169753;
165;"Armeens Apostolische kerk Amsterdam - Armeens Apostolische Kerk";"Armeens Apostolische kerk Amsterdam";"Krom Boomssloot 22";"Kantoorachtig huizencomplex";"Armeens Apostolische Kerk";5;"Christelijke kerk overig";"";"POINT(4.9022019,52.3717772)";"POINT(52.3717772,4.9022019)";4.9022019;52.3717772;
166;"Rigpa Nederland - Tibetaans, verhuisd";"Rigpa Nederland";"Kuipersstraat 148";"Onbekend";"Tibetaans, verhuisd";11;"Boeddhistische tempel";"http://www.rigpa.nl/";"POINT(4.9000719,52.3531119)";"POINT(52.3531119,4.9000719)";4.9000719;52.3531119;
167;"Jewish Agency for Israel - Stichting Cefina / Jewish Agency for Israel?";"Jewish Agency for Israel";"Landskroon 3";"Onbekend";"Stichting Cefina / Jewish Agency for Israel?";9;"Joodse synagoge";"";"POINT(4.8604581,52.3258177)";"POINT(52.3258177,4.8604581)";4.8604581;52.3258177;
168;"Lekstraatsjoel - Joodse Gemeenschap";"Lekstraatsjoel";"Lekstraat 61";"Synagoge";"Joodse Gemeenschap";9;"Joodse synagoge";"";"POINT(4.9030602,52.3442618)";"POINT(52.3442618,4.9030602)";4.9030602;52.3442618;
169;"Heilige Nikolaas van Myrakerk (Tichelkerk) - Russisch-orthodoxe kerk";"Heilige Nikolaas van Myrakerk (Tichelkerk)";"Lijnbaansgracht 48";"Kerk";"Russisch-orthodoxe kerk";5;"Christelijke kerk overig";"";"POINT(4.8802268,52.3789374)";"POINT(52.3789374,4.8802268)";4.8802268;52.3789374;
170;"Hofkerk (Martelaren van Gorcumkerk)";"Hofkerk (Martelaren van Gorcumkerk)";"Linnaeushof 93";"Kerk";"";2;"Rooms Katholieke kerk";"";"POINT(4.9334061,52.3530623)";"POINT(52.3530623,4.9334061)";4.9334061;52.3530623;
171;"Muiderkerk";"Muiderkerk";"Linnaeusstraat 35G";"Kerk";"";3;"Protestantse Kerk Nederland (PKN)";"";"POINT(4.9244358,52.3616835)";"POINT(52.3616835,4.9244358)";4.9244358;52.3616835;
172;"Tesfa Birhan Kerk (Etiopisch)";"Tesfa Birhan Kerk (Etiopisch)";"Linnaeusstraat 37";"Kerk";"";1;"Evangelische- of Pinksterkerk";"https://www.facebook.com/pages/Ethiopian-Evangelical-Church-of-Amsterdam-Tesfa-Birhan/165364250146549?sk=info";"POINT(4.9244211,52.3616835)";"POINT(52.3616835,4.9244211)";4.9244211;52.3616835;
173;"Gerardus Majellakerk";"Gerardus Majellakerk";"Lombokstraat 2";"Samenkomstfunctie";"";2;"Rooms Katholieke kerk";"";"POINT(4.9364459,52.3659255)";"POINT(52.3659255,4.9364459)";4.9364459;52.3659255;
174;"Bijbelcentrum bij Simon de Looier - Gereformeerde Gemeente in Nederland en Noord-Amerika";"Bijbelcentrum bij Simon de Looier";"Looiersgracht 70";"Kerkgebouw";"Gereformeerde Gemeente in Nederland en Noord-Amerika";4;"Gereformeerde kerk";"";"POINT(4.8804939,52.3683592)";"POINT(52.3683592,4.8804939)";4.8804939;52.3683592;
175;"Apostolisch Genootschap - Apostolisch Genootschap";"Apostolisch Genootschap";"Louis Bouwmeesterstraat 214";"Kerk";"Apostolisch Genootschap";5;"Christelijke kerk overig";"https://www.apgen.nl/locaties/amstelveen/amsterdam-slotervaart/";"POINT(4.8315222,52.3523223)";"POINT(52.3523223,4.8315222)";4.8315222;52.3523223;
176;"Verrijzeniskerk - Antilliaans - Arubaans (papiaments)";"Verrijzeniskerk";"Louis Bouwmeesterstraat 74";"Kerk";"Antilliaans - Arubaans (papiaments)";2;"Rooms Katholieke kerk";"";"POINT(4.822715,52.3523528)";"POINT(52.3523528,4.822715)";4.822715;52.3523528;
177;"De Verbinding - ";"De Verbinding";"Louis Couperusstraat 133";"Kerk";"";5;"Christelijke kerk overig";"";"POINT(4.8241908,52.3760344)";"POINT(52.3760344,4.8241908)";4.8241908;52.3760344;
178;"Stichting Karma Kagyu Centrum Amsterdam-West - Tibetaans Diamantweg-boeddhisme (Vajrayana)";"Stichting Karma Kagyu Centrum Amsterdam-West";"Lumeijstraat 43";"Onbekend";"Tibetaans Diamantweg-boeddhisme (Vajrayana)";11;"Boeddhistische tempel";"http://www.diamantweg-boeddhisme.nl/content/view/402/98/";"POINT(4.8608429,52.3738371)";"POINT(52.3738371,4.8608429)";4.8608429;52.3738371;
179;"De Nieuwe Stad - Christian Baptist Church (Ghanees)";"De Nieuwe Stad";"Luthuliplein 11";"Kerkelijk centrum";"Christian Baptist Church (Ghanees)";1;"Evangelische- of Pinksterkerk";"";"POINT(4.968507,52.3191077)";"POINT(52.3191077,4.968507)";4.968507;52.3191077;
180;"Christ Church (South-East) – Anglicaanse Kerk - Anglicaanse Kerk";"Christ Church (South-East) – Anglicaanse Kerk";"Luthuliplein 11";"Kerkelijk centrum";"Anglicaanse Kerk";5;"Christelijke kerk overig";"http://www.christchurch.nl";"POINT(4.9686372,52.3190161)";"POINT(52.3190161,4.9686372)";4.9686372;52.3190161;
181;"De Nieuwe Stad";"De Nieuwe Stad";"Luthuliplein 11";"Kerkelijk centrum";"";2;"Rooms Katholieke kerk";"";"POINT(4.968147,52.3190886)";"POINT(52.3190886,4.968147)";4.968147;52.3190886;
182;"De Nieuwe Stad - Persekutuan Kristen Indonesia (PERKI)";"De Nieuwe Stad";"Luthuliplein 11";"Kerkelijk centrum";"Persekutuan Kristen Indonesia (PERKI)";5;"Christelijke kerk overig";"http://www.perki-nl.org/zuidoost.html";"POINT(4.9683359,52.3191229)";"POINT(52.3191229,4.9683359)";4.9683359;52.3191229;
183;"De Nieuwe Stad - Zevende-dags adventisten";"De Nieuwe Stad";"Luthuliplein 11";"Kerkelijk centrum";"Zevende-dags adventisten";5;"Christelijke kerk overig";"http://www.adventist.nl/locatie/";"POINT(4.968632,52.3188445)";"POINT(52.3188445,4.968632)";4.968632;52.3188445;
184;"De Nieuwe Stad";"De Nieuwe Stad";"Luthuliplein 11";"Kerkelijk centrum";"";5;"Christelijke kerk overig";"http://www.adventist.nl/locatie/";"POINT(4.9684241,52.3189665)";"POINT(52.3189665,4.9684241)";4.9684241;52.3189665;
185;"De Nieuwe Stad";"De Nieuwe Stad";"Luthuliplein 11";"Kerkelijk centrum";"";5;"Christelijke kerk overig";"http://www.adventist.nl/locatie/";"POINT(4.9683149,52.3188368)";"POINT(52.3188368,4.9683149)";4.9683149;52.3188368;
186;"De Nieuwe Stad";"De Nieuwe Stad";"Luthuliplein 11";"Kerkelijk centrum";"";5;"Christelijke kerk overig";"http://www.adventist.nl/locatie/";"POINT(4.9681861,52.3189894)";"POINT(52.3189894,4.9681861)";4.9681861;52.3189894;
187;"Onze Lieve Vrouwe van Lourdeskerk (Het Nieuwe Verbond )";"Onze Lieve Vrouwe van Lourdeskerk (Het Nieuwe Verbond )";"M.J. Granpre Moliereplein 2";"Kerk";"";2;"Rooms Katholieke kerk";"";"POINT(4.820555,52.3744628)";"POINT(52.3744628,4.820555)";4.820555;52.3744628;
188;"Pinkstergemeente Klein Jeruzalem - Woonwagenzending (VPE)";"Pinkstergemeente Klein Jeruzalem";"Ma braunpad 22";"Onbekend";"Woonwagenzending (VPE)";1;"Evangelische- of Pinksterkerk";"http://www.woonwagenzending.nl";"POINT(4.7936108,52.3665473)";"POINT(52.3665473,4.7936108)";4.7936108;52.3665473;
189;"Meerpadkerk - Doopsgezinden";"Meerpadkerk";"Meerpad 9";"Kerk";"Doopsgezinden";5;"Christelijke kerk overig";"";"POINT(4.934181,52.3922164)";"POINT(52.3922164,4.934181)";4.934181;52.3922164;
190;"EL Mouhssinine - Raad van Marokkaanse Moskeeën Noord-Holland (RVM)";"EL Mouhssinine";"Meeuwenlaan 31";"Moskee";"Raad van Marokkaanse Moskeeën Noord-Holland (RVM)";6;"Marokkaanse Moskee";"";"POINT(4.9131071,52.3832442)";"POINT(52.3832442,4.9131071)";4.9131071;52.3832442;
191;"Kerk Gereformeerde Gemeente - Gereformeerde Gemeente in Nederland en Noord-Amerika";"Kerk Gereformeerde Gemeente";"Melkweg 16";"Kerk";"Gereformeerde Gemeente in Nederland en Noord-Amerika";4;"Gereformeerde kerk";"";"POINT(4.8812458,52.4183547)";"POINT(52.4183547,4.8812458)";4.8812458;52.4183547;
192;"Moskee al-Ihsaan";"Moskee al-Ihsaan";"Mendes Da Costahof 28";"Gymzaaltjes";"";6;"Marokkaanse Moskee";"";"POINT(4.7991311,52.3765875)";"POINT(52.3765875,4.7991311)";4.7991311;52.3765875;
193;"Beis HaMedrasj Ets Chaim";"Beis HaMedrasj Ets Chaim";"Merckenburg 3";"Onbekend";"";9;"Joodse synagoge";"http://www.beishamedrasj.nl/";"POINT(4.8711111,52.3254592)";"POINT(52.3254592,4.8711111)";4.8711111;52.3254592;
194;"Koninkrijkszaal - Jehova`s getuigen";"Koninkrijkszaal";"Meteorenweg 285";"Samenkomstfunctie";"Jehova`s getuigen";5;"Christelijke kerk overig";"";"POINT(4.8801658,52.415177)";"POINT(52.415177,4.8801658)";4.8801658;52.415177;
195;"Rigdzin Community Nederland - Tibetaans boeddhistische Nyingma traditie";"Rigdzin Community Nederland";"Middenweg 22";"Onbekend";"Tibetaans boeddhistische Nyingma traditie";11;"Boeddhistische tempel";"http://www.rigdzin.nl/";"POINT(4.928972,52.3545844)";"POINT(52.3545844,4.928972)";4.928972;52.3545844;
196;"Maranathakerk - Koptisch Orthodoxe kerk";"Maranathakerk";"Mosplein 40";"Kerk";"Koptisch Orthodoxe kerk";5;"Christelijke kerk overig";"http://koptischekerk.nl/";"POINT(4.9130771,52.3929526)";"POINT(52.3929526,4.9130771)";4.9130771;52.3929526;
197;"Russisch-Orthodoxe Kerk H. Maria van Egypte";"Russisch-Orthodoxe Kerk H. Maria van Egypte";"Muiderstraat 10";"Onbekend";"";5;"Christelijke kerk overig";"";"POINT(4.906008,52.3674704)";"POINT(52.3674704,4.906008)";4.906008;52.3674704;
198;"Russisch Katholieke Kerk";"Russisch Katholieke Kerk";"Nieuwe Keizersgracht 94";"Onbekend";"";2;"Rooms Katholieke kerk";"http://reliwiki.nl/index.php?title=Amsterdam,_Nieuwe_Keizersgracht_94_-_St_Elisabeth";"POINT(4.9065912,52.3651167)";"POINT(52.3651167,4.9065912)";4.9065912;52.3651167;
199;"Nidchei JisrJechann";"Nidchei JisrJechann";"Nieuwe Kerkstraat 149";"Woonhuis";"";9;"Joodse synagoge";"";"POINT(4.9090021,52.3648688)";"POINT(52.3648688,4.9090021)";4.9090021;52.3648688;
200;"Uilenburgersynagoge - Asjkenazisch Joods / Huis van Vernieuwing";"Uilenburgersynagoge";"Nieuwe Uilenburgerstraat 91";"Synagoge";"Asjkenazisch Joods / Huis van Vernieuwing";9;"Joodse synagoge";"";"POINT(4.9052741,52.3701979)";"POINT(52.3701979,4.9052741)";4.9052741;52.3701979;
201;"Sint Augustinuskerk";"Sint Augustinuskerk";"Nieuwendammerdijk 227";"Kerk";"";2;"Rooms Katholieke kerk";"";"POINT(4.9353921,52.391545)";"POINT(52.391545,4.9353921)";4.9353921;52.391545;
202;"Noorderkerk - Protestantsekerk Nederland";"Noorderkerk";"Noordermarkt 44";"Kerk";"Protestantsekerk Nederland";3;"Protestantse Kerk Nederland (PKN)";" www.noorderkerk.nl";"POINT(4.8863151,52.3795325)";"POINT(52.3795325,4.8863151)";4.8863151;52.3795325;
203;"Willem de Zwijgerkerk";"Willem de Zwijgerkerk";"Olympiakade 8";"Kerk";"";3;"Protestantse Kerk Nederland (PKN)";"";"POINT(4.8630688,52.3494307)";"POINT(52.3494307,4.8630688)";4.8630688;52.3494307;
204;"Turkse Sleymaniye Moskee";"Turkse Sleymaniye Moskee";"Ookmeerweg 206";"Bedrijfspand";"";7;"Turkse Moskee";"";"POINT(4.7999861,52.3652236)";"POINT(52.3652236,4.7999861)";4.7999861;52.3652236;
205;"Oosterparkkerk - Gereformeerde kerk vrijgemaakt (GKV)";"Oosterparkkerk";"Oosterpark 4";"Kerk";"Gereformeerde kerk vrijgemaakt (GKV)";4;"Gereformeerde kerk";"";"POINT(4.915807,52.3600127)";"POINT(52.3600127,4.915807)";4.915807;52.3600127;
206;"Sint Lucaskerk";"Sint Lucaskerk";"Osdorper Ban 130";"Kerk";"";2;"Rooms Katholieke kerk";"";"POINT(4.7955859,52.3615958)";"POINT(52.3615958,4.7955859)";4.7955859;52.3615958;
207;"Koninkrijkszaal - Jehova`s getuigen";"Koninkrijkszaal";"Osdorper Ban 154";"Samenkomstfunctie";"Jehova`s getuigen";5;"Christelijke kerk overig";"";"POINT(4.788326,52.3599936)";"POINT(52.3599936,4.788326)";4.788326;52.3599936;
208;"De Sloterkerk - Protestantse Kerk";"De Sloterkerk";"Osdorperweg 28";"Kerk";"Protestantse Kerk";3;"Protestantse Kerk Nederland (PKN)";"www.osdorpsloten.nl";"POINT(4.7976348,52.3421294)";"POINT(52.3421294,4.7976348)";4.7976348;52.3421294;
209;"Haci Bayram";"Haci Bayram";"Osdorperweg 386";"School";"";7;"Turkse Moskee";"";"POINT(4.7893002,52.3584715)";"POINT(52.3584715,4.7893002)";4.7893002;52.3584715;
210;"Koningskerk - Evangelische Broedergemeente";"Koningskerk";"Ostwaldstraat 5";"Kerk";"Evangelische Broedergemeente";1;"Evangelische- of Pinksterkerk";"";"POINT(4.9357722,52.3484274)";"POINT(52.3484274,4.9357722)";4.9357722;52.3484274;
211;"Oude kerk";"Oude kerk";"Oudekerksplein 1";"Kerk";"";3;"Protestantse Kerk Nederland (PKN)";"";"POINT(4.8986342,52.3744666)";"POINT(52.3744666,4.8986342)";4.8986342;52.3744666;
212;"Allemanskapel van Sint Joris - Oecumenische groepen en gemeenschappen";"Allemanskapel van Sint Joris";"Oudezijds Achterburgwal 100";"Woonhuis";"Oecumenische groepen en gemeenschappen";5;"Christelijke kerk overig";"";"POINT(4.8980071,52.3727652)";"POINT(52.3727652,4.8980071)";4.8980071;52.3727652;
213;"Stichting Dzogchen Nederland";"Stichting Dzogchen Nederland";"Overbrakerpad 2";"Onbekend";"";11;"Boeddhistische tempel";"http://www.dzogchen.nl";"POINT(4.8639371,52.3878905)";"POINT(52.3878905,4.8639371)";4.8639371;52.3878905;
214;"C3 Church";"C3 Church";"Paasheuvelweg 24";"Onbekend";"";1;"Evangelische- of Pinksterkerk";"http://www.c3amsterdam.nl/index.php";"POINT(4.9520118,52.2966544)";"POINT(52.2966544,4.9520118)";4.9520118;52.2966544;
215;"Universal Christian Faith Ministries";"Universal Christian Faith Ministries";"Paasheuvelweg 34H";"Onbekend";"";1;"Evangelische- of Pinksterkerk";"http://universalchristianfaith.com/";"POINT(4.9531791,52.2972342)";"POINT(52.2972342,4.9531791)";4.9531791;52.2972342;
216;"Love Christian Centre";"Love Christian Centre";"Paasheuvelweg 36";"Onbekend";"";1;"Evangelische- of Pinksterkerk";"http://www.lccamsterdam.org/aboutus/?id=5";"POINT(4.952225,52.2972914)";"POINT(52.2972914,4.952225)";4.952225;52.2972914;
217;"Boeddhistisch Centrum Amsterdam Triratna - Triratna Boeddhistische Beweging";"Boeddhistisch Centrum Amsterdam Triratna";"Palmstraat 63";"Onbekend";"Triratna Boeddhistische Beweging";11;"Boeddhistische tempel";"http://www.bcatriratna.nl/";"POINT(4.8835022,52.3815428)";"POINT(52.3815428,4.8835022)";4.8835022;52.3815428;
218;"Petrus en Pauluskerk - Oud-Katholieke Kerk";"Petrus en Pauluskerk";"Pieter Baststraat 3";"Kerk";"Oud-Katholieke Kerk";5;"Christelijke kerk overig";"";"POINT(4.884578,52.3539435)";"POINT(52.3539435,4.884578)";4.884578;52.3539435;
219;"Sint Pauluskerk - Ook Pools";"Sint Pauluskerk";"Pieter Calandlaan 194";"Kerk";"Ook Pools";2;"Rooms Katholieke kerk";"";"POINT(4.800904,52.3524291)";"POINT(52.3524291,4.800904)";4.800904;52.3524291;
220;"Vredeskerk";"Vredeskerk";"Pijnackerstraat 11";"Kerk";"";2;"Rooms Katholieke kerk";"";"POINT(4.8899658,52.3498694)";"POINT(52.3498694,4.8899658)";4.8899658;52.3498694;
221;"Bethelkerk - CityChangers Amsterdam (VPE)";"Bethelkerk";"Plejadenplein 44";"Kerk";"CityChangers Amsterdam (VPE)";1;"Evangelische- of Pinksterkerk";"";"POINT(4.8856661,52.4144026)";"POINT(52.4144026,4.8856661)";4.8856661;52.4144026;
222;"Bethelkerk";"Bethelkerk";"Plejadenplein 44";"Kerk";"";3;"Protestantse Kerk Nederland (PKN)";"";"POINT(4.8859341,52.4142768)";"POINT(52.4142768,4.8859341)";4.8859341;52.4142768;
223;"Indonesian Full Gospel Fellowship";"Indonesian Full Gospel Fellowship";"Poeldijkstraat 8";"Onbekend";"";1;"Evangelische- of Pinksterkerk";"http://www.ifgf.org/";"POINT(4.8445561,52.3506247)";"POINT(52.3506247,4.8445561)";4.8445561;52.3506247;
224;"Sint Jan de Doperkerk";"Sint Jan de Doperkerk";"Poeldijkstraat 8A";"Kerk(zaal) maakt deel uit van woningbouwcomplex";"";2;"Rooms Katholieke kerk";"";"POINT(4.8437092,52.3507277)";"POINT(52.3507277,4.8437092)";4.8437092;52.3507277;
225;"Sint Augustinuskerk";"Sint Augustinuskerk";"Postjesweg 123";"Kerk maakt deel uit van verzorgingstehuis";"";2;"Rooms Katholieke kerk";"";"POINT(4.8514612,52.3639838)";"POINT(52.3639838,4.8514612)";4.8514612;52.3639838;
226;"Herdenkingskerk - Baptisme (Unie van Baptisten Gemeenten in Nederland)";"Herdenkingskerk";"Postjesweg 150";"Kerk";"Baptisme (Unie van Baptisten Gemeenten in Nederland)";1;"Evangelische- of Pinksterkerk";"http://www.baptisten.nl";"POINT(4.8362529,52.364514)";"POINT(52.364514,4.8362529)";4.8362529;52.364514;
227;"Herdenkingskerk - Communidade Christa em Amsterdam";"Herdenkingskerk";"Postjesweg 150";"Kerk";"Communidade Christa em Amsterdam";5;"Christelijke kerk overig";"http://www.cca-online.nl/contato.html";"POINT(4.8357398,52.3644568)";"POINT(52.3644568,4.8357398)";4.8357398;52.3644568;
228;"Herdenkingskerk - Vergadering van gelovigen (Darbisten)";"Herdenkingskerk";"Postjesweg 150";"Kerk";"Vergadering van gelovigen (Darbisten)";1;"Evangelische- of Pinksterkerk";"http://vergadering.nu/vergamsterdam.htm";"POINT(4.835252,52.3644568)";"POINT(52.3644568,4.835252)";4.835252;52.3644568;
229;"El Ouma Moskee";"El Ouma Moskee";"Postjesweg 179";"Moskee";"";6;"Marokkaanse Moskee";"";"POINT(4.8380101,52.3636061)";"POINT(52.3636061,4.8380101)";4.8380101;52.3636061;
230;"Stichting Karma Kagyu Centrum Amsterdam - Tibetaans Diamantweg-boeddhisme (Vajrayana)";"Stichting Karma Kagyu Centrum Amsterdam";"Pretoriusstraat 73";"Onbekend";"Tibetaans Diamantweg-boeddhisme (Vajrayana)";11;"Boeddhistische tempel";"http://www.diamantweg-boeddhisme.nl/content/view/13/37/";"POINT(4.9217212,52.3545996)";"POINT(52.3545996,4.9217212)";4.9217212;52.3545996;
231;"Sint Nicolaaskerk (H. Nicolaas binnen de Veste) - Ook Spaans";"Sint Nicolaaskerk (H. Nicolaas binnen de Veste)";"Prins Hendrikkade 76";"Kerk";"Ook Spaans";2;"Rooms Katholieke kerk";"";"POINT(4.901005,52.3765647)";"POINT(52.3765647,4.901005)";4.901005;52.3765647;
232;"Westerkerk";"Westerkerk";"Westermarkt 60";"Kerk";"";3;"Protestantse Kerk Nederland (PKN)";"";"POINT(4.8841379,52.374642)";"POINT(52.374642,4.8841379)";4.8841379;52.374642;
233;"Thomaskerk - Oecumenisch";"Thomaskerk";"Prinses Irenestraat 36";"Kerk";"Oecumenisch";3;"Protestantse Kerk Nederland (PKN)";"";"POINT(4.874882,52.3419654)";"POINT(52.3419654,4.874882)";4.874882;52.3419654;
234;"Nyingma Centrum Nederland - Nyingma traditie van de Tibetaanse lama Tarthang Tulku";"Nyingma Centrum Nederland";"Reguliersgracht 25";"Onbekend";"Nyingma traditie van de Tibetaanse lama Tarthang Tulku";11;"Boeddhistische tempel";"http://www.nyingma.nl/site/page.php";"POINT(4.896209,52.3639685)";"POINT(52.3639685,4.896209)";4.896209;52.3639685;
235;"De Drie stromen";"De Drie stromen";"Renswoudestraat 75";"Kerk";"";5;"Christelijke kerk overig";"";"POINT(4.9758871,52.2975699)";"POINT(52.2975699,4.9758871)";4.9758871;52.2975699;
236;"De Drie stromen";"De Drie stromen";"Renswoudestraat 75";"Kerk";"";2;"Rooms Katholieke kerk";"";"POINT(4.9759219,52.2973639)";"POINT(52.2973639,4.9759219)";4.9759219;52.2973639;
237;"De Drie stromen - Presbyterian Church of Ghana";"De Drie stromen";"Renswoudestraat 75";"Kerk";"Presbyterian Church of Ghana";5;"Christelijke kerk overig";"";"POINT(4.9762881,52.2975737)";"POINT(52.2975737,4.9762881)";4.9762881;52.2975737;
238;"De Drie stromen - Zevende-dags adventisten";"De Drie stromen";"Renswoudestraat 75";"Kerk";"Zevende-dags adventisten";5;"Christelijke kerk overig";"http://www.adventist.nl/locatie/";"POINT(4.9762409,52.2973982)";"POINT(52.2973982,4.9762409)";4.9762409;52.2973982;
239;"Noord Kuba Camii - Islamitische Stichting Nederland";"Noord Kuba Camii";"Ribesstraat 75";"Onbekend";"Islamitische Stichting Nederland";7;"Turkse Moskee";"http://islamitischestichtingnederland.nl/onze-diensten/vestigingsadressen/";"POINT(4.9130361,52.3940665)";"POINT(52.3940665,4.9130361)";4.9130361;52.3940665;
240;"First Church of Christ Scientist";"First Church of Christ Scientist";"Richard Wagnerstraat 32";"Onbekend";"";1;"Evangelische- of Pinksterkerk";"";"POINT(4.8791759,52.3462836)";"POINT(52.3462836,4.8791759)";4.8791759;52.3462836;
241;"Kruiskerk Hoop voor Noord - Christelijke Gereformeerde Kerken in Nederland (CGK)";"Kruiskerk Hoop voor Noord";"Rode Kruisstraat 20";"Kerk";"Christelijke Gereformeerde Kerken in Nederland (CGK)";4;"Gereformeerde kerk";"http://www.hoopvoornoord.nl/nl/home";"POINT(4.9296701,52.3951918)";"POINT(52.3951918,4.9296701)";4.9296701;52.3951918;
242;"Fatih Moskee";"Fatih Moskee";"Rozengracht 150";"Kerk";"";7;"Turkse Moskee";"";"POINT(4.8785179,52.3729903)";"POINT(52.3729903,4.8785179)";4.8785179;52.3729903;
243;"Radha Krishna Mandir - Mandir";"Radha Krishna Mandir";"Saaftingestraat 310";"Tempel";"Mandir";10;"Hindoeistische tempel";"";"POINT(4.7900102,52.3613783)";"POINT(52.3613783,4.7900102)";4.7900102;52.3613783;
244;"Guru Nanak Gurudwara - Radha Krishna tempel";"Guru Nanak Gurudwara";"Schakelstraat 21";"Tempel";"Radha Krishna tempel";12;"Sikh tempel";"";"POINT(4.8490221,52.3907553)";"POINT(52.3907553,4.8490221)";4.8490221;52.3907553;
246;"Koninkrijkszaal - Jehova`s getuigen";"Koninkrijkszaal";"Simon Stevinstraat 1";"Samenkomstfunctie";"Jehova`s getuigen";5;"Christelijke kerk overig";"";"POINT(4.928128,52.353871)";"POINT(52.353871,4.928128)";4.928128;52.353871;
247;"Oude Lutherse kerk - Evangelisch Luthers";"Oude Lutherse kerk";"Singel 411";"Kerk";"Evangelisch Luthers";3;"Protestantse Kerk Nederland (PKN)";"";"POINT(4.889158,52.3683173)";"POINT(52.3683173,4.889158)";4.889158;52.3683173;
248;"Heilige Franciscus Xaveriuskerk (Krijtberg) - Paters Jezuïeten";"Heilige Franciscus Xaveriuskerk (Krijtberg)";"Singel 446";"Kerk";"Paters Jezuïeten";2;"Rooms Katholieke kerk";"";"POINT(4.888325,52.3679091)";"POINT(52.3679091,4.888325)";4.888325;52.3679091;
249;"Mashid Alkaram - Pakistaanse Moskee";"Mashid Alkaram";"Sint Willibrordusstraat 55";"Woonhuis";"Pakistaanse Moskee";8;"Surinaamse / Pakistaanse Moskee";"";"POINT(4.9026272,52.3543898)";"POINT(52.3543898,4.9026272)";4.9026272;52.3543898;
250;"Gereja Utusan Kristus (Christus Afgezanten Kerk) - Indonesisch";"Gereja Utusan Kristus (Christus Afgezanten Kerk)";"Slimmeweg 18";"Industriefunctie";"Indonesisch";1;"Evangelische- of Pinksterkerk";"";"POINT(4.7961452,52.3438498)";"POINT(52.3438498,4.7961452)";4.7961452;52.3438498;
251;"Chinese CAMA gemeente";"Chinese CAMA gemeente";"Slotermeerlaan 160";"Onbekend";"";5;"Christelijke kerk overig";"http://www.cama4u.nl";"POINT(4.8219941,52.3836638)";"POINT(52.3836638,4.8219941)";4.8219941;52.3836638;
252;"Sint Pancratiuskerk";"Sint Pancratiuskerk";"Sloterweg 1186";"Kerk";"";2;"Rooms Katholieke kerk";"";"POINT(4.7997692,52.3416373)";"POINT(52.3416373,4.7997692)";4.7997692;52.3416373;
253;"Petruskerk - Nederlands Hervormde kerk - PKN Radiogemeente?";"Petruskerk";"Spaarndammerdijk 681";"Kerk";"Nederlands Hervormde kerk - PKN Radiogemeente?";5;"Christelijke kerk overig";"";"POINT(4.8463828,52.3866965)";"POINT(52.3866965,4.8463828)";4.8463828;52.3866965;
256;"Emir Sultan,  Islamitische stichting Nederland";"Emir Sultan,  Islamitische stichting Nederland";"Spelderholt 167";"Onbekend";"";7;"Turkse Moskee";"http://islamitischestichtingnederland.nl/onze-diensten/vestigingsadressen/";"POINT(4.9441612,52.4004943)";"POINT(52.4004943,4.9441612)";4.9441612;52.4004943;
257;"Sint Dominicuskerk - Oecumenische gemeente (Basisbeweging Nederland [BBN])";"Sint Dominicuskerk";"Spuistraat 12";"Kerk";"Oecumenische gemeente (Basisbeweging Nederland [BBN])";5;"Christelijke kerk overig";"";"POINT(4.8936698,52.3771254)";"POINT(52.3771254,4.8936698)";4.8936698;52.3771254;
258;"Stichting Dhammadipa, Vipassana-meditatiecentrum - Theravada traditie in de lijn van Mahasi Sayadaw";"Stichting Dhammadipa, Vipassana-meditatiecentrum";"Sint Pieterspoortsteeg 29";"Onbekend";"Theravada traditie in de lijn van Mahasi Sayadaw";11;"Boeddhistische tempel";"http://www.dhammadipa.nl/";"POINT(4.8945119,52.3713957)";"POINT(52.3713957,4.8945119)";4.8945119;52.3713957;
259;"Winners Worship Harvest Center";"Winners Worship Harvest Center";"Theophile de Bockstraat 100";"Onbekend";"";1;"Evangelische- of Pinksterkerk";"http://winnersharvest.com/";"POINT(4.8461511,52.3550955)";"POINT(52.3550955,4.8461511)";4.8461511;52.3550955;
260;"Maitreya Instituut";"Maitreya Instituut";"Tilanusstraat 8A";"Onbekend";"";11;"Boeddhistische tempel";"http://www.maitreya.nl/amsterdam-dharma-centrum-cursus-boeddhisme-boeddhistisch-tibetaans.htm";"POINT(4.9104841,52.358113)";"POINT(52.358113,4.9104841)";4.9104841;52.358113;
261;"Pinkstergemeenschap - Pinkstergemeenschap";"Pinkstergemeenschap";"Tt. vasumweg 4D";"Industriefunctie";"Pinkstergemeenschap";1;"Evangelische- of Pinksterkerk";"";"POINT(4.8986409,52.4018904)";"POINT(52.4018904,4.8986409)";4.8986409;52.4018904;
262;"De Opgang - Protestantse Kerk ";"De Opgang";"Tussen Meer 68";"Kerk(zaal) maakt deel uit van woningbouwcomplex";"Protestantse Kerk ";3;"Protestantse Kerk Nederland (PKN)";"www.osdorpsloten.nl";"POINT(4.797879,52.3580405)";"POINT(52.3580405,4.797879)";4.797879;52.3580405;
263;"Anna-Bonifatiuskerk";"Anna-Bonifatiuskerk";"Tweede Oosterparkstraat 246";"Pastorie voormalige kerk";"";2;"Rooms Katholieke kerk";"";"POINT(4.9221952,52.3584296)";"POINT(52.3584296,4.9221952)";4.9221952;52.3584296;
264;"Yeni, Stichting Islamitisch Centrum Amsterdam";"Yeni, Stichting Islamitisch Centrum Amsterdam";"Tweede van Swindenstraat 208";"Onbekend";"";7;"Turkse Moskee";"";"POINT(4.929888,52.3625418)";"POINT(52.3625418,4.929888)";4.929888;52.3625418;
265;"European Zen Center - Meester Kosen Thibaut, opvolger van meester Taisen Deshimaru (Japans)";"European Zen Center";"Valckenierstraat 35";"Onbekend";"Meester Kosen Thibaut, opvolger van meester Taisen Deshimaru (Japans)";11;"Boeddhistische tempel";"http://www.zen-deshimaru.nl/zen.aspx";"POINT(4.9100001,52.3621642)";"POINT(52.3621642,4.9100001)";4.9100001;52.3621642;
266;"De Goede Herderkerk";"De Goede Herderkerk";"Van Boshuizenstraat 420";"Kerk";"";2;"Rooms Katholieke kerk";"";"POINT(4.8789928,52.3250434)";"POINT(52.3250434,4.8789928)";4.8789928;52.3250434;
267;"Pelgrimskerk - Zevende-dags adventisten";"Pelgrimskerk";"Van Boshuizenstraat 560";"Kerk";"Zevende-dags adventisten";5;"Christelijke kerk overig";"http://www.adventist.nl/locatie/";"POINT(4.874861,52.3251845)";"POINT(52.3251845,4.874861)";4.874861;52.3251845;
268;"Pelgrimskerk";"Pelgrimskerk";"Van Boshuizenstraat 560";"Kerk";"";3;"Protestantse Kerk Nederland (PKN)";"";"POINT(4.8754399,52.3252074)";"POINT(52.3252074,4.8754399)";4.8754399;52.3252074;
269;"Pinksterkerk - Pinkstergemeenten";"Pinksterkerk";"Van Boshuizenstraat 652";"Kerk";"Pinkstergemeenten";1;"Evangelische- of Pinksterkerk";"";"POINT(4.8710301,52.3249022)";"POINT(52.3249022,4.8710301)";4.8710301;52.3249022;
270;"Stichting Islamitisch Centrum Amsterdam-Noord (SICN) / Sehzade Moskee";"Stichting Islamitisch Centrum Amsterdam-Noord (SICN) / Sehzade Moskee";"van der Pekstraat 80";"Woonhuis";"";7;"Turkse Moskee";"";"POINT(4.910238,52.3892447)";"POINT(52.3892447,4.910238)";4.910238;52.3892447;
271;"Internationale Gemeenschap voor Krishna Bewustzijn (ISKCON)";"Internationale Gemeenschap voor Krishna Bewustzijn (ISKCON)";"van Hilligaertstraat 17";"Onbekend";"";10;"Hindoeistische tempel";"http://www.harekrishna.nl/amsterdam/";"POINT(4.8876922,52.3498427)";"POINT(52.3498427,4.8876922)";4.8876922;52.3498427;
272;"Moskee An Nour";"Moskee An Nour";"Van Kinsbergenstraat 55";"Kerk";"";6;"Marokkaanse Moskee";"";"POINT(4.8594658,52.3685919)";"POINT(52.3685919,4.8594658)";4.8594658;52.3685919;
273;"Regenbooggemeente - Protestantse Kerk ";"Regenbooggemeente";"Van Ollefenstraat 9";"Kerk";"Protestantse Kerk ";3;"Protestantse Kerk Nederland (PKN)";"www.regenbooggemeente.nl";"POINT(4.825341,52.3547751)";"POINT(52.3547751,4.825341)";4.825341;52.3547751;
274;"Oranjekerk";"Oranjekerk";"Van Ostadestraat 151";"Kerk";"";3;"Protestantse Kerk Nederland (PKN)";"";"POINT(4.8954971,52.3527686)";"POINT(52.3527686,4.8954971)";4.8954971;52.3527686;
275;"Moskee Arrahman";"Moskee Arrahman";"Van Ostadestraat 393";"Woonhuis";"";6;"Marokkaanse Moskee";"";"POINT(4.9044292,52.3546721)";"POINT(52.3546721,4.9044292)";4.9044292;52.3546721;
276;"Yan Chuen Church - Yan Chuen Church";"Yan Chuen Church";"Van Slingelandtstraat 31";"Industriefunctie";"Yan Chuen Church";1;"Evangelische- of Pinksterkerk";"";"POINT(4.8656428,52.3827597)";"POINT(52.3827597,4.8656428)";4.8656428;52.3827597;
277;"Centrum voor Leven in Aandacht - Zenmeester Thich Nhat Hanh";"Centrum voor Leven in Aandacht";"van Walbeeckstraat 66";"Onbekend";"Zenmeester Thich Nhat Hanh";11;"Boeddhistische tempel";"http://www.aandacht.net/sanghas/sanghas-in-nl/noord-holland/amsterdam";"POINT(4.8512208,52.3619124)";"POINT(52.3619124,4.8512208)";4.8512208;52.3619124;
278;"Nieuwe Weteringkerk - Vrije Evangelische Gemeenten";"Nieuwe Weteringkerk";"Veluwelaan 20";"Kerk";"Vrije Evangelische Gemeenten";1;"Evangelische- of Pinksterkerk";"";"POINT(4.8969972,52.339131)";"POINT(52.339131,4.8969972)";4.8969972;52.339131;
279;"Vondelkerk - Liberty church  - Christelijke gemeenschap ";"Vondelkerk - Liberty church ";"Vondelstraat 120B";"Kerk";"Christelijke gemeenschap ";1;"Evangelische- of Pinksterkerk";"http://www.libertychurch.amsterdam/";"POINT(4.8739092,52.3613593)";"POINT(52.3613593,4.8739092)";4.8739092;52.3613593;
280;"Koninkrijkszaal - Jehova`s getuigen";"Koninkrijkszaal";"Voorburgstraat 246";"Samenkomstfunctie";"Jehova`s getuigen";5;"Christelijke kerk overig";"";"POINT(4.8444388,52.3487097)";"POINT(52.3487097,4.8444388)";4.8444388;52.3487097;
281;"Waalse Kerk - Classis Waalse Hervormde kerk";"Waalse Kerk";"Walenpleintje 159";"Kerk";"Classis Waalse Hervormde kerk";3;"Protestantse Kerk Nederland (PKN)";"";"POINT(4.8971288,52.3710829)";"POINT(52.3710829,4.8971288)";4.8971288;52.3710829;
282;"Moskee Es Salam";"Moskee Es Salam";"Waterschapstraat 1";"Moskee";"";6;"Marokkaanse Moskee";"";"POINT(4.7867649,52.3581282)";"POINT(52.3581282,4.7867649)";4.7867649;52.3581282;
283;"Al Kabir Moskee Amsterdam - Raad van Marokkaanse Moskeeën Noord-Holland (RVM)";"Al Kabir Moskee Amsterdam";"Weesperzijde 74";"Boekbinderij/autobedrijf";"Raad van Marokkaanse Moskeeën Noord-Holland (RVM)";6;"Marokkaanse Moskee";"";"POINT(4.9099171,52.3534934)";"POINT(52.3534934,4.9099171)";4.9099171;52.3534934;
284;"Zen meditatie Amsterdam - Japanse /Vietnamese traditie, Centrum de Ruimte";"Zen meditatie Amsterdam";"Weesperzijde 79A";"Onbekend";"Japanse /Vietnamese traditie, Centrum de Ruimte";11;"Boeddhistische tempel";"http://www.zenmeditatieamsterdam.nl (Japanse / Vietnamese traditie)";"POINT(4.9106691,52.3529402)";"POINT(52.3529402,4.9106691)";4.9106691;52.3529402;
285;"Joodse Gemeente Amsterdam (NIHS) - Asjkenazisch Orthodox-Joodse Gemeenschap";"Joodse Gemeente Amsterdam (NIHS)";"Weldam 1";"Bedrijfspand";"Asjkenazisch Orthodox-Joodse Gemeenschap";9;"Joodse synagoge";"";"POINT(4.8610909,52.3317687)";"POINT(52.3317687,4.8610909)";4.8610909;52.3317687;
286;"Tituskapel - Gereformeerde kerk vrijgemaakt (GKV)";"Tituskapel";"Wijnand Nuijenstraat 1";"Kerk";"Gereformeerde kerk vrijgemaakt (GKV)";4;"Gereformeerde kerk";"";"POINT(4.8410108,52.3659941)";"POINT(52.3659941,4.8410108)";4.8410108;52.3659941;
287;"De Bron (Rehobothkerk) - Nederlands Gereformeerde kerk (NGK) / Christelijke Gereformeerde Kerken in Nederland (CGK)";"De Bron (Rehobothkerk)";"Willem Kloosstraat 1";"Kerk";"Nederlands Gereformeerde kerk (NGK) / Christelijke Gereformeerde Kerken in Nederland (CGK)";4;"Gereformeerde kerk";" https://www.gemeentedebron.nl/ ";"POINT(4.8227141,52.375569)";"POINT(52.375569,4.8227141)";4.8227141;52.375569;
288;"Moskee Badr - Raad van Marokkaanse Moskeeën Noord-Holland (RVM)";"Moskee Badr";"Willem Leevendstraat 7";"School";"Raad van Marokkaanse Moskeeën Noord-Holland (RVM)";6;"Marokkaanse Moskee";"";"POINT(4.84671,52.3839499)";"POINT(52.3839499,4.84671)";4.84671;52.3839499;
289;"Sjoel, NIHS West";"Sjoel, NIHS West";"Willem Schoutenstraat 8";"Onbekend";"";9;"Joodse synagoge";"http://nihs.nl/synagoges/nihs-synagoges/";"POINT(4.8546631,52.367478)";"POINT(52.367478,4.8546631)";4.8546631;52.367478;
290;"Koninkrijkszaal - Jehova`s getuigen";"Koninkrijkszaal";"Wiltzanghlaan 90";"Samenkomstfunctie";"Jehova`s getuigen";5;"Christelijke kerk overig";"";"POINT(4.8400209,52.3820769)";"POINT(52.3820769,4.8400209)";4.8400209;52.3820769;
291;"Vaidiek Arya Samaj (Buurthuis Gein)";"Vaidiek Arya Samaj (Buurthuis Gein)";"Wisseloord 83";"Onbekend";"";10;"Hindoeistische tempel";"http://www.vasamsterdam.nl/";"POINT(4.9870531,52.2959334)";"POINT(52.2959334,4.9870531)";4.9870531;52.2959334;
292;"Living World Outreach Ministry";"Living World Outreach Ministry";"Witbolstraat 11";"Onbekend";"";1;"Evangelische- of Pinksterkerk";"https://nl-nl.facebook.com/thelivinghouse";"POINT(4.9083731,52.3945662)";"POINT(52.3945662,4.9083731)";4.9083731;52.3945662;
293;"Christ Worship Center";"Christ Worship Center";"Witbolstraat 9B";"Industriefunctie";"";1;"Evangelische- of Pinksterkerk";"";"POINT(4.9088142,52.3945967)";"POINT(52.3945967,4.9088142)";4.9088142;52.3945967;
294;"Volle Evangelie Gemeente Maawar Saron";"Volle Evangelie Gemeente Maawar Saron";"Woestduinstraat 16-22";"Onbekend";"";1;"Evangelische- of Pinksterkerk";"https://nl-nl.facebook.com/mawarsaronamsterdam";"POINT(4.8474362,52.3539816)";"POINT(52.3539816,4.8474362)";4.8474362;52.3539816;
295;"Gereja Bethel Indonesia Mawar Saron Amsterdam";"Gereja Bethel Indonesia Mawar Saron Amsterdam";"Woestduinstraat 16-22";"Onbekend";"";5;"Christelijke kerk overig";"https://www.facebook.com/mawarsaronamsterdam/info";"POINT(4.847163,52.353974)";"POINT(52.353974,4.847163)";4.847163;52.353974;
296;"Al Houda Moskee";"Al Houda Moskee";"Wolbrantskerkweg 34";"Onbekend";"";7;"Turkse Moskee";"";"POINT(4.7964842,52.3580481)";"POINT(52.3580481,4.7964842)";4.7964842;52.3580481;
297;"De Kerk van Jezus Christus van de Heiligen der Laatste Dagen - Mormonen";"De Kerk van Jezus Christus van de Heiligen der Laatste Dagen";"Zaaiersweg 17";"Kerk";"Mormonen";5;"Christelijke kerk overig";"http://www.kerkvanjezuschristus.nl/";"POINT(4.9444191,52.3437316)";"POINT(52.3437316,4.9444191)";4.9444191;52.3437316;
298;"Kerk van de Heilige Familie (Parish of the Blessed Trinity) - Engels, ook Filippijns, Kroatisch";"Kerk van de Heilige Familie (Parish of the Blessed Trinity)";"Zaaiersweg 180";"Kerk";"Engels, ook Filippijns, Kroatisch";2;"Rooms Katholieke kerk";"";"POINT(4.9393618,52.3402144)";"POINT(52.3402144,4.9393618)";4.9393618;52.3402144;
299;"Abitat Eslamat";"Abitat Eslamat";"Zamenhofstraat 14A";"Woonhuis";"";6;"Marokkaanse Moskee";"";"POINT(4.9255001,52.3878943)";"POINT(52.3878943,4.9255001)";4.9255001;52.3878943;
300;"Ulu Camii Moskee";"Ulu Camii Moskee";"Zeeburgerdijk 119";"Woonhuis";"";7;"Turkse Moskee";"";"POINT(4.9390261,52.3663336)";"POINT(52.3663336,4.9390261)";4.9390261;52.3663336;
301;"Fo Guang Shan He Hua Tempel";"Fo Guang Shan He Hua Tempel";"Zeedijk 106";"Tempel";"";11;"Boeddhistische tempel";"";"POINT(4.9000809,52.3737113)";"POINT(52.3737113,4.9000809)";4.9000809;52.3737113;
302;"Liberale Joodse Gemeente";"Liberale Joodse Gemeente";"Zuidelijke wandelweg 41";"Synagoge";"";9;"Joodse synagoge";"http://www.ljgamsterdam.nl/nl/bereikbaarheid";"POINT(4.8979189,52.3380667)";"POINT(52.3380667,4.8979189)";4.8979189;52.3380667;
303;"El Encuento Con Dios - Pinkstergemeenschap";"El Encuento Con Dios";"Zuidelijke Wandelweg 43";"Industriefunctie";"Pinkstergemeenschap";1;"Evangelische- of Pinksterkerk";"";"POINT(4.8973019,52.3380972)";"POINT(52.3380972,4.8973019)";4.8973019;52.3380972;
304;"Bethlehemkerk - Volle Evangelie Gemeente";"Bethlehemkerk";"Zwanenplein 34";"Kerk";"Volle Evangelie Gemeente";1;"Evangelische- of Pinksterkerk";"";"POINT(4.9186919,52.3870856)";"POINT(52.3870856,4.9186919)";4.9186919;52.3870856;
305;"Mozes en Aäronkerk - Gemeenschap van Sant`Egidio";"Mozes en Aäronkerk (Sint Antonius van Padua)";"Waterlooplein 207";"Kerk";"Gemeenschap van Sant`Egidio";2;"Rooms Katholieke kerk";"http://www.santegidio.nl";"POINT(4.9031651,52.3681914)";"POINT(52.3681914,4.9031651)";4.9031651;52.3681914;
306;"Al-Karama";"Al-Karama";"Pontanusstraat 278A";"";"";6;"Marokkaanse Moskee";"";"POINT(4.9300298,52.3607658)";"POINT(52.3607658,4.9300298)";4.9300298;52.3607658;
308;"Stadsklooster La Verna  - Minderbroeders Franciscanen";"Stadsklooster La Verna ";"Derkinderenstraat 82";"Klooster ";"Minderbroeders Franciscanen";2;"Rooms Katholieke kerk";"http://www.stadskloosterlaverna.nl";"POINT(4.840598,52.3634551)";"POINT(52.3634551,4.840598)";4.840598;52.3634551;
309;"Buurtkerk Hebron - Protestantse Kerk Nederland ";"Buurtkerk Hebron";"Polanenstraat 199/213";"Buurtzaal en woningen";"Protestantse Kerk Nederland ";3;"Protestantse Kerk Nederland (PKN)";"http://www.hebron.amsterdam";"POINT(4.876407,52.3908224)";"POINT(52.3908224,4.876407)";4.876407;52.3908224;
310;"Heilig Vuur West - Gasthuis  - Protestantse Kerk ";"Heilig Vuur West - Gasthuis ";"Arie Biemondstraat 103";"Voormalig onderdeel WG Ziekenhuis ";"Protestantse Kerk ";3;"Protestantse Kerk Nederland (PKN)";"www.heiligvuurwest.nl ";"POINT(4.867981,52.3637914)";"POINT(52.3637914,4.867981)";4.867981;52.3637914;
311;"Akergemeente - Christelijke kerk voor de Aker en de Punt";"Akergemeente";"Noorderakerweg 2";"Huis van de wijk ";"Christelijke kerk voor de Aker en de Punt";4;"Gereformeerde kerk";"http://www.akergemeente.nl";"POINT(4.7820526,52.3550988)";"POINT(52.3550988,4.7820526)";4.7820526;52.3550988;
312;"Chaudfontaine Nieuw Sloten - Gemeenschap van christenen in en voor de wijk   ";"Chaudfontaine Nieuw Sloten";"Berlaarstraat 273-275";"Buiten Schoolse Opvang";"Gemeenschap van christenen in en voor de wijk   ";1;"Evangelische- of Pinksterkerk";"http://www.chaudfontaine-nieuwsloten.nl";"POINT(4.8073296,52.3459942)";"POINT(52.3459942,4.8073296)";4.8073296;52.3459942;
313;"Stroom Amsterdam - Christelijke gemeenschap ";"Stroom Amsterdam";"Nieuwe Herengracht 18";"Kerkelijk gebruik ";"Christelijke gemeenschap ";5;"Christelijke kerk overig";"http://www.stroomamsterdam.nl/";"POINT(4.9038365,52.3659538)";"POINT(52.3659538,4.9038365)";4.9038365;52.3659538;
314;"Liberty Church  - Christelijke gemeenschap";"Liberty Church ";"Nieuwe Keizersgracht 1A";"Kantoor ";"Christelijke gemeenschap";5;"Christelijke kerk overig";"http://www.libertychurch.amsterdam/";"POINT(4.9039593,52.3651459)";"POINT(52.3651459,4.9039593)";4.9039593;52.3651459;
315;"Hillsong Amsterdam  - Evangelisch ";"Hillsong Amsterdam ";"Danzigerkade 5";"Theather ";"Evangelisch ";1;"Evangelische- of Pinksterkerk";"https://www.hillsong.com/nl/netherlands/amsterdam";"POINT(4.8778353,52.3970314)";"POINT(52.3970314,4.8778353)";4.8778353;52.3970314;
316;"Vineyard Amsterdam  - Evangelische gemeente ";"Vineyard Amsterdam ";"Kleine Wittenburgerstraat 1";"Kerk ";"Evangelische gemeente ";1;"Evangelische- of Pinksterkerk";"https://www.vineyardamsterdam.nl/en/home";"POINT(4.9193092,52.369879)";"POINT(52.369879,4.9193092)";4.9193092;52.369879;
317;"Oosterkerk - City Kerk  - Protestantse Kerk";"Oosterkerk - City Kerk ";"Kleine Wittenburgstraat 1";"Kerk";"Protestantse Kerk";3;"Protestantse Kerk Nederland (PKN)";"https://www.citykerk.amsterdam/";"POINT(4.9190946,52.3699576)";"POINT(52.3699576,4.9190946)";4.9190946;52.3699576;
318;"Tituskapel Mount Olives P.I.W.C. Assembly -  Ghanese Pinksterkerk ";"Tituskapel Mount Olives P.I.W.C. Assembly";"Wijnand Nuijenstraat 1";"Kerk";" Ghanese Pinksterkerk ";1;"Evangelische- of Pinksterkerk";"https://www.churchofpentecost.eu/nl/district-amsterdam-noord-mount-olives-piwc-assembly/";"POINT(4.8408077,52.3660658)";"POINT(52.3660658,4.8408077)";4.8408077;52.3660658;
319;"Via Nova Lab111 - Christelijk Gereformeerd ";"Via Nova Lab111";"Arie Biemondstraat 111";"Voormalig ziekenhuis WG terrein";"Christelijk Gereformeerd ";4;"Gereformeerde kerk";"https://www.vianova-amsterdam.nl/";"POINT(4.8672409,52.363614)";"POINT(52.363614,4.8672409)";4.8672409;52.363614;
320;"Chinese Cama gemeente Amsterdam  - Cama gemeente ";"Chinese Cama gemeente Amsterdam ";"Wijkergouw 6";"Kerk ";"Cama gemeente ";1;"Evangelische- of Pinksterkerk";"http://www.cama4u.nl/cama4u/index.php/nl/";"POINT(4.9653856,52.3835386)";"POINT(52.3835386,4.9653856)";4.9653856;52.3835386;
321;"OASE voor Nieuw-West - Nederlands Gereformeerde kerk (NGK) / Christelijke Gereformeerde Kerken in Nederland (CGK)";"OASE voor Nieuw-West";"Willem Kloosstraat 1";"Kerk ";"Nederlands Gereformeerde kerk (NGK) / Christelijke Gereformeerde Kerken in Nederland (CGK)";4;"Gereformeerde kerk";" https://www.oasenieuwwest.nl/";"POINT(4.8226125,52.3753934)";"POINT(52.3753934,4.8226125)";4.8226125;52.3753934;
322;"Redemption Church  - Evangelisch ";"Redemption Church ";"Atlantisplein 1 ";"Theater";"Evangelisch ";1;"Evangelische- of Pinksterkerk";"https://www.redemptionchurch.nl/adres-amsterdam";"POINT(4.9306796,52.3577119)";"POINT(52.3577119,4.9306796)";4.9306796;52.3577119;
323;"Leger des Heils - De Kandelaar - Leger des Heils";"Leger des Heils - De Kandelaar";"Burgemeester Vening Meineszlaan 64";"Kerkgebouw";"Leger des Heils";5;"Christelijke kerk overig";"https://www.legerdesheils.nl/korpsamsterdamwest";"POINT(4.8332289,52.383197)";"POINT(52.383197,4.8332289)";4.8332289;52.383197;
324;"LIFEHOUSE  - Evangelische / Pinkstergemeente ";"LIFEHOUSE ";"Jan Rebelstraat 2";"Bedrijfspand";"Evangelische / Pinkstergemeente ";1;"Evangelische- of Pinksterkerk";"https://www.lifehouse.nl/";"POINT(4.7833337,52.3611919)";"POINT(52.3611919,4.7833337)";4.7833337;52.3611919;

