OBJECTNUMMER;Soort;Naam;Adres;Website;WKT_LNG_LAT;WKT_LAT_LNG;LNG;LAT;
1228;"Volkstuin verblijfsrecreatief";"Tuinpark De Groote Braak";"Daveren 25";"http://www.degrootebraak.nl";"POLYGON((4.768583 52.384566,4.768416 52.386306,4.769009 52.386334,4.769487 52.387185,4.76949 52.387414,4.769708 52.387654,4.769821 52.387776,4.770391 52.388798,4.770586 52.389129,4.77064 52.389155,4.771244 52.38917,4.772206 52.389175,4.776843 52.389179,4.776841 52.388984,4.77711 52.38899,4.777242 52.388885,4.777291 52.384648,4.776518 52.384627,4.774059 52.384611,4.771466 52.384584,4.768583 52.384566))";"POLYGON((52.384566 4.768583,52.386306 4.768416,52.386334 4.769009,52.387185 4.769487,52.387414 4.76949,52.387654 4.769708,52.387776 4.769821,52.388798 4.770391,52.389129 4.770586,52.389155 4.77064,52.38917 4.771244,52.389175 4.772206,52.389179 4.776843,52.388984 4.776841,52.38899 4.77711,52.388885 4.777242,52.384648 4.777291,52.384627 4.776518,52.384611 4.774059,52.384584 4.771466,52.384566 4.768583))";4.77286005;52.38689295;
1229;"Volkstuin verblijfsrecreatief";"het nieuwe Bijenpark";"Baron Schimmelpenninck van der Oyeweg 4";"http://www.bijenpark.nl/index.htm";"POLYGON((4.775394 52.373786,4.774555 52.374188,4.778415 52.376532,4.780298 52.375399,4.776873 52.373219,4.777071 52.373108,4.777257 52.372835,4.776847 52.372751,4.77676 52.372885,4.776433 52.373147,4.775972 52.373425,4.775559 52.373682,4.775394 52.373786))";"POLYGON((52.373786 4.775394,52.374188 4.774555,52.376532 4.778415,52.375399 4.780298,52.373219 4.776873,52.373108 4.777071,52.372835 4.777257,52.372751 4.776847,52.372885 4.77676,52.373147 4.776433,52.373425 4.775972,52.373682 4.775559,52.373786 4.775394))";4.77743505;52.37464205;
1230;"Volkstuin verblijfsrecreatief";"Tuingroep Osdorp";"Baron Schimmelpenninck van der Oyeweg 10";"www.tuingroeposdorp.nl";"POLYGON((4.774062 52.374415,4.773612 52.374572,4.771753 52.375644,4.77248 52.376124,4.772124 52.37632,4.772096 52.376589,4.770794 52.376588,4.770726 52.376608,4.770629 52.376683,4.770572 52.378004,4.775954 52.378053,4.776885 52.378058,4.776833 52.376524,4.776341 52.37652,4.776314 52.376556,4.776206 52.37655,4.77623 52.376521,4.776241 52.376075,4.77627 52.375386,4.776232 52.37533,4.77617 52.375276,4.77508 52.374583,4.774843 52.374436,4.774773 52.374421,4.77453 52.374226,4.774062 52.374415))";"POLYGON((52.374415 4.774062,52.374572 4.773612,52.375644 4.771753,52.376124 4.77248,52.37632 4.772124,52.376589 4.772096,52.376588 4.770794,52.376608 4.770726,52.376683 4.770629,52.378004 4.770572,52.378053 4.775954,52.378058 4.776885,52.376524 4.776833,52.37652 4.776341,52.376556 4.776314,52.37655 4.776206,52.376521 4.77623,52.376075 4.776241,52.375386 4.77627,52.37533 4.776232,52.375276 4.77617,52.374583 4.77508,52.374436 4.774843,52.374421 4.774773,52.374226 4.77453,52.374415 4.774062))";4.7737348;52.3761431;
1231;"Volkstuin verblijfsrecreatief";"Volkstuinpark de Eendracht";"Joris van den Berghweg 4";"http://www.volkstuinparkdeeendracht.nl";"MULTIPOLYGON(((4.777485 52.372798,4.778159 52.372947,4.781144 52.374871,4.784478 52.372864,4.781432 52.370453,4.777485 52.372798)),((4.784478 52.372864,4.781144 52.374871,4.781159 52.374881,4.784478 52.372864)))";"MULTIPOLYGON(((52.372798 4.777485,52.372947 4.778159,52.374871 4.781144,52.372864 4.784478,52.370453 4.781432,52.372798 4.777485)),((52.372864 4.784478,52.374871 4.781144,52.374881 4.781159,52.372864 4.784478)))";4.7809901;52.37269275;
1232;"Volkstuin verblijfsrecreatief";"Tuinpark T.I.G.E.N.O.";"Nico Broekhuysenweg 4";"http://www.tigeno.nl";"POLYGON((4.784478 52.372864,4.781159 52.374881,4.781144 52.374871,4.781136 52.374876,4.781435 52.375073,4.781712 52.375234,4.781896 52.375424,4.781931 52.375599,4.781969 52.375841,4.781964 52.376272,4.781908 52.3766,4.787844 52.376716,4.787845 52.376668,4.788039 52.376628,4.788427 52.376513,4.788744 52.376362,4.788935 52.376219,4.789118 52.376151,4.789212 52.376087,4.787519 52.374925,4.787366 52.374952,4.785877 52.37384,4.784478 52.372864))";"POLYGON((52.372864 4.784478,52.374881 4.781159,52.374871 4.781144,52.374876 4.781136,52.375073 4.781435,52.375234 4.781712,52.375424 4.781896,52.375599 4.781931,52.375841 4.781969,52.376272 4.781964,52.3766 4.781908,52.376716 4.787844,52.376668 4.787845,52.376628 4.788039,52.376513 4.788427,52.376362 4.788744,52.376219 4.788935,52.376151 4.789118,52.376087 4.789212,52.374925 4.787519,52.374952 4.787366,52.37384 4.785877,52.372864 4.784478))";4.78517985;52.37479275;
1233;"Volkstuin verblijfsrecreatief";"Tuinpark Eigen Hof";"Sloterweg 1173";"www.tuinparkeigenhof.nl";"MULTIPOLYGON(((4.797931 52.335994,4.798681 52.337764,4.799244 52.337744,4.799337 52.337739,4.799338 52.337741,4.799384 52.337739,4.799966 52.339882,4.800197 52.340714,4.800192 52.340714,4.800197 52.340733,4.800261 52.340727,4.800277 52.340719,4.800308 52.34069,4.800348 52.340712,4.800365 52.340768,4.800347 52.340787,4.800412 52.341018,4.800866 52.341,4.800877 52.341415,4.800924 52.341413,4.801654 52.34136,4.80155 52.340711,4.801394 52.340712,4.801105 52.338999,4.800779 52.337347,4.800787 52.337243,4.800846 52.337158,4.801519 52.336737,4.801574 52.336678,4.801589 52.336602,4.801558 52.336507,4.801482 52.336427,4.800497 52.33585,4.799536 52.335252,4.799399 52.335232,4.79933 52.335244,4.799249 52.335271,4.79831 52.335666,4.797931 52.335994),(4.799384 52.337739,4.799966 52.339882,4.800197 52.340714,4.800192 52.340714,4.799338 52.337741,4.799384 52.337739)),((4.799244 52.337744,4.798681 52.337764,4.797931 52.335994,4.798634 52.337778,4.799244 52.337744)))";"MULTIPOLYGON(((52.335994 4.797931,52.337764 4.798681,52.337744 4.799244,52.337739 4.799337,52.337741 4.799338,52.337739 4.799384,52.339882 4.799966,52.340714 4.800197,52.340714 4.800192,52.340733 4.800197,52.340727 4.800261,52.340719 4.800277,52.34069 4.800308,52.340712 4.800348,52.340768 4.800365,52.340787 4.800347,52.341018 4.800412,52.341 4.800866,52.341415 4.800877,52.341413 4.800924,52.34136 4.801654,52.340711 4.80155,52.340712 4.801394,52.338999 4.801105,52.337347 4.800779,52.337243 4.800787,52.337158 4.800846,52.336737 4.801519,52.336678 4.801574,52.336602 4.801589,52.336507 4.801558,52.336427 4.801482,52.33585 4.800497,52.335252 4.799536,52.335232 4.799399,52.335244 4.79933,52.335271 4.799249,52.335666 4.79831,52.335994 4.797931),(52.337739 4.799384,52.339882 4.799966,52.340714 4.800197,52.340714 4.800192,52.337741 4.799338,52.337739 4.799384)),((52.337744 4.799244,52.337764 4.798681,52.335994 4.797931,52.337778 4.798634,52.337744 4.799244)))";4.7997949;52.3382937;
1234;"Volkstuin verblijfsrecreatief";"Volkstuinpark De Bretten";"Seineweg 16";"http://www.tuinparkdebretten.nl";"POLYGON((4.810212 52.385762,4.810201 52.387519,4.815122 52.387556,4.815355 52.387552,4.817854 52.387422,4.817965 52.3874,4.817968 52.386893,4.818253 52.38677,4.818268 52.385773,4.818157 52.385775,4.81797 52.38577,4.817913 52.385761,4.817881 52.385726,4.817814 52.385591,4.817779 52.385525,4.817729 52.385499,4.81767 52.385493,4.817459 52.385494,4.816903 52.385492,4.816864 52.385495,4.816852 52.385504,4.816822 52.38554,4.816795 52.385497,4.816791 52.385387,4.816773 52.385373,4.816735 52.385358,4.815873 52.385355,4.815257 52.385349,4.813242 52.385335,4.812519 52.385334,4.811876 52.385323,4.811647 52.385313,4.811602 52.385318,4.811577 52.385333,4.811569 52.385686,4.81156 52.385706,4.811515 52.385721,4.810291 52.38572,4.810263 52.385729,4.810212 52.385762))";"POLYGON((52.385762 4.810212,52.387519 4.810201,52.387556 4.815122,52.387552 4.815355,52.387422 4.817854,52.3874 4.817965,52.386893 4.817968,52.38677 4.818253,52.385773 4.818268,52.385775 4.818157,52.38577 4.81797,52.385761 4.817913,52.385726 4.817881,52.385591 4.817814,52.385525 4.817779,52.385499 4.817729,52.385493 4.81767,52.385494 4.817459,52.385492 4.816903,52.385495 4.816864,52.385504 4.816852,52.38554 4.816822,52.385497 4.816795,52.385387 4.816791,52.385373 4.816773,52.385358 4.816735,52.385355 4.815873,52.385349 4.815257,52.385335 4.813242,52.385334 4.812519,52.385323 4.811876,52.385313 4.811647,52.385318 4.811602,52.385333 4.811577,52.385686 4.811569,52.385706 4.81156,52.385721 4.811515,52.38572 4.810291,52.385729 4.810263,52.385762 4.810212))";4.8142402;52.3864428;
1235;"Volkstuin verblijfsrecreatief";"Tuinpark Lissabon";"Sloterweg 865";"www.tuinparklissabon.nl";"POLYGON((4.812095 52.341571,4.812767 52.341655,4.812809 52.341656,4.812816 52.34166,4.813471 52.341761,4.813478 52.341765,4.814267 52.341724,4.814274 52.341728,4.815751 52.341845,4.816871 52.341826,4.816954 52.341161,4.816935 52.339367,4.816932 52.339357,4.816943 52.339274,4.816917 52.339243,4.81686 52.339225,4.816724 52.339228,4.81624 52.339234,4.816217 52.339248,4.816197 52.339233,4.815551 52.339236,4.814482 52.339248,4.814309 52.339259,4.814194 52.339246,4.813759 52.33925,4.81359 52.339245,4.81354 52.339255,4.813417 52.339293,4.813347 52.339342,4.81308 52.339819,4.813005 52.339945,4.813011 52.339973,4.812913 52.340145,4.812879 52.34019,4.812795 52.340316,4.812462 52.340924,4.812428 52.340983,4.812441 52.341018,4.812545 52.341126,4.812562 52.341138,4.812575 52.341173,4.812573 52.341281,4.812588 52.341417,4.812583 52.341533,4.8126 52.341547,4.812623 52.341561,4.812563 52.341575,4.81245 52.341571,4.812374 52.341554,4.812259 52.341482,4.812197 52.341382,4.812095 52.341571))";"POLYGON((52.341571 4.812095,52.341655 4.812767,52.341656 4.812809,52.34166 4.812816,52.341761 4.813471,52.341765 4.813478,52.341724 4.814267,52.341728 4.814274,52.341845 4.815751,52.341826 4.816871,52.341161 4.816954,52.339367 4.816935,52.339357 4.816932,52.339274 4.816943,52.339243 4.816917,52.339225 4.81686,52.339228 4.816724,52.339234 4.81624,52.339248 4.816217,52.339233 4.816197,52.339236 4.815551,52.339248 4.814482,52.339259 4.814309,52.339246 4.814194,52.33925 4.813759,52.339245 4.81359,52.339255 4.81354,52.339293 4.813417,52.339342 4.813347,52.339819 4.81308,52.339945 4.813005,52.339973 4.813011,52.340145 4.812913,52.34019 4.812879,52.340316 4.812795,52.340924 4.812462,52.340983 4.812428,52.341018 4.812441,52.341126 4.812545,52.341138 4.812562,52.341173 4.812575,52.341281 4.812573,52.341417 4.812588,52.341533 4.812583,52.341547 4.8126,52.341561 4.812623,52.341575 4.812563,52.341571 4.81245,52.341554 4.812374,52.341482 4.812259,52.341382 4.812197,52.341571 4.812095))";4.81452985;52.3404929;
1236;"Volkstuin verblijfsrecreatief";"Tuinpark Ons Buiten";"Riekerweg 15";"www.ons-buiten.nl";"POLYGON((4.831346 52.337586,4.831425 52.337599,4.83149 52.337619,4.831528 52.337685,4.831621 52.337733,4.832495 52.337732,4.832839 52.337719,4.833396 52.337667,4.833775 52.337623,4.834441 52.337532,4.835072 52.33742,4.83636 52.337137,4.836949 52.337032,4.837482 52.336953,4.83785 52.336925,4.838328 52.336917,4.838774 52.336937,4.839351 52.337001,4.839613 52.337027,4.839781 52.33702,4.839781 52.337018,4.840013 52.336983,4.840607 52.336872,4.841358 52.336744,4.842058 52.336655,4.842826 52.336605,4.843466 52.336582,4.843607 52.336416,4.843593 52.336295,4.843452 52.336159,4.842767 52.336284,4.842762 52.336268,4.842736 52.336235,4.84162 52.335728,4.838312 52.334208,4.837938 52.334065,4.837563 52.333955,4.837204 52.333883,4.836595 52.333813,4.836381 52.333764,4.835908 52.33363,4.835374 52.333544,4.834587 52.333448,4.834587 52.333445,4.834196 52.333427,4.833738 52.333367,4.832851 52.333302,4.833099 52.332892,4.833048 52.332832,4.832941 52.332803,4.832871 52.332803,4.832477 52.333015,4.832466 52.333023,4.832445 52.333061,4.832448 52.333217,4.832431 52.333741,4.832428 52.333739,4.832461 52.33384,4.832447 52.333896,4.832449 52.33396,4.832472 52.334029,4.832471 52.334055,4.832441 52.334392,4.832391 52.334655,4.832358 52.334806,4.832374 52.334991,4.832381 52.335214,4.832377 52.335366,4.832381 52.335418,4.832345 52.335586,4.832322 52.335749,4.832316 52.335869,4.832307 52.336335,4.832302 52.336344,4.832311 52.33644,4.832394 52.336473,4.832394 52.336476,4.832362 52.336524,4.832289 52.336536,4.831917 52.337008,4.83171 52.337287,4.83171 52.337309,4.831767 52.337357,4.831683 52.33737,4.83162 52.337389,4.831609 52.337408,4.831514 52.337513,4.831477 52.337516,4.831403 52.337499,4.831346 52.337586))";"POLYGON((52.337586 4.831346,52.337599 4.831425,52.337619 4.83149,52.337685 4.831528,52.337733 4.831621,52.337732 4.832495,52.337719 4.832839,52.337667 4.833396,52.337623 4.833775,52.337532 4.834441,52.33742 4.835072,52.337137 4.83636,52.337032 4.836949,52.336953 4.837482,52.336925 4.83785,52.336917 4.838328,52.336937 4.838774,52.337001 4.839351,52.337027 4.839613,52.33702 4.839781,52.337018 4.839781,52.336983 4.840013,52.336872 4.840607,52.336744 4.841358,52.336655 4.842058,52.336605 4.842826,52.336582 4.843466,52.336416 4.843607,52.336295 4.843593,52.336159 4.843452,52.336284 4.842767,52.336268 4.842762,52.336235 4.842736,52.335728 4.84162,52.334208 4.838312,52.334065 4.837938,52.333955 4.837563,52.333883 4.837204,52.333813 4.836595,52.333764 4.836381,52.33363 4.835908,52.333544 4.835374,52.333448 4.834587,52.333445 4.834587,52.333427 4.834196,52.333367 4.833738,52.333302 4.832851,52.332892 4.833099,52.332832 4.833048,52.332803 4.832941,52.332803 4.832871,52.333015 4.832477,52.333023 4.832466,52.333061 4.832445,52.333217 4.832448,52.333741 4.832431,52.333739 4.832428,52.33384 4.832461,52.333896 4.832447,52.33396 4.832449,52.334029 4.832472,52.334055 4.832471,52.334392 4.832441,52.334655 4.832391,52.334806 4.832358,52.334991 4.832374,52.335214 4.832381,52.335366 4.832377,52.335418 4.832381,52.335586 4.832345,52.335749 4.832322,52.335869 4.832316,52.336335 4.832307,52.336344 4.832302,52.33644 4.832311,52.336473 4.832394,52.336476 4.832394,52.336524 4.832362,52.336536 4.832289,52.337008 4.831917,52.337287 4.83171,52.337309 4.83171,52.337357 4.831767,52.33737 4.831683,52.337389 4.83162,52.337408 4.831609,52.337513 4.831514,52.337516 4.831477,52.337499 4.831403,52.337586 4.831346))";4.8374848;52.33524385;
1237;"Volkstuin verblijfsrecreatief";"Sloterdijkermeer";"Sloterdijkweg 20";"http://www.sloterdijkermeer.nl";"MULTIPOLYGON(((4.854224 52.388602,4.855822 52.387395,4.855088 52.386992,4.856251 52.385912,4.853488 52.386095,4.852891 52.386145,4.852016 52.386222,4.851041 52.386318,4.85016 52.386414,4.849746 52.386454,4.849238 52.386485,4.847596 52.386481,4.847497 52.387911,4.847479 52.388096,4.847488 52.388192,4.847539 52.388357,4.84757 52.388402,4.848001 52.388412,4.848093 52.388416,4.848402 52.388432,4.849954 52.388493,4.850543 52.38852,4.851321 52.388552,4.851949 52.388584,4.854224 52.388602)),((4.855822 52.387395,4.855829 52.38739,4.855103 52.386992,4.856277 52.38591,4.856251 52.385912,4.855088 52.386992,4.855822 52.387395)))";"MULTIPOLYGON(((52.388602 4.854224,52.387395 4.855822,52.386992 4.855088,52.385912 4.856251,52.386095 4.853488,52.386145 4.852891,52.386222 4.852016,52.386318 4.851041,52.386414 4.85016,52.386454 4.849746,52.386485 4.849238,52.386481 4.847596,52.387911 4.847497,52.388096 4.847479,52.388192 4.847488,52.388357 4.847539,52.388402 4.84757,52.388412 4.848001,52.388416 4.848093,52.388432 4.848402,52.388493 4.849954,52.38852 4.850543,52.388552 4.851321,52.388584 4.851949,52.388602 4.854224)),((52.387395 4.855822,52.38739 4.855829,52.386992 4.855103,52.38591 4.856277,52.385912 4.856251,52.386992 4.855088,52.387395 4.855822)))";4.85188485;52.387242;
1238;"Volkstuin verblijfsrecreatief";"Amstelglorie";"Jan Vroegopsingel 7";"http://www.amstelglorie.nl/";"POLYGON((4.90683 52.330005,4.906388 52.330092,4.905252 52.330515,4.904323 52.330837,4.903302 52.331225,4.903047 52.33133,4.902544 52.331584,4.901868 52.331938,4.901077 52.332381,4.900648 52.332596,4.900558 52.332615,4.900468 52.33261,4.90039 52.332562,4.900364 52.332549,4.900121 52.332678,4.900619 52.332847,4.900923 52.33292,4.90122 52.332954,4.901884 52.332802,4.902215 52.332758,4.902771 52.33271,4.903121 52.332702,4.903292 52.33271,4.903361 52.332763,4.903477 52.332742,4.903971 52.332757,4.904279 52.332783,4.904889 52.33284,4.905311 52.332915,4.905829 52.333029,4.906343 52.333184,4.90683 52.333368,4.9076 52.333696,4.908354 52.334091,4.90884 52.334463,4.908982 52.334593,4.909433 52.334643,4.910009 52.335758,4.909626 52.335894,4.910118 52.336441,4.911109 52.3361,4.911797 52.334743,4.912066 52.333272,4.912145 52.332826,4.911999 52.332664,4.911852 52.332604,4.911883 52.332021,4.912195 52.331927,4.912278 52.331872,4.912329 52.331736,4.912415 52.33114,4.912471 52.330684,4.910146 52.330428,4.908141 52.330159,4.907626 52.330112,4.90738 52.330066,4.907331 52.33004,4.90683 52.330005))";"POLYGON((52.330005 4.90683,52.330092 4.906388,52.330515 4.905252,52.330837 4.904323,52.331225 4.903302,52.33133 4.903047,52.331584 4.902544,52.331938 4.901868,52.332381 4.901077,52.332596 4.900648,52.332615 4.900558,52.33261 4.900468,52.332562 4.90039,52.332549 4.900364,52.332678 4.900121,52.332847 4.900619,52.33292 4.900923,52.332954 4.90122,52.332802 4.901884,52.332758 4.902215,52.33271 4.902771,52.332702 4.903121,52.33271 4.903292,52.332763 4.903361,52.332742 4.903477,52.332757 4.903971,52.332783 4.904279,52.33284 4.904889,52.332915 4.905311,52.333029 4.905829,52.333184 4.906343,52.333368 4.90683,52.333696 4.9076,52.334091 4.908354,52.334463 4.90884,52.334593 4.908982,52.334643 4.909433,52.335758 4.910009,52.335894 4.909626,52.336441 4.910118,52.3361 4.911109,52.334743 4.911797,52.333272 4.912066,52.332826 4.912145,52.332664 4.911999,52.332604 4.911852,52.332021 4.911883,52.331927 4.912195,52.331872 4.912278,52.331736 4.912329,52.33114 4.912415,52.330684 4.912471,52.330428 4.910146,52.330159 4.908141,52.330112 4.907626,52.330066 4.90738,52.33004 4.907331,52.330005 4.90683))";4.90629985;52.33319345;
1239;"Volkstuin dagrecreatief";"Klein Dantzig";"Kamerlingh Onneslaan 19";"http://www.kleindantzig.nl";"POLYGON((4.9284473 52.3485937,4.9282706 52.3486062,4.9257872 52.3501379,4.9258800 52.3502397,4.9267250 52.3507615,4.9274064 52.3511685,4.9281338 52.3507176,4.9287204 52.3503511,4.9278626 52.3498420,4.9289157 52.3491817,4.9298882 52.3485698,4.9298902 52.3485329,4.9291875 52.3481386,4.9289549 52.3482707))";"POLYGON((52.3485937 4.9284473,52.3486062 4.9282706,52.3501379 4.9257872,52.3502397 4.9258800,52.3507615 4.9267250,52.3511685 4.9274064,52.3507176 4.9281338,52.3503511 4.9287204,52.3498420 4.9278626,52.3491817 4.9289157,52.3485698 4.9298882,52.3485329 4.9298902,52.3481386 4.9291875,52.3482707 4.9289549))";4.9278436;52.34964815;
1240;"Volkstuin dagrecreatief";"Tuinpark Buitenzorg";"Zamenhofstraat 41";"www.tuinparkbuitenzorg.nl";"POLYGON((4.926219 52.388409,4.926085 52.388775,4.926827 52.388765,4.926863 52.388771,4.926978 52.388858,4.927415 52.38875,4.928535 52.388455,4.928954 52.388347,4.930231 52.388012,4.930825 52.387863,4.93129 52.387754,4.931638 52.387687,4.931838 52.387653,4.932906 52.38748,4.932454 52.386355,4.927784 52.388164,4.927227 52.388353,4.926884 52.388413,4.926566 52.388429,4.926219 52.388409))";"POLYGON((52.388409 4.926219,52.388775 4.926085,52.388765 4.926827,52.388771 4.926863,52.388858 4.926978,52.38875 4.927415,52.388455 4.928535,52.388347 4.928954,52.388012 4.930231,52.387863 4.930825,52.387754 4.93129,52.387687 4.931638,52.387653 4.931838,52.38748 4.932906,52.386355 4.932454,52.388164 4.927784,52.388353 4.927227,52.388413 4.926884,52.388429 4.926566,52.388409 4.926219))";4.9295001;52.38764255;
1241;"Nutstuin";"Amstelhof";"Drieburgpad";"";"POLYGON((4.9351358 52.3384160,4.9351099 52.3385913,4.9351538 52.3386387,4.9354712 52.3384862,4.9360276 52.3382859,4.9361432 52.3383916,4.9346581 52.3393018,4.9340210 52.3389568,4.9337755 52.3389396,4.9332470 52.3386660,4.9350168 52.3383489))";"POLYGON((52.3384160 4.9351358,52.3385913 4.9351099,52.3386387 4.9351538,52.3384862 4.9354712,52.3382859 4.9360276,52.3383916 4.9361432,52.3393018 4.9346581,52.3389568 4.9340210,52.3389396 4.9337755,52.3386660 4.9332470,52.3383489 4.9350168))";4.9347;52.33878775;
1242;"Volkstuin verblijfsrecreatief";"Tuinpark Nieuwe Levenskracht";"Voorlandpad 21";"www.tuinparknieuwelevenskracht.nl";"POLYGON((4.9521288 52.3511259,4.9519100 52.3509930,4.9519430 52.3509490,4.9517040 52.3508020,4.9541060 52.3493050,4.9537950 52.3491210,4.9575870 52.3467616,4.9577703 52.3469345,4.9578322 52.3470282,4.9578655 52.3470961,4.9579915 52.3472041,4.9581667 52.3473759,4.9583472 52.3475708,4.9586737 52.3478990,4.9587402 52.3479642,4.9589623 52.3478837,4.9592122 52.3481322,4.9550872 52.3498691,4.9536174 52.3505016))";"POLYGON((52.3511259 4.9521288,52.3509930 4.9519100,52.3509490 4.9519430,52.3508020 4.9517040,52.3493050 4.9541060,52.3491210 4.9537950,52.3467616 4.9575870,52.3469345 4.9577703,52.3470282 4.9578322,52.3470961 4.9578655,52.3472041 4.9579915,52.3473759 4.9581667,52.3475708 4.9583472,52.3478990 4.9586737,52.3479642 4.9587402,52.3478837 4.9589623,52.3481322 4.9592122,52.3498691 4.9550872,52.3505016 4.9536174))";4.9554629;52.3489386;
1243;"Volkstuin verblijfsrecreatief";"Tuingroep Wijkergouw";"Wijkergouw 30";"www.wijkergouw.nl";"POLYGON((4.956996 52.386685,4.957069 52.386865,4.957115 52.386894,4.957826 52.387062,4.959688 52.387515,4.959467 52.387882,4.96071 52.38818,4.96071 52.388183,4.961009 52.387696,4.961561 52.387824,4.962397 52.388034,4.962396 52.388037,4.962139 52.388406,4.963094 52.388631,4.963329 52.38826,4.963562 52.388325,4.964294 52.388515,4.964611 52.388569,4.964673 52.388574,4.964864 52.388575,4.965055 52.388542,4.965257 52.388499,4.965457 52.38845,4.965782 52.38835,4.966016 52.388266,4.966237 52.388178,4.966379 52.388103,4.966478 52.388037,4.966551 52.387981,4.966691 52.387794,4.966694 52.387794,4.967054 52.387296,4.967069 52.387263,4.967063 52.387236,4.967044 52.387216,4.965877 52.386955,4.964288 52.386594,4.963414 52.3864,4.963417 52.386402,4.962491 52.386167,4.962073 52.386064,4.961889 52.386333,4.961419 52.3871,4.960713 52.386917,4.960959 52.386553,4.961297 52.386029,4.961317 52.385976,4.961296 52.385925,4.960982 52.385631,4.960926 52.385613,4.960864 52.385556,4.960859 52.385528,4.96083 52.385505,4.960799 52.385504,4.960707 52.385458,4.960615 52.385439,4.96045 52.385446,4.960184 52.385471,4.959849 52.38554,4.95969 52.385582,4.959554 52.385631,4.959174 52.385795,4.958905 52.38593,4.958616 52.38607,4.958323 52.386195,4.958075 52.386291,4.957871 52.386381,4.957785 52.386401,4.957719 52.386442,4.957677 52.386455,4.957616 52.3865,4.957557 52.386505,4.957364 52.38657,4.957293 52.386576,4.957182 52.386591,4.957035 52.386633,4.957021 52.386681,4.956996 52.386685))";"POLYGON((52.386685 4.956996,52.386865 4.957069,52.386894 4.957115,52.387062 4.957826,52.387515 4.959688,52.387882 4.959467,52.38818 4.96071,52.388183 4.96071,52.387696 4.961009,52.387824 4.961561,52.388034 4.962397,52.388037 4.962396,52.388406 4.962139,52.388631 4.963094,52.38826 4.963329,52.388325 4.963562,52.388515 4.964294,52.388569 4.964611,52.388574 4.964673,52.388575 4.964864,52.388542 4.965055,52.388499 4.965257,52.38845 4.965457,52.38835 4.965782,52.388266 4.966016,52.388178 4.966237,52.388103 4.966379,52.388037 4.966478,52.387981 4.966551,52.387794 4.966691,52.387794 4.966694,52.387296 4.967054,52.387263 4.967069,52.387236 4.967063,52.387216 4.967044,52.386955 4.965877,52.386594 4.964288,52.3864 4.963414,52.386402 4.963417,52.386167 4.962491,52.386064 4.962073,52.386333 4.961889,52.3871 4.961419,52.386917 4.960713,52.386553 4.960959,52.386029 4.961297,52.385976 4.961317,52.385925 4.961296,52.385631 4.960982,52.385613 4.960926,52.385556 4.960864,52.385528 4.960859,52.385505 4.96083,52.385504 4.960799,52.385458 4.960707,52.385439 4.960615,52.385446 4.96045,52.385471 4.960184,52.38554 4.959849,52.385582 4.95969,52.385631 4.959554,52.385795 4.959174,52.38593 4.958905,52.38607 4.958616,52.386195 4.958323,52.386291 4.958075,52.386381 4.957871,52.386401 4.957785,52.386442 4.957719,52.386455 4.957677,52.3865 4.957616,52.386505 4.957557,52.38657 4.957364,52.386576 4.957293,52.386591 4.957182,52.386633 4.957035,52.386681 4.957021,52.386685 4.956996))";4.96203995;52.38699215;
1244;"Nutstuin";"De Vijf Slagen";"Tafelbergweg 50";"http://www.devijfslagen.nl";"POLYGON((4.964332 52.288603,4.962995 52.288179,4.962313 52.288048,4.961922 52.288884,4.962412 52.289095,4.964213 52.289711,4.965868 52.290304,4.966695 52.289353,4.964332 52.288603))";"POLYGON((52.288603 4.964332,52.288179 4.962995,52.288048 4.962313,52.288884 4.961922,52.289095 4.962412,52.289711 4.964213,52.290304 4.965868,52.289353 4.966695,52.288603 4.964332))";4.96430995;52.28914135;
1245;"Volkstuin verblijfsrecreatief";"Tuinpark Rust en Vreugd";"Paterslaan 10";"http://www.tuinpark-rustenvreugd.nl";"POLYGON((4.966662 52.383389,4.966606 52.383479,4.966395 52.383864,4.96642 52.384235,4.96639 52.384364,4.966264 52.384562,4.965712 52.385529,4.965676 52.385621,4.965681 52.385684,4.965721 52.385727,4.965819 52.385791,4.967012 52.386029,4.96772 52.386164,4.967807 52.38615,4.967883 52.38609,4.968145 52.38579,4.968204 52.385727,4.969068 52.384725,4.969377 52.38434,4.969482 52.384128,4.969583 52.383846,4.969615 52.383545,4.969543 52.383237,4.969511 52.382993,4.969437 52.382784,4.969409 52.382745,4.969334 52.38272,4.969328 52.38272,4.968642 52.382566,4.96757 52.382333,4.967472 52.382343,4.967391 52.382392,4.967085 52.382939,4.966882 52.383038,4.966662 52.383389))";"POLYGON((52.383389 4.966662,52.383479 4.966606,52.383864 4.966395,52.384235 4.96642,52.384364 4.96639,52.384562 4.966264,52.385529 4.965712,52.385621 4.965676,52.385684 4.965681,52.385727 4.965721,52.385791 4.965819,52.386029 4.967012,52.386164 4.96772,52.38615 4.967807,52.38609 4.967883,52.38579 4.968145,52.385727 4.968204,52.384725 4.969068,52.38434 4.969377,52.384128 4.969482,52.383846 4.969583,52.383545 4.969615,52.383237 4.969543,52.382993 4.969511,52.382784 4.969437,52.382745 4.969409,52.38272 4.969334,52.38272 4.969328,52.382566 4.968642,52.382333 4.96757,52.382343 4.967472,52.382392 4.967391,52.382939 4.967085,52.383038 4.966882,52.383389 4.966662))";4.96765515;52.38424365;
1246;"Volkstuin verblijfsrecreatief";"Tuinpark De Molen";"Buitengouw 20";"www.tuinparkdemolen.webklik.nl";"POLYGON((4.968463 52.390977,4.96867 52.391173,4.969697 52.391421,4.969942 52.391323,4.970041 52.391316,4.970658 52.391457,4.970783 52.391463,4.970819 52.391451,4.97111 52.391042,4.971088 52.390994,4.971163 52.390974,4.971541 52.390459,4.971601 52.390364,4.971661 52.39029,4.971653 52.39025,4.971699 52.390228,4.972101 52.389687,4.972209 52.389547,4.972175 52.389504,4.972245 52.38948,4.972557 52.389053,4.972518 52.389021,4.972595 52.389003,4.972806 52.388703,4.972896 52.388598,4.97287 52.388559,4.972929 52.38854,4.973158 52.388232,4.973204 52.388155,4.972941 52.388082,4.972393 52.387946,4.972032 52.387861,4.970918 52.38759,4.970602 52.38751,4.970034 52.387377,4.969962 52.38739,4.969927 52.387372,4.969808 52.387339,4.969592 52.387317,4.969529 52.387412,4.969871 52.387505,4.969809 52.387614,4.969137 52.388673,4.96912 52.388748,4.969169 52.388792,4.97003 52.388999,4.969645 52.38963,4.969245 52.390245,4.968963 52.390666,4.968761 52.390822,4.968463 52.390977))";"POLYGON((52.390977 4.968463,52.391173 4.96867,52.391421 4.969697,52.391323 4.969942,52.391316 4.970041,52.391457 4.970658,52.391463 4.970783,52.391451 4.970819,52.391042 4.97111,52.390994 4.971088,52.390974 4.971163,52.390459 4.971541,52.390364 4.971601,52.39029 4.971661,52.39025 4.971653,52.390228 4.971699,52.389687 4.972101,52.389547 4.972209,52.389504 4.972175,52.38948 4.972245,52.389053 4.972557,52.389021 4.972518,52.389003 4.972595,52.388703 4.972806,52.388598 4.972896,52.388559 4.97287,52.38854 4.972929,52.388232 4.973158,52.388155 4.973204,52.388082 4.972941,52.387946 4.972393,52.387861 4.972032,52.38759 4.970918,52.38751 4.970602,52.387377 4.970034,52.38739 4.969962,52.387372 4.969927,52.387339 4.969808,52.387317 4.969592,52.387412 4.969529,52.387505 4.969871,52.387614 4.969809,52.388673 4.969137,52.388748 4.96912,52.388792 4.969169,52.388999 4.97003,52.38963 4.969645,52.390245 4.969245,52.390666 4.968963,52.390822 4.968761,52.390977 4.968463))";4.97083495;52.3893916;
1247;"Volkstuin verblijfsrecreatief";"Tuinpark Tuinwijck";"Liergouw 55";"http://www.tuinparktuinwijck.nl/index.php?menu=1&stijl=1";"POLYGON((4.969552 52.38721,4.969581 52.387217,4.969718 52.387186,4.969905 52.387205,4.970174 52.387257,4.970475 52.387323,4.970531 52.38731,4.970578 52.387356,4.971589 52.387588,4.972743 52.387848,4.972958 52.387902,4.973479 52.388015,4.973559 52.387992,4.973946 52.387467,4.97434 52.386936,4.974831 52.386256,4.975165 52.385819,4.975329 52.385129,4.975631 52.383947,4.975609 52.383836,4.975442 52.383758,4.975019 52.383605,4.974147 52.383419,4.974172 52.383338,4.973885 52.383342,4.973212 52.383212,4.972873 52.383893,4.972629 52.384216,4.972303 52.384851,4.972077 52.385194,4.971848 52.385305,4.971112 52.386475,4.971255 52.386588,4.971016 52.386983,4.970657 52.386913,4.969777 52.387127,4.969587 52.387168,4.969552 52.38721))";"POLYGON((52.38721 4.969552,52.387217 4.969581,52.387186 4.969718,52.387205 4.969905,52.387257 4.970174,52.387323 4.970475,52.38731 4.970531,52.387356 4.970578,52.387588 4.971589,52.387848 4.972743,52.387902 4.972958,52.388015 4.973479,52.387992 4.973559,52.387467 4.973946,52.386936 4.97434,52.386256 4.974831,52.385819 4.975165,52.385129 4.975329,52.383947 4.975631,52.383836 4.975609,52.383758 4.975442,52.383605 4.975019,52.383419 4.974147,52.383338 4.974172,52.383342 4.973885,52.383212 4.973212,52.383893 4.972873,52.384216 4.972629,52.384851 4.972303,52.385194 4.972077,52.385305 4.971848,52.386475 4.971112,52.386588 4.971255,52.386983 4.971016,52.386913 4.970657,52.387127 4.969777,52.387168 4.969587,52.38721 4.969552))";4.97259495;52.38559405;
1248;"Volkstuin verblijfsrecreatief";"Tuinpark Kweeklust";"Durgerdammerdijk 1";"www.tuinparkkweeklust.nl";"POLYGON((4.973886 52.379935,4.973906 52.379978,4.974022 52.380042,4.973777 52.380795,4.973536 52.381434,4.973116 52.382413,4.972883 52.382856,4.97279 52.382972,4.97266 52.382984,4.973364 52.383149,4.973733 52.383222,4.973933 52.383239,4.974079 52.38323,4.974267 52.383253,4.97451 52.383294,4.97504 52.383408,4.975804 52.383577,4.976327 52.38163,4.977089 52.381656,4.977299 52.379956,4.977246 52.37991,4.976743 52.379766,4.976466 52.379966,4.975303 52.379416,4.97464 52.37989,4.974485 52.379766,4.973886 52.379935))";"POLYGON((52.379935 4.973886,52.379978 4.973906,52.380042 4.974022,52.380795 4.973777,52.381434 4.973536,52.382413 4.973116,52.382856 4.972883,52.382972 4.97279,52.382984 4.97266,52.383149 4.973364,52.383222 4.973733,52.383239 4.973933,52.38323 4.974079,52.383253 4.974267,52.383294 4.97451,52.383408 4.97504,52.383577 4.975804,52.38163 4.976327,52.381656 4.977089,52.379956 4.977299,52.37991 4.977246,52.379766 4.976743,52.379966 4.976466,52.379416 4.975303,52.37989 4.97464,52.379766 4.974485,52.379935 4.973886))";4.97498515;52.3814913;
1249;"Volkstuin verblijfsrecreatief";"Linnaeus";"Stammerlandweg 25 Driemond";"http://www.volkstuin-linnaeus.nl";"MULTIPOLYGON(((5.016651 52.312794,5.016612 52.31278,5.016581 52.312754,5.016154 52.31198,5.016007 52.311753,5.015893 52.311618,5.01574 52.311476,5.015757 52.311468,5.015711 52.31143,5.014626 52.310758,5.014415 52.310402,5.013978 52.310478,5.014033 52.310579,5.014097 52.310567,5.01459 52.311752,5.014509 52.311765,5.014248 52.311135,5.013702 52.311201,5.013692 52.311172,5.013503 52.311197,5.013508 52.311213,5.013387 52.311228,5.013337 52.311228,5.013296 52.311208,5.013269 52.311136,5.013243 52.311116,5.013189 52.311109,5.01223 52.311175,5.012165 52.311183,5.012142 52.311199,5.012199 52.311531,5.01221 52.311558,5.012236 52.311568,5.012273 52.31157,5.012418 52.311566,5.012425 52.311613,5.012264 52.311618,5.012236 52.311622,5.012222 52.31163,5.012215 52.311651,5.012278 52.312025,5.012311 52.312037,5.012385 52.312035,5.012406 52.312049,5.012417 52.312073,5.012433 52.312087,5.012496 52.312108,5.012516 52.312139,5.01242 52.312152,5.012367 52.312116,5.012263 52.31208,5.012212 52.312036,5.012069 52.311623,5.012029 52.311573,5.011819 52.311564,5.011699 52.311585,5.011639 52.311589,5.011446 52.311584,5.011359 52.31159,5.011293 52.311602,5.011053 52.311662,5.010966 52.311677,5.010857 52.311686,5.010664 52.311682,5.010704 52.311741,5.010686 52.311824,5.010693 52.31194,5.010713 52.312022,5.010894 52.312448,5.010807 52.312463,5.010445 52.31165,5.009835 52.311745,5.00989 52.311873,5.009827 52.311883,5.009779 52.311775,5.009754 52.311756,5.009731 52.311757,5.009245 52.311834,5.009199 52.311847,5.009176 52.311867,5.009165 52.311897,5.00919 52.31204,5.009202 52.31208,5.009519 52.312733,5.009536 52.312743,5.009478 52.312809,5.00965 52.313197,5.009879 52.313159,5.009897 52.313207,5.009672 52.313246,5.009875 52.313703,5.010977 52.313492,5.011009 52.313561,5.009902 52.313771,5.009963 52.313898,5.00988 52.313914,5.009815 52.313785,5.009195 52.313905,5.009266 52.314042,5.009309 52.314139,5.009559 52.314605,5.010165 52.314488,5.010131 52.314417,5.010224 52.314399,5.010271 52.31448,5.010298 52.314501,5.010357 52.314526,5.010444 52.314551,5.011021 52.314696,5.011076 52.314707,5.011118 52.314704,5.011151 52.314688,5.01119 52.314651,5.011724 52.314556,5.011733 52.314546,5.01167 52.314405,5.01176 52.314388,5.011824 52.314523,5.012436 52.314415,5.012519 52.314436,5.012725 52.314505,5.012797 52.314562,5.012822 52.314587,5.012854 52.314632,5.012883 52.314697,5.012887 52.314749,5.01275 52.31478,5.012714 52.314799,5.012714 52.314819,5.012961 52.315348,5.013563 52.315246,5.0135 52.315128,5.01361 52.315109,5.0137 52.315283,5.013712 52.31529,5.013773 52.315294,5.01399 52.315256,5.01403 52.315338,5.013819 52.315376,5.013752 52.315382,5.013707 52.315378,5.013708 52.31541,5.013865 52.315762,5.013887 52.315793,5.013918 52.315808,5.013967 52.315813,5.015056 52.315621,5.015087 52.315613,5.015125 52.315593,5.015136 52.315566,5.015097 52.315484,5.015103 52.315459,5.015121 52.315447,5.015151 52.315448,5.015172 52.315475,5.0153 52.315744,5.015317 52.315751,5.015344 52.315751,5.016181 52.315607,5.016217 52.315597,5.016232 52.31558,5.016231 52.315557,5.016102 52.31528,5.016106 52.315253,5.016126 52.315236,5.016182 52.315223,5.016215 52.315225,5.016254 52.315235,5.016169 52.315102,5.016364 52.315069,5.016771 52.315168,5.016825 52.314833,5.016598 52.314188,5.017259 52.314041,5.016651 52.312794)),((5.016651 52.312794,5.016177 52.311823,5.015757 52.311468,5.01574 52.311476,5.015893 52.311618,5.016007 52.311753,5.016154 52.31198,5.016581 52.312754,5.016612 52.31278,5.016651 52.312794)))";"MULTIPOLYGON(((52.312794 5.016651,52.31278 5.016612,52.312754 5.016581,52.31198 5.016154,52.311753 5.016007,52.311618 5.015893,52.311476 5.01574,52.311468 5.015757,52.31143 5.015711,52.310758 5.014626,52.310402 5.014415,52.310478 5.013978,52.310579 5.014033,52.310567 5.014097,52.311752 5.01459,52.311765 5.014509,52.311135 5.014248,52.311201 5.013702,52.311172 5.013692,52.311197 5.013503,52.311213 5.013508,52.311228 5.013387,52.311228 5.013337,52.311208 5.013296,52.311136 5.013269,52.311116 5.013243,52.311109 5.013189,52.311175 5.01223,52.311183 5.012165,52.311199 5.012142,52.311531 5.012199,52.311558 5.01221,52.311568 5.012236,52.31157 5.012273,52.311566 5.012418,52.311613 5.012425,52.311618 5.012264,52.311622 5.012236,52.31163 5.012222,52.311651 5.012215,52.312025 5.012278,52.312037 5.012311,52.312035 5.012385,52.312049 5.012406,52.312073 5.012417,52.312087 5.012433,52.312108 5.012496,52.312139 5.012516,52.312152 5.01242,52.312116 5.012367,52.31208 5.012263,52.312036 5.012212,52.311623 5.012069,52.311573 5.012029,52.311564 5.011819,52.311585 5.011699,52.311589 5.011639,52.311584 5.011446,52.31159 5.011359,52.311602 5.011293,52.311662 5.011053,52.311677 5.010966,52.311686 5.010857,52.311682 5.010664,52.311741 5.010704,52.311824 5.010686,52.31194 5.010693,52.312022 5.010713,52.312448 5.010894,52.312463 5.010807,52.31165 5.010445,52.311745 5.009835,52.311873 5.00989,52.311883 5.009827,52.311775 5.009779,52.311756 5.009754,52.311757 5.009731,52.311834 5.009245,52.311847 5.009199,52.311867 5.009176,52.311897 5.009165,52.31204 5.00919,52.31208 5.009202,52.312733 5.009519,52.312743 5.009536,52.312809 5.009478,52.313197 5.00965,52.313159 5.009879,52.313207 5.009897,52.313246 5.009672,52.313703 5.009875,52.313492 5.010977,52.313561 5.011009,52.313771 5.009902,52.313898 5.009963,52.313914 5.00988,52.313785 5.009815,52.313905 5.009195,52.314042 5.009266,52.314139 5.009309,52.314605 5.009559,52.314488 5.010165,52.314417 5.010131,52.314399 5.010224,52.31448 5.010271,52.314501 5.010298,52.314526 5.010357,52.314551 5.010444,52.314696 5.011021,52.314707 5.011076,52.314704 5.011118,52.314688 5.011151,52.314651 5.01119,52.314556 5.011724,52.314546 5.011733,52.314405 5.01167,52.314388 5.01176,52.314523 5.011824,52.314415 5.012436,52.314436 5.012519,52.314505 5.012725,52.314562 5.012797,52.314587 5.012822,52.314632 5.012854,52.314697 5.012883,52.314749 5.012887,52.31478 5.01275,52.314799 5.012714,52.314819 5.012714,52.315348 5.012961,52.315246 5.013563,52.315128 5.0135,52.315109 5.01361,52.315283 5.0137,52.31529 5.013712,52.315294 5.013773,52.315256 5.01399,52.315338 5.01403,52.315376 5.013819,52.315382 5.013752,52.315378 5.013707,52.31541 5.013708,52.315762 5.013865,52.315793 5.013887,52.315808 5.013918,52.315813 5.013967,52.315621 5.015056,52.315613 5.015087,52.315593 5.015125,52.315566 5.015136,52.315484 5.015097,52.315459 5.015103,52.315447 5.015121,52.315448 5.015151,52.315475 5.015172,52.315744 5.0153,52.315751 5.015317,52.315751 5.015344,52.315607 5.016181,52.315597 5.016217,52.31558 5.016232,52.315557 5.016231,52.31528 5.016102,52.315253 5.016106,52.315236 5.016126,52.315223 5.016182,52.315225 5.016215,52.315235 5.016254,52.315102 5.016169,52.315069 5.016364,52.315168 5.016771,52.314833 5.016825,52.314188 5.016598,52.314041 5.017259,52.312794 5.016651)),((52.312794 5.016651,52.311823 5.016177,52.311468 5.015757,52.311476 5.01574,52.311618 5.015893,52.311753 5.016007,52.31198 5.016154,52.312754 5.016581,52.31278 5.016612,52.312794 5.016651)))";5.0132201;52.3130919;
1250;"Nutstuin";"Driemond";"Burgemeester Kasteleinstraat";"";"POLYGON((5.011084 52.307501,5.011561 52.307648,5.012243 52.306896,5.013414 52.307279,5.013068 52.306651,5.013566 52.305904,5.014286 52.30608,5.013768 52.305315,5.013237 52.305373,5.013127 52.305331,5.012991 52.305331,5.012849 52.305372,5.012736 52.305425,5.012597 52.305506,5.01249 52.30556,5.01216 52.305806,5.011857 52.30608,5.011746 52.306289,5.011483 52.30665,5.01105 52.307306,5.011084 52.307501))";"POLYGON((52.307501 5.011084,52.307648 5.011561,52.306896 5.012243,52.307279 5.013414,52.306651 5.013068,52.305904 5.013566,52.30608 5.014286,52.305315 5.013768,52.305373 5.013237,52.305331 5.013127,52.305331 5.012991,52.305372 5.012849,52.305425 5.012736,52.305506 5.012597,52.30556 5.01249,52.305806 5.01216,52.30608 5.011857,52.306289 5.011746,52.30665 5.011483,52.307306 5.01105,52.307501 5.011084))";5.01267505;52.3064429;
1251;"Volkstuin verblijfsrecreatief";"Hof van Eden";"Middenmeerpad";"";"POLYGON((4.9526060 52.3502462,4.9525638 52.3502080,4.9512343 52.3494227,4.9510448 52.3494250,4.9509264 52.3494888,4.9509121 52.3494904,4.9501723 52.3499500,4.9504600 52.3501170,4.9504942 52.3501188,4.9506869 52.3502293,4.9507176 52.3502120,4.9517032 52.3508030))";"POLYGON((52.3502462 4.9526060,52.3502080 4.9525638,52.3494227 4.9512343,52.3494250 4.9510448,52.3494888 4.9509264,52.3494904 4.9509121,52.3499500 4.9501723,52.3501170 4.9504600,52.3501188 4.9504942,52.3502293 4.9506869,52.3502120 4.9507176,52.3508030 4.9517032))";4.95139405;52.35010595;
1252;"Volkstuin verblijfsrecreatief";"Het oude Bijenpark";"t.h.v. Sloterweg 787";"http://www.bijenpark.nl/index.htm";"POLYGON((4.816957 52.340889,4.818307 52.340853,4.81829 52.340457,4.818331 52.339545,4.818348 52.339424,4.818348 52.339407,4.818384 52.339266,4.818348 52.339221,4.818222 52.33921,4.818139 52.339222,4.817782 52.339322,4.817698 52.33934,4.817459 52.339376,4.816951 52.339439,4.816957 52.340889))";"POLYGON((52.340889 4.816957,52.340853 4.818307,52.340457 4.81829,52.339545 4.818331,52.339424 4.818348,52.339407 4.818348,52.339266 4.818384,52.339221 4.818348,52.33921 4.818222,52.339222 4.818139,52.339322 4.817782,52.33934 4.817698,52.339376 4.817459,52.339439 4.816951,52.340889 4.816957))";4.81766985;52.34004275;
1253;"Volkstuin verblijfsrecreatief";"Tuinpark VAT Sloten ";"Sloterweg 1173";"http://www.vat-sloten.nl";"POLYGON((4.800192 52.340714,4.799338 52.337741,4.799244 52.337744,4.798634 52.337778,4.797931 52.335994,4.797794 52.336214,4.797745 52.336242,4.797556 52.336432,4.797564 52.336464,4.797519 52.336474,4.797491 52.336493,4.797339 52.336634,4.797114 52.336858,4.796163 52.337786,4.796167 52.337819,4.796202 52.337839,4.79626 52.337857,4.796359 52.337891,4.796758 52.338044,4.796992 52.338126,4.797049 52.338161,4.79708 52.338244,4.797158 52.338783,4.79726 52.339458,4.797279 52.33956,4.797307 52.339735,4.797381 52.340269,4.797394 52.340378,4.797428 52.340579,4.797455 52.340601,4.79749 52.340621,4.797536 52.340631,4.797848 52.340623,4.79805 52.340621,4.798071 52.340617,4.798116 52.340575,4.798182 52.340607,4.798212 52.340614,4.799041 52.340624,4.799212 52.340746,4.800192 52.340714))";"POLYGON((52.340714 4.800192,52.337741 4.799338,52.337744 4.799244,52.337778 4.798634,52.335994 4.797931,52.336214 4.797794,52.336242 4.797745,52.336432 4.797556,52.336464 4.797564,52.336474 4.797519,52.336493 4.797491,52.336634 4.797339,52.336858 4.797114,52.337786 4.796163,52.337819 4.796167,52.337839 4.796202,52.337857 4.79626,52.337891 4.796359,52.338044 4.796758,52.338126 4.796992,52.338161 4.797049,52.338244 4.79708,52.338783 4.797158,52.339458 4.79726,52.33956 4.797279,52.339735 4.797307,52.340269 4.797381,52.340378 4.797394,52.340579 4.797428,52.340601 4.797455,52.340621 4.79749,52.340631 4.797536,52.340623 4.797848,52.340621 4.79805,52.340617 4.798071,52.340575 4.798116,52.340607 4.798182,52.340614 4.798212,52.340624 4.799041,52.340746 4.799212,52.340714 4.800192))";4.7981801;52.33834135;
1254;"Volkstuin verblijfsrecreatief";"Tuinpark Nut en Genoegen";"Sloterdijkweg 22";"http://www.nutengenoegen.magix.net";"POLYGON((4.854224 52.388602,4.855747 52.388603,4.856984 52.388594,4.858049 52.388597,4.85928 52.388606,4.860084 52.388616,4.861022 52.388625,4.863099 52.388639,4.863666 52.388646,4.864826 52.388654,4.864843 52.388052,4.863194 52.388025,4.863589 52.38699,4.863905 52.386324,4.863749 52.386285,4.863473 52.38623,4.863035 52.386123,4.862545 52.386021,4.861324 52.385899,4.860895 52.385878,4.860076 52.385862,4.859394 52.385857,4.859237 52.385858,4.856263 52.385901,4.856251 52.385912,4.856277 52.38591,4.855103 52.386992,4.855829 52.38739,4.855822 52.387395,4.855829 52.387399,4.854224 52.388602))";"POLYGON((52.388602 4.854224,52.388603 4.855747,52.388594 4.856984,52.388597 4.858049,52.388606 4.85928,52.388616 4.860084,52.388625 4.861022,52.388639 4.863099,52.388646 4.863666,52.388654 4.864826,52.388052 4.864843,52.388025 4.863194,52.38699 4.863589,52.386324 4.863905,52.386285 4.863749,52.38623 4.863473,52.386123 4.863035,52.386021 4.862545,52.385899 4.861324,52.385878 4.860895,52.385862 4.860076,52.385857 4.859394,52.385858 4.859237,52.385901 4.856263,52.385912 4.856251,52.38591 4.856277,52.386992 4.855103,52.38739 4.855829,52.387395 4.855822,52.387399 4.855829,52.388602 4.854224))";4.85953495;52.3872916;
1255;"Volkstuin dagrecreatief";"Zonnehoek";"Archangelweg 3";"www.zonnehoekamsterdam.nl";"MULTIPOLYGON(((4.869068 52.393314,4.869142 52.393421,4.869665 52.393521,4.870099 52.393653,4.870614 52.393855,4.870951 52.394032,4.871239 52.39424,4.8715 52.394485,4.87165 52.394713,4.871803 52.394715,4.872651 52.393034,4.872429 52.393047,4.871935 52.393095,4.87084 52.393204,4.870183 52.393255,4.869068 52.393314)),((4.870502 52.393978,4.870422 52.393937,4.869931 52.393727,4.869401 52.393591,4.868841 52.39349,4.868083 52.393467,4.867864 52.393633,4.871298 52.395264,4.871514 52.394982,4.871432 52.39478,4.871274 52.394561,4.870949 52.394252,4.870731 52.394093,4.870502 52.393978)))";"MULTIPOLYGON(((52.393314 4.869068,52.393421 4.869142,52.393521 4.869665,52.393653 4.870099,52.393855 4.870614,52.394032 4.870951,52.39424 4.871239,52.394485 4.8715,52.394713 4.87165,52.394715 4.871803,52.393034 4.872651,52.393047 4.872429,52.393095 4.871935,52.393204 4.87084,52.393255 4.870183,52.393314 4.869068)),((52.393978 4.870502,52.393937 4.870422,52.393727 4.869931,52.393591 4.869401,52.39349 4.868841,52.393467 4.868083,52.393633 4.867864,52.395264 4.871298,52.394982 4.871514,52.39478 4.871432,52.394561 4.871274,52.394252 4.870949,52.394093 4.870731,52.393978 4.870502)))";4.87025995;52.3941447;
1256;"Nutstuin";"Lutkemeer";"Lutekemeerweg";"";"POLYGON((4.761091 52.35577,4.7595 52.356538,4.760465 52.357284,4.762062 52.356538,4.761091 52.35577))";"POLYGON((52.35577 4.761091,52.356538 4.7595,52.357284 4.760465,52.356538 4.762062,52.35577 4.761091))";4.7607851;52.3565432;
1257;"Nutstuin";"De Swaenen";"Beemsterstraat";"";"POLYGON((4.950361 52.402318,4.952359 52.401328,4.951966 52.401015,4.949923 52.402026,4.950361 52.402318))";"POLYGON((52.402318 4.950361,52.401328 4.952359,52.401015 4.951966,52.402026 4.949923,52.402318 4.950361))";4.9511452;52.4016444;
1258;"Volkstuin verblijfsrecreatief";"Volkstuinpark De Bongerd";"Kadoelenpad 21";"http://www.volkstuinparkdebongerd.nl";"POLYGON((4.9089790 52.4185038,4.9086141 52.4178962,4.9076040 52.4181250,4.9075577 52.4181157,4.9073497 52.4177478,4.9072675 52.4175309,4.9073156 52.4175108,4.9072129 52.4173589,4.9071102 52.4170720,4.9071224 52.4169512,4.9070750 52.4166079,4.9079425 52.4164063,4.9079046 52.4162002,4.9078150 52.4160547,4.9071967 52.4162060,4.9073140 52.4156063,4.9074590 52.4154749,4.9078011 52.4150920,4.9079778 52.4150964,4.9084777 52.4150659,4.9085189 52.4150722,4.9093194 52.4157598,4.9093345 52.4157623,4.9098967 52.4162246,4.9101280 52.4163410,4.9113238 52.4160270,4.9117051 52.4165133,4.9118053 52.4166359,4.9118916 52.4167577,4.9119448 52.4168100,4.9119969 52.4168733,4.9120249 52.4169218,4.9120289 52.4169481,4.9120154 52.4169780,4.9119604 52.4170283,4.9115797 52.4171332,4.9109393 52.4173018,4.9106554 52.4173755,4.9104953 52.4174180,4.9104146 52.4174512,4.9100100 52.4175816,4.9098465 52.4176873,4.9096522 52.4178259,4.9095021 52.4180002,4.9094470 52.4181251,4.9093860 52.4184186,4.9093800 52.4184263,4.9091793 52.4184905,4.9090498 52.4185270,4.9090220 52.4185246))";"POLYGON((52.4185038 4.9089790,52.4178962 4.9086141,52.4181250 4.9076040,52.4181157 4.9075577,52.4177478 4.9073497,52.4175309 4.9072675,52.4175108 4.9073156,52.4173589 4.9072129,52.4170720 4.9071102,52.4169512 4.9071224,52.4166079 4.9070750,52.4164063 4.9079425,52.4162002 4.9079046,52.4160547 4.9078150,52.4162060 4.9071967,52.4156063 4.9073140,52.4154749 4.9074590,52.4150920 4.9078011,52.4150964 4.9079778,52.4150659 4.9084777,52.4150722 4.9085189,52.4157598 4.9093194,52.4157623 4.9093345,52.4162246 4.9098967,52.4163410 4.9101280,52.4160270 4.9113238,52.4165133 4.9117051,52.4166359 4.9118053,52.4167577 4.9118916,52.4168100 4.9119448,52.4168733 4.9119969,52.4169218 4.9120249,52.4169481 4.9120289,52.4169780 4.9120154,52.4170283 4.9119604,52.4171332 4.9115797,52.4173018 4.9109393,52.4173755 4.9106554,52.4174180 4.9104953,52.4174512 4.9104146,52.4175816 4.9100100,52.4176873 4.9098465,52.4178259 4.9096522,52.4180002 4.9095021,52.4181251 4.9094470,52.4184186 4.9093860,52.4184263 4.9093800,52.4184905 4.9091793,52.4185270 4.9090498,52.4185246 4.9090220))";4.90955685;52.41678875;
1259;"Nutstuin";"De Ark";"Nico Broekhuysenweg";"";"POLYGON((4.7797161 52.3768434,4.7805700 52.3768462,4.7805377 52.3780896,4.7796924 52.3780670))";"POLYGON((52.3768434 4.7797161,52.3768462 4.7805700,52.3780896 4.7805377,52.3780670 4.7796924))";4.7801361;52.3774592;
1260;"Volkstuin verblijfsrecreatief";"Tuinvereniging Frankendal";"Stammerlandweg 27 Driemond";"www.vtvfrankendael.nl";"POLYGON((5.015757 52.311468,5.016177 52.311823,5.016651 52.312794,5.016659 52.312797,5.016734 52.312797,5.016873 52.313039,5.017391 52.313976,5.01757 52.314357,5.017626 52.314347,5.018012 52.315169,5.018099 52.315292,5.018359 52.313802,5.018609 52.312429,5.018701 52.311811,5.018578 52.311801,5.018609 52.311672,5.018739 52.310955,5.018736 52.310923,5.018721 52.310904,5.018691 52.31089,5.018611 52.310869,5.018058 52.310786,5.017479 52.310726,5.017104 52.310727,5.016664 52.310751,5.016407 52.310785,5.016149 52.310833,5.01583 52.310935,5.015594 52.311022,5.015484 52.311078,5.015461 52.311106,5.015453 52.311124,5.015634 52.311248,5.015822 52.311367,5.01588 52.311412,5.015757 52.311468))";"POLYGON((52.311468 5.015757,52.311823 5.016177,52.312794 5.016651,52.312797 5.016659,52.312797 5.016734,52.313039 5.016873,52.313976 5.017391,52.314357 5.01757,52.314347 5.017626,52.315169 5.018012,52.315292 5.018099,52.313802 5.018359,52.312429 5.018609,52.311811 5.018701,52.311801 5.018578,52.311672 5.018609,52.310955 5.018739,52.310923 5.018736,52.310904 5.018721,52.31089 5.018691,52.310869 5.018611,52.310786 5.018058,52.310726 5.017479,52.310727 5.017104,52.310751 5.016664,52.310785 5.016407,52.310833 5.016149,52.310935 5.01583,52.311022 5.015594,52.311078 5.015484,52.311106 5.015461,52.311124 5.015453,52.311248 5.015634,52.311367 5.015822,52.311412 5.01588,52.311468 5.015757))";5.0171001;52.31299275;
1261;"Volkstuin verblijfsrecreatief";"Tuinpark Buikslotermeer";"Buitengouw";"http://www.tuinparkbuikslotermeer.nl";"POLYGON((4.959873 52.398654,4.962062 52.39983,4.963566 52.398858,4.964278 52.3982,4.965052 52.397517,4.965934 52.396492,4.966943 52.39515,4.964004 52.394314,4.962532 52.396226,4.961758 52.396934,4.960794 52.397807,4.959873 52.398654))";"POLYGON((52.398654 4.959873,52.39983 4.962062,52.398858 4.963566,52.3982 4.964278,52.397517 4.965052,52.396492 4.965934,52.39515 4.966943,52.394314 4.964004,52.396226 4.962532,52.396934 4.961758,52.397807 4.960794,52.398654 4.959873))";4.9634099;52.39704195;
1262;"Volkstuin verblijfsrecreatief";"Nieuwe Diep";"Diemerzeedijk";"";"POLYGON((4.973926 52.357497,4.973408 52.357342,4.973178 52.357862,4.973389 52.357921,4.973348 52.35869,4.973244 52.360122,4.973146 52.360182,4.972452 52.360187,4.972461 52.360485,4.973017 52.360513,4.973298 52.360495,4.973469 52.360431,4.973617 52.360282,4.973636 52.360154,4.973719 52.35878,4.973774 52.35779,4.973926 52.357497))";"POLYGON((52.357497 4.973926,52.357342 4.973408,52.357862 4.973178,52.357921 4.973389,52.35869 4.973348,52.360122 4.973244,52.360182 4.973146,52.360187 4.972452,52.360485 4.972461,52.360513 4.973017,52.360495 4.973298,52.360431 4.973469,52.360282 4.973617,52.360154 4.973636,52.35878 4.973719,52.35779 4.973774,52.357497 4.973926))";4.97319485;52.35889305;
1263;"Nutstuin";"Reigersbos";"Reigersbospad";"";"POLYGON((4.975933 52.300037,4.975237 52.299806,4.975135 52.299871,4.974899 52.300131,4.974959 52.300239,4.974505 52.300752,4.974513 52.300823,4.974598 52.300871,4.974825 52.300948,4.975262 52.30106,4.975393 52.301065,4.975492 52.301002,4.975568 52.300928,4.975659 52.300812,4.975651 52.300749,4.97557 52.300708,4.975465 52.300679,4.975429 52.300639,4.975442 52.300593,4.975936 52.300117,4.975958 52.300074,4.975933 52.300037))";"POLYGON((52.300037 4.975933,52.299806 4.975237,52.299871 4.975135,52.300131 4.974899,52.300239 4.974959,52.300752 4.974505,52.300823 4.974513,52.300871 4.974598,52.300948 4.974825,52.30106 4.975262,52.301065 4.975393,52.301002 4.975492,52.300928 4.975568,52.300812 4.975659,52.300749 4.975651,52.300708 4.97557,52.300679 4.975465,52.300639 4.975429,52.300593 4.975442,52.300117 4.975936,52.300074 4.975958,52.300037 4.975933))";4.975235;52.3004443;
1265;"Nutstuin";"De Oase";"Haarlemmerweg 701a";"http://www.bondvanvolkstuinders.nl/index.php?menu=134&stijl=1&id=285";"POLYGON((4.790513 52.384025,4.793155 52.384054,4.793168 52.383668,4.790533 52.383636,4.790513 52.384025))";"POLYGON((52.384025 4.790513,52.384054 4.793155,52.383668 4.793168,52.383636 4.790533,52.384025 4.790513))";4.7918451;52.3838431;
1266;"Volkstuin verblijfsrecreatief";"Tuinpark Nieuw Vredelust";"Buitensingel 4, Duivendrecht";"www.tuinparknieuwvredelust.nl";"POLYGON((4.927472 52.32006,4.92886 52.320136,4.930379 52.318723,4.931977 52.317146,4.930212 52.316217,4.929243 52.316662,4.926873 52.318379,4.926372 52.318726,4.926927 52.319157,4.927472 52.32006))";"POLYGON((52.32006 4.927472,52.320136 4.92886,52.318723 4.930379,52.317146 4.931977,52.316217 4.930212,52.316662 4.929243,52.318379 4.926873,52.318726 4.926372,52.319157 4.926927,52.32006 4.927472))";4.9291801;52.3181426;
1267;"Volkstuin verblijfsrecreatief";"Tuinpark Ons Lustoord";"Verbindingsweg 1";"www.onslustoord.wixsite.com/2017";"POLYGON((4.916772 52.319809,4.921348 52.320995,4.922397 52.321416,4.922885 52.321899,4.927472 52.32006,4.926927 52.319157,4.926372 52.318726,4.926873 52.318379,4.924073 52.316784,4.924312 52.316123,4.921857 52.314813,4.917726 52.318792,4.916772 52.319809))";"POLYGON((52.319809 4.916772,52.320995 4.921348,52.321416 4.922397,52.321899 4.922885,52.32006 4.927472,52.319157 4.926927,52.318726 4.926372,52.318379 4.926873,52.316784 4.924073,52.316123 4.924312,52.314813 4.921857,52.318792 4.917726,52.319809 4.916772))";4.9221251;52.31834285;
1268;"Volkstuin verblijfsrecreatief";"Tuinpark Dijkzicht";"Verbindingsweg 2";"www.tuinparkdijkzicht.nl";"POLYGON((4.922885 52.321899,4.922397 52.321416,4.921348 52.320995,4.916772 52.319809,4.9164 52.320205,4.915379 52.321879,4.915098 52.322942,4.915163 52.324077,4.916009 52.324317,4.917597 52.323708,4.919647 52.323196,4.922885 52.321899))";"POLYGON((52.321899 4.922885,52.321416 4.922397,52.320995 4.921348,52.319809 4.916772,52.320205 4.9164,52.321879 4.915379,52.322942 4.915098,52.324077 4.915163,52.324317 4.916009,52.323708 4.917597,52.323196 4.919647,52.321899 4.922885))";4.91900015;52.3220431;
1276;"Volkstuin verblijfsrecreatief";"De Groenlijn";"Schinkeleilanden";"";"MULTIPOLYGON(((4.852605 52.341616,4.852269 52.341565,4.852116 52.342023,4.851768 52.342741,4.851528 52.34318,4.85165 52.343191,4.851742 52.343119,4.851947 52.342729,4.852108 52.342459,4.852273 52.342097,4.852354 52.341769,4.852457 52.341666)),((4.850957 52.344834,4.851158 52.344794,4.85118 52.344425,4.851279 52.344054,4.851405 52.343776,4.851516 52.343538,4.851534 52.343487,4.851497 52.343437,4.851419 52.34343,4.851212 52.34379,4.851064 52.34415,4.850977 52.344635)),((4.851225 52.345061,4.851057 52.344983,4.851008 52.344989,4.851078 52.345273,4.85119 52.345606,4.851438 52.345946,4.851594 52.346076,4.851742 52.346023,4.851632 52.3459,4.851553 52.345766,4.851415 52.345583,4.851343 52.345409,4.851254 52.345211)))";"MULTIPOLYGON(((52.341616 4.852605,52.341565 4.852269,52.342023 4.852116,52.342741 4.851768,52.34318 4.851528,52.343191 4.85165,52.343119 4.851742,52.342729 4.851947,52.342459 4.852108,52.342097 4.852273,52.341769 4.852354,52.341666 4.852457)),((52.344834 4.850957,52.344794 4.851158,52.344425 4.85118,52.344054 4.851279,52.343776 4.851405,52.343538 4.851516,52.343487 4.851534,52.343437 4.851497,52.34343 4.851419,52.34379 4.851212,52.34415 4.851064,52.344635 4.850977)),((52.345061 4.851225,52.344983 4.851057,52.344989 4.851008,52.345273 4.851078,52.345606 4.85119,52.345946 4.851438,52.346076 4.851594,52.346023 4.851742,52.3459 4.851632,52.345766 4.851553,52.345583 4.851415,52.345409 4.851343,52.345211 4.851254)))";4.8517859;52.3438136;
1279;"Nutstuin";"De Bongerd";"";"";"POLYGON((4.9087805 52.4135142,4.9103093 52.4131707,4.9097139 52.4123592,4.9085391 52.4125980))";"POLYGON((52.4135142 4.9087805,52.4131707 4.9103093,52.4123592 4.9097139,52.4125980 4.9085391))";4.9094288;52.41292825;
1280;"Nutstuin";"De Vrijbuiters";"";"";"POLYGON((4.9752404 52.3302799,4.9751440 52.3300755,4.9749727 52.3297881,4.9748446 52.3296065,4.9747065 52.3294303,4.9745804 52.3292910,4.9746206 52.3292582,4.9747252 52.3292140,4.9748433 52.3291746,4.9749345 52.3291517,4.9749881 52.3291861,4.9750659 52.3292435,4.9751464 52.3292926,4.9752617 52.3293516,4.9753636 52.3294172,4.9754414 52.3294697,4.9755326 52.3295270,4.9756399 52.3295926,4.9757659 52.3296729,4.9758464 52.3297237,4.9759376 52.3297713,4.9759966 52.3297942,4.9760610 52.3298352,4.9761710 52.3299155,4.9762300 52.3299581,4.9763185 52.3300073,4.9764150 52.3300843,4.9764875 52.3301220,4.9765626 52.3301827,4.9766618 52.3302417,4.9767584 52.3302925,4.9768361 52.3303400,4.9769434 52.3303974,4.9770400 52.3304564,4.9771312 52.3305253,4.9772277 52.3305925,4.9772626 52.3306302,4.9771231 52.3306384,4.9769408 52.3306367,4.9767557 52.3306433,4.9764982 52.3306466,4.9762622 52.3306498,4.9760127 52.3306384,4.9758142 52.3306252,4.9755675 52.3306089,4.9753904 52.3306088))";"POLYGON((52.3302799 4.9752404,52.3300755 4.9751440,52.3297881 4.9749727,52.3296065 4.9748446,52.3294303 4.9747065,52.3292910 4.9745804,52.3292582 4.9746206,52.3292140 4.9747252,52.3291746 4.9748433,52.3291517 4.9749345,52.3291861 4.9749881,52.3292435 4.9750659,52.3292926 4.9751464,52.3293516 4.9752617,52.3294172 4.9753636,52.3294697 4.9754414,52.3295270 4.9755326,52.3295926 4.9756399,52.3296729 4.9757659,52.3297237 4.9758464,52.3297713 4.9759376,52.3297942 4.9759966,52.3298352 4.9760610,52.3299155 4.9761710,52.3299581 4.9762300,52.3300073 4.9763185,52.3300843 4.9764150,52.3301220 4.9764875,52.3301827 4.9765626,52.3302417 4.9766618,52.3302925 4.9767584,52.3303400 4.9768361,52.3303974 4.9769434,52.3304564 4.9770400,52.3305253 4.9771312,52.3305925 4.9772277,52.3306302 4.9772626,52.3306384 4.9771231,52.3306367 4.9769408,52.3306433 4.9767557,52.3306466 4.9764982,52.3306498 4.9762622,52.3306384 4.9760127,52.3306252 4.9758142,52.3306089 4.9755675,52.3306088 4.9753904))";4.9759264;52.32989375;
1281;"Schoolwerktuin";"Nijkamp Schooltuin";"Dr. H. Colijnstraat 248";"https://www.amsterdam.nl/onderwijs-jeugd/basisonderwijs/natuur-milieu/nijkamp/";"POLYGON((4.808005 52.379075,4.807404 52.379063,4.807365 52.379973,4.808576 52.379988,4.808651 52.378356,4.808599 52.378295,4.808044 52.378284,4.808005 52.379075))";"POLYGON((52.379075 4.808005,52.379063 4.807404,52.379973 4.807365,52.379988 4.808576,52.378356 4.808651,52.378295 4.808599,52.378284 4.808044,52.379075 4.808005))";4.808013;52.379129;
1282;"Schoolwerktuin";"Osdorp Schooltuin";"Troelstralaan 1";"https://www.amsterdam.nl/onderwijs-jeugd/basisonderwijs/natuur-milieu/osdorp/";"POLYGON((4.801461 52.368945,4.800735 52.368794,4.800695 52.368899,4.800738 52.368906,4.800714 52.368966,4.800667 52.36896,4.800604 52.369026,4.80047 52.369748,4.800426 52.370151,4.800416 52.370803,4.800497 52.3708,4.800518 52.371293,4.801304 52.371265,4.801525 52.371225,4.801501 52.37095,4.801493 52.370515,4.801515 52.370127,4.801574 52.369627,4.801623 52.369356,4.801725 52.368898,4.801774 52.368733,4.801664 52.368706,4.80153 52.36896,4.801461 52.368945))";"POLYGON((52.368945 4.801461,52.368794 4.800735,52.368899 4.800695,52.368906 4.800738,52.368966 4.800714,52.36896 4.800667,52.369026 4.800604,52.369748 4.80047,52.370151 4.800426,52.370803 4.800416,52.3708 4.800497,52.371293 4.800518,52.371265 4.801304,52.371225 4.801525,52.37095 4.801501,52.370515 4.801493,52.370127 4.801515,52.369627 4.801574,52.369356 4.801623,52.368898 4.801725,52.368733 4.801774,52.368706 4.801664,52.36896 4.80153,52.368945 4.801461))";4.8011;52.3699925;
1283;"Schoolwerktuin";"Aemstel Schooltuin";"Kalfjeslaan 28";"https://www.amsterdam.nl/onderwijs-jeugd/basisonderwijs/natuur-milieu/aemstel-schooltuin/";"POLYGON((4.893625 52.3232,4.892581 52.323178,4.892419 52.323119,4.892395 52.323087,4.892622 52.322675,4.892638 52.322635,4.892595 52.322606,4.892318 52.322582,4.891744 52.322576,4.891733 52.323193,4.892188 52.323357,4.892325 52.323237,4.892371 52.323198,4.892405 52.323197,4.892477 52.323211,4.892506 52.323227,4.892514 52.323258,4.892386 52.323441,4.892647 52.323525,4.893101 52.323532,4.893129 52.323706,4.89338 52.323789,4.893445 52.323787,4.893599 52.32341,4.893625 52.3232))";"POLYGON((52.3232 4.893625,52.323178 4.892581,52.323119 4.892419,52.323087 4.892395,52.322675 4.892622,52.322635 4.892638,52.322606 4.892595,52.322582 4.892318,52.322576 4.891744,52.323193 4.891733,52.323357 4.892188,52.323237 4.892325,52.323198 4.892371,52.323197 4.892405,52.323211 4.892477,52.323227 4.892506,52.323258 4.892514,52.323441 4.892386,52.323525 4.892647,52.323532 4.893101,52.323706 4.893129,52.323789 4.89338,52.323787 4.893445,52.32341 4.893599,52.3232 4.893625))";4.892684;52.3231755;
1284;"Schoolwerktuin";"Toorop Schooltuin";"Willem van Konijnenburgstraat 10";"https://www.amsterdam.nl/onderwijs-jeugd/basisonderwijs/natuur-milieu/toorop/";"POLYGON((4.834976 52.360334,4.834636 52.360331,4.834611 52.361742,4.835074 52.361737,4.835135 52.361683,4.835272 52.361675,4.83532 52.360286,4.834976 52.360334))";"POLYGON((52.360334 4.834976,52.360331 4.834636,52.361742 4.834611,52.361737 4.835074,52.361683 4.835135,52.361675 4.835272,52.360286 4.83532,52.360334 4.834976))";4.8349705;52.361007;
1285;"Schoolwerktuin";"Blijdestijn Schooltuin";"Staalmeesterslaan 435";"https://www.amsterdam.nl/onderwijs-jeugd/basisonderwijs/natuur-milieu/blijdestijn/";"POLYGON((4.845493 52.368433,4.845498 52.368481,4.845519 52.368483,4.845538 52.368497,4.845542 52.368914,4.845553 52.368947,4.845594 52.368973,4.845639 52.368986,4.847095 52.369118,4.847151 52.36911,4.8472 52.369085,4.847385 52.368985,4.847409 52.368968,4.847416 52.368948,4.847406 52.368921,4.847331 52.368827,4.847323 52.368761,4.847334 52.36856,4.847394 52.368253,4.847372 52.368224,4.847337 52.368198,4.84708 52.368064,4.847019 52.368053,4.846957 52.368064,4.846905 52.368087,4.846841 52.368095,4.846747 52.368097,4.846751 52.368021,4.846726 52.368004,4.846154 52.367939,4.846082 52.367943,4.845632 52.368089,4.845594 52.368108,4.845573 52.368135,4.84554 52.368309,4.845528 52.368328,4.845497 52.368335,4.845493 52.368433))";"POLYGON((52.368433 4.845493,52.368481 4.845498,52.368483 4.845519,52.368497 4.845538,52.368914 4.845542,52.368947 4.845553,52.368973 4.845594,52.368986 4.845639,52.369118 4.847095,52.36911 4.847151,52.369085 4.8472,52.368985 4.847385,52.368968 4.847409,52.368948 4.847416,52.368921 4.847406,52.368827 4.847331,52.368761 4.847323,52.36856 4.847334,52.368253 4.847394,52.368224 4.847372,52.368198 4.847337,52.368064 4.84708,52.368053 4.847019,52.368064 4.846957,52.368087 4.846905,52.368095 4.846841,52.368097 4.846747,52.368021 4.846751,52.368004 4.846726,52.367939 4.846154,52.367943 4.846082,52.368089 4.845632,52.368108 4.845594,52.368135 4.845573,52.368309 4.84554,52.368328 4.845528,52.368335 4.845497,52.368433 4.845493))";4.8464595;52.3685215;
1286;"Schoolwerktuin";"Kalff Schooltuin";"Kruislaan 5";"https://www.amsterdam.nl/onderwijs-jeugd/basisonderwijs/natuur-milieu/kalff/";"POLYGON((4.926448 52.340993,4.927346 52.341562,4.928427 52.340848,4.92752 52.340318,4.926448 52.340993))";"POLYGON((52.340993 4.926448,52.341562 4.927346,52.340848 4.928427,52.340318 4.92752,52.340993 4.926448))";4.9274425;52.340933;
1287;"Schoolwerktuin";"Schaap Schooltuin";"Heggerankweg 87";"https://www.amsterdam.nl/onderwijs-jeugd/basisonderwijs/natuur-milieu/schaapschooltuin/";"POLYGON((4.91304 52.396108,4.913085 52.395958,4.912705 52.395924,4.91282 52.39545,4.912862 52.395222,4.912888 52.394997,4.912879 52.394773,4.912848 52.394548,4.912338 52.394436,4.91077 52.397137,4.910723 52.397266,4.910217 52.39816,4.910215 52.398211,4.910684 52.398313,4.910736 52.398303,4.910801 52.398259,4.911173 52.397977,4.911453 52.397742,4.911825 52.397394,4.911938 52.397268,4.91222 52.396902,4.912356 52.396688,4.912567 52.396306,4.912946 52.396373,4.913015 52.396201,4.91304 52.396108))";"POLYGON((52.396108 4.91304,52.395958 4.913085,52.395924 4.912705,52.39545 4.91282,52.395222 4.912862,52.394997 4.912888,52.394773 4.912879,52.394548 4.912848,52.394436 4.912338,52.397137 4.91077,52.397266 4.910723,52.39816 4.910217,52.398211 4.910215,52.398313 4.910684,52.398303 4.910736,52.398259 4.910801,52.397977 4.911173,52.397742 4.911453,52.397394 4.911825,52.397268 4.911938,52.396902 4.91222,52.396688 4.912356,52.396306 4.912567,52.396373 4.912946,52.396201 4.913015,52.396108 4.91304))";4.911655;52.3963675;
1288;"Schoolwerktuin";"Ridderbos Schooltuin";"Burgemeester De Vlugtlaan 2";"https://www.amsterdam.nl/onderwijs-jeugd/basisonderwijs/natuur-milieu/ridderbos/";"POLYGON((4.836853 52.379257,4.83687 52.379287,4.836778 52.379302,4.836757 52.379311,4.836729 52.37934,4.836728 52.379372,4.837821 52.382011,4.837821 52.38211,4.838548 52.381993,4.838512 52.381947,4.838337 52.381623,4.837981 52.380801,4.837303 52.37911,4.836881 52.379175,4.836734 52.379183,4.836609 52.379204,4.836651 52.379255,4.836696 52.379276,4.836724 52.379278,4.836853 52.379257))";"POLYGON((52.379257 4.836853,52.379287 4.83687,52.379302 4.836778,52.379311 4.836757,52.37934 4.836729,52.379372 4.836728,52.382011 4.837821,52.38211 4.837821,52.381993 4.838548,52.381947 4.838512,52.381623 4.838337,52.380801 4.837981,52.37911 4.837303,52.379175 4.836881,52.379183 4.836734,52.379204 4.836609,52.379255 4.836651,52.379276 4.836696,52.379278 4.836724,52.379257 4.836853))";4.8375835;52.380603;
1289;"Schoolwerktuin";"Wagner Schooltuin";"Provincialeweg 53";"https://www.amsterdam.nl/onderwijs-jeugd/basisonderwijs/natuur-milieu/wagner/";"POLYGON((4.987394 52.326406,4.987455 52.326508,4.987594 52.326902,4.987691 52.327039,4.987777 52.327127,4.988004 52.327287,4.988274 52.32744,4.988403 52.327494,4.988581 52.327554,4.988728 52.327566,4.988768 52.327608,4.989162 52.327328,4.98947 52.327039,4.989985 52.326522,4.990176 52.326303,4.990285 52.326161,4.990401 52.325965,4.990474 52.325814,4.990201 52.325681,4.990177 52.325737,4.990142 52.325759,4.989439 52.325718,4.989379 52.325536,4.989347 52.325512,4.989228 52.325548,4.988749 52.325656,4.988702 52.325677,4.988661 52.325708,4.988167 52.326229,4.988093 52.326269,4.987941 52.326288,4.987394 52.326406))";"POLYGON((52.326406 4.987394,52.326508 4.987455,52.326902 4.987594,52.327039 4.987691,52.327127 4.987777,52.327287 4.988004,52.32744 4.988274,52.327494 4.988403,52.327554 4.988581,52.327566 4.988728,52.327608 4.988768,52.327328 4.989162,52.327039 4.98947,52.326522 4.989985,52.326303 4.990176,52.326161 4.990285,52.325965 4.990401,52.325814 4.990474,52.325681 4.990201,52.325737 4.990177,52.325759 4.990142,52.325718 4.989439,52.325536 4.989379,52.325512 4.989347,52.325548 4.989228,52.325656 4.988749,52.325677 4.988702,52.325708 4.988661,52.326229 4.988167,52.326269 4.988093,52.326288 4.987941,52.326406 4.987394))";4.988939;52.326553;
1290;"Schoolwerktuin";"Gaasperdam Schooltuin";"Meerkerkdreef 33";"https://www.amsterdam.nl/onderwijs-jeugd/basisonderwijs/natuur-milieu/gaasperdam/";"POLYGON((4.972754 52.305513,4.972688 52.305502,4.972682 52.305519,4.972155 52.305433,4.971727 52.305815,4.971679 52.305844,4.970985 52.305924,4.970922 52.305937,4.97091 52.305958,4.971002 52.306215,4.970994 52.306243,4.970964 52.306263,4.970906 52.306267,4.970618 52.306195,4.970571 52.306194,4.969895 52.306429,4.969887 52.306444,4.969938 52.306628,4.969961 52.306642,4.971182 52.306987,4.971239 52.306992,4.971283 52.306983,4.973204 52.305609,4.972873 52.305554,4.97288 52.305535,4.972754 52.305513))";"POLYGON((52.305513 4.972754,52.305502 4.972688,52.305519 4.972682,52.305433 4.972155,52.305815 4.971727,52.305844 4.971679,52.305924 4.970985,52.305937 4.970922,52.305958 4.97091,52.306215 4.971002,52.306243 4.970994,52.306263 4.970964,52.306267 4.970906,52.306195 4.970618,52.306194 4.970571,52.306429 4.969895,52.306444 4.969887,52.306628 4.969938,52.306642 4.969961,52.306987 4.971182,52.306992 4.971239,52.306983 4.971283,52.305609 4.973204,52.305554 4.972873,52.305535 4.97288,52.305513 4.972754))";4.9715505;52.3062055;
1291;"Schoolwerktuin";"Vink Schooltuin";"Nobelweg 31";"https://www.amsterdam.nl/onderwijs-jeugd/basisonderwijs/natuur-milieu/vink/";"MULTIPOLYGON(((4.929293 52.349129,4.929865 52.349473,4.930618 52.348987,4.930049 52.348653,4.929293 52.349129)),((4.928994 52.350035,4.929596 52.349646,4.929002 52.349312,4.928399 52.349691,4.928994 52.350035)))";"MULTIPOLYGON(((52.349129 4.929293,52.349473 4.929865,52.348987 4.930618,52.348653 4.930049,52.349129 4.929293)),((52.350035 4.928994,52.349646 4.929596,52.349312 4.929002,52.349691 4.928399,52.350035 4.928994)))";4.9295135;52.349337;
1292;"Schoolwerktuin";"Broekhuijsen-Leewis Schooltuin";"J.H. van Heekpad 5";"https://www.amsterdam.nl/onderwijs-jeugd/basisonderwijs/natuur-milieu/broekhuijsen/";"POLYGON((4.950484 52.401248,4.949848 52.400627,4.950312 52.400432,4.950108 52.400234,4.950376 52.4001,4.951175 52.400954,4.950484 52.401248))";"POLYGON((52.401248 4.950484,52.400627 4.949848,52.400432 4.950312,52.400234 4.950108,52.4001 4.950376,52.400954 4.951175,52.401248 4.950484))";4.9505165;52.400667;
1293;"Schoolwerktuin";"Roos Schooltuin";"Overbrakerpad 2-4";"https://www.amsterdam.nl/onderwijs-jeugd/basisonderwijs/natuur-milieu/roosschooltuin/";"POLYGON((4.864677 52.387714,4.864682 52.386677,4.8644 52.38662,4.863964 52.386609,4.863601 52.387354,4.863517 52.387716,4.864677 52.387714))";"POLYGON((52.387714 4.864677,52.386677 4.864682,52.38662 4.8644,52.386609 4.863964,52.387354 4.863601,52.387716 4.863517,52.387714 4.864677))";4.8641045;52.3871555;

