OBJECTNUMMER;Lijnnummer;Type_stadsstraat;Type_hoofdstraat;WKT_LNG_LAT;WKT_LAT_LNG;LNG;LAT;
1;"1";"Stadsstraat";"Hoofdstraat";"LINESTRING(4.79098 52.356388,4.803471 52.358883)";"LINESTRING(52.356388 4.79098,52.358883 4.803471)";4.7972305;52.3576285;
2;"2";"Potentiele stadsstraat";"Hoofdstraat";"LINESTRING(4.803471 52.358883,4.803849 52.358197,4.804017 52.357994,4.804287 52.357828,4.804518 52.357762,4.804879 52.35776,4.80821 52.358412)";"LINESTRING(52.358883 4.803471,52.358197 4.803849,52.357994 4.804017,52.357828 4.804287,52.357762 4.804518,52.35776 4.804879,52.358412 4.80821)";4.8058455;52.3583145;
3;"3";"Stadsstraat";"Hoofdstraat";"LINESTRING(4.793984 52.350854,4.801804 52.352422)";"LINESTRING(52.350854 4.793984,52.352422 4.801804)";4.797899;52.351631;
4;"4";"Potentiele stadsstraat";"Hoofdstraat";"LINESTRING(4.827695 52.342603,4.827739 52.343231,4.827755 52.343725,4.827749 52.344163,4.827572 52.345098,4.827505 52.346896,4.827395 52.352201,4.827399 52.352537)";"LINESTRING(52.342603 4.827695,52.343231 4.827739,52.343725 4.827755,52.344163 4.827749,52.345098 4.827572,52.346896 4.827505,52.352201 4.827395,52.352537 4.827399)";4.82758;52.347563;
5;"5";"Stadsstraat";"Hoofdstraat";"LINESTRING(4.827399 52.352537,4.827306 52.356251,4.827224 52.358256)";"LINESTRING(52.352537 4.827399,52.356251 4.827306,52.358256 4.827224)";4.8273165;52.3553895;
6;"6";"Potentiele stadsstraat";"Hoofdstraat";"LINESTRING(4.827224 52.358256,4.827109 52.363999,4.836487 52.364104,4.840442 52.364131,4.844165 52.364166)";"LINESTRING(52.358256 4.827224,52.363999 4.827109,52.364104 4.836487,52.364131 4.840442,52.364166 4.844165)";4.835642;52.361204;
7;"7";"Potentiele stadsstraat";"Hoofdstraat";"LINESTRING(4.836487 52.364104,4.83641 52.365853,4.836385 52.366692,4.836476 52.367479,4.836698 52.368213,4.837227 52.369709,4.838447 52.37271)";"LINESTRING(52.364104 4.836487,52.365853 4.83641,52.366692 4.836385,52.367479 4.836476,52.368213 4.836698,52.369709 4.837227,52.37271 4.838447)";4.837421;52.3684;
8;"8";"Potentiele stadsstraat";"Hoofdstraat";"LINESTRING(4.830937 52.370625,4.837227 52.369709,4.838962 52.369513,4.840421 52.369414,4.845098 52.369418,4.846598 52.369469,4.848471 52.36976)";"LINESTRING(52.370625 4.830937,52.369709 4.837227,52.369513 4.838962,52.369414 4.840421,52.369418 4.845098,52.369469 4.846598,52.36976 4.848471)";4.839709;52.3700125;
9;"9";"Potentiele stadsstraat";"Hoofdstraat";"LINESTRING(4.846908 52.372457,4.845841 52.372267,4.843447 52.372203,4.842103 52.372222,4.839734 52.372433,4.838447 52.37271,4.832559 52.373636,4.82715 52.374468,4.823129 52.375076)";"LINESTRING(52.372457 4.846908,52.372267 4.845841,52.372203 4.843447,52.372222 4.842103,52.372433 4.839734,52.37271 4.838447,52.373636 4.832559,52.374468 4.82715,52.375076 4.823129)";4.8350235;52.3736325;
10;"10";"Stadsstraat";"Hoofdstraat";"LINESTRING(4.819021 52.375702,4.820113 52.378349,4.821402 52.381402,4.832222 52.379749,4.83782 52.378865,4.844097 52.377887,4.84511 52.377776,4.845688 52.377823,4.846047 52.377887,4.851793 52.379061,4.855548 52.381348,4.855662 52.381508,4.855636 52.382461)";"LINESTRING(52.375702 4.819021,52.378349 4.820113,52.381402 4.821402,52.379749 4.832222,52.378865 4.83782,52.377887 4.844097,52.377776 4.84511,52.377823 4.845688,52.377887 4.846047,52.379061 4.851793,52.381348 4.855548,52.381508 4.855662,52.382461 4.855636)";4.8373465;52.3790745;
11;"11";"Stadsstraat";"Hoofdstraat";"LINESTRING(4.846047 52.377887,4.847171 52.375718)";"LINESTRING(52.377887 4.846047,52.375718 4.847171)";4.846614;52.3767955;
12;"12";"Potentiele stadsstraat";"Hoofdstraat";"LINESTRING(4.844922 52.38494,4.847448 52.384969,4.851606 52.384997)";"LINESTRING(52.38494 4.844922,52.384969 4.847448,52.384997 4.851606)";4.848269;52.3849615;
13;"13";"Potentiele stadsstraat";"Hoofdstraat";"LINESTRING(4.847448 52.384969,4.847452 52.38459,4.847527 52.384334,4.847703 52.384157,4.851288 52.382593,4.854546 52.380743,4.855795 52.379972,4.85648 52.379382,4.856743 52.37911,4.857213 52.378529,4.857479 52.377982,4.857793 52.377144,4.858516 52.374709,4.85931 52.372274,4.859563 52.371568)";"LINESTRING(52.384969 4.847448,52.38459 4.847452,52.384334 4.847527,52.384157 4.847703,52.382593 4.851288,52.380743 4.854546,52.379972 4.855795,52.379382 4.85648,52.37911 4.856743,52.378529 4.857213,52.377982 4.857479,52.377144 4.857793,52.374709 4.858516,52.372274 4.85931,52.371568 4.859563)";4.8535105;52.3782615;
14;"14";"Stadsstraat";"Hoofdstraat";"LINESTRING(4.848471 52.36976,4.853685 52.370632,4.856623 52.37114,4.859563 52.371568,4.863512 52.370808,4.863933 52.370581,4.865194 52.3701,4.865614 52.370014,4.866148 52.369998,4.870482 52.37098,4.876355 52.372366,4.883063 52.374039,4.885084 52.374011,4.885518 52.373952,4.885807 52.373838,4.886113 52.373653,4.886504 52.373496,4.886895 52.373436,4.887516 52.373368,4.890043 52.373202,4.890534 52.373151)";"LINESTRING(52.36976 4.848471,52.370632 4.853685,52.37114 4.856623,52.371568 4.859563,52.370808 4.863512,52.370581 4.863933,52.3701 4.865194,52.370014 4.865614,52.369998 4.866148,52.37098 4.870482,52.372366 4.876355,52.374039 4.883063,52.374011 4.885084,52.373952 4.885518,52.373838 4.885807,52.373653 4.886113,52.373496 4.886504,52.373436 4.886895,52.373368 4.887516,52.373202 4.890043,52.373151 4.890534)";4.8695075;52.3718925;
15;"15";"Stadsstraat";"Hoofdstraat";"LINESTRING(4.875035 52.374145,4.872734 52.374692,4.870939 52.375099)";"LINESTRING(52.374145 4.875035,52.374692 4.872734,52.375099 4.870939)";4.872992;52.374615;
16;"16";"Potentiele stadsstraat";"Hoofdstraat";"LINESTRING(4.870939 52.375099,4.869027 52.375612,4.868232 52.37575,4.867682 52.375783,4.866789 52.375717,4.864092 52.37537)";"LINESTRING(52.375099 4.870939,52.375612 4.869027,52.37575 4.868232,52.375783 4.867682,52.375717 4.866789,52.37537 4.864092)";4.8675205;52.375434;
17;"17";"Stadsstraat";"Hoofdstraat";"LINESTRING(4.864092 52.37537,4.858516 52.374709,4.855688 52.374387)";"LINESTRING(52.37537 4.864092,52.374709 4.858516,52.374387 4.855688)";4.859895;52.3748715;
18;"18";"Potentiele stadsstraat";"Hoofdstraat";"LINESTRING(4.855636 52.382461,4.855519 52.385076)";"LINESTRING(52.382461 4.855636,52.385076 4.855519)";4.8555825;52.3837615;
19;"19";"Potentiele stadsstraat";"Hoofdstraat";"LINESTRING(4.832222 52.379749,4.832909 52.381448)";"LINESTRING(52.379749 4.832222,52.381448 4.832909)";4.8325705;52.3805915;
20;"20";"Stadsstraat";"Hoofdstraat";"LINESTRING(4.836487 52.364104,4.836519 52.36277)";"LINESTRING(52.364104 4.836487,52.36277 4.836519)";4.836508;52.36343;
21;"21";"Potentiele stadsstraat";"Hoofdstraat";"LINESTRING(4.836519 52.36277,4.836587 52.35927)";"LINESTRING(52.36277 4.836519,52.35927 4.836587)";4.836558;52.361013;
22;"22";"Potentiele stadsstraat";"Hoofdstraat";"LINESTRING(4.833975 52.3579,4.834963 52.357922,4.840647 52.357957,4.848908 52.358034,4.852162 52.358071,4.853264 52.358227,4.853899 52.358158,4.855374 52.357719)";"LINESTRING(52.3579 4.833975,52.357922 4.834963,52.357957 4.840647,52.358034 4.848908,52.358071 4.852162,52.358227 4.853264,52.358158 4.853899,52.357719 4.855374)";4.8446795;52.357966;
23;"23";"Stadsstraat";"Hoofdstraat";"LINESTRING(4.827306 52.356251,4.830337 52.356252)";"LINESTRING(52.356251 4.827306,52.356252 4.830337)";4.8288265;52.3562445;
24;"24";"Potentiele stadsstraat";"Hoofdstraat";"LINESTRING(4.827413 52.351419,4.834265 52.351491,4.840886 52.351592,4.843828 52.351606)";"LINESTRING(52.351419 4.827413,52.351491 4.834265,52.351592 4.840886,52.351606 4.843828)";4.8356255;52.3515055;
25;"25";"Potentiele stadsstraat";"Hoofdstraat";"LINESTRING(4.827505 52.346896,4.834408 52.34695,4.839586 52.346983,4.842098 52.346827,4.846483 52.346856,4.848949 52.349359)";"LINESTRING(52.346896 4.827505,52.34695 4.834408,52.346983 4.839586,52.346827 4.842098,52.346856 4.846483,52.349359 4.848949)";4.838232;52.348086;
26;"26";"Potentiele stadsstraat";"Hoofdstraat";"LINESTRING(4.839586 52.346983,4.839466 52.348556,4.839447 52.350084,4.840803 52.35009,4.840886 52.351592,4.840654 52.356372,4.840647 52.357957)";"LINESTRING(52.346983 4.839586,52.348556 4.839466,52.350084 4.839447,52.35009 4.840803,52.351592 4.840886,52.356372 4.840654,52.357957 4.840647)";4.8401715;52.352463;
27;"27";"Stadsstraat";"Hoofdstraat";"LINESTRING(4.84758 52.351623,4.849426 52.351631,4.850393 52.351627,4.850418 52.351044)";"LINESTRING(52.351623 4.84758,52.351631 4.849426,52.351627 4.850393,52.351044 4.850418)";4.849004;52.3513305;
28;"28";"Stadsstraat";"Hoofdstraat";"LINESTRING(4.848949 52.349359,4.849301 52.349701,4.849415 52.349891,4.849455 52.350059,4.849458 52.351031,4.849426 52.351631)";"LINESTRING(52.349359 4.848949,52.349701 4.849301,52.349891 4.849415,52.350059 4.849455,52.351031 4.849458,52.351631 4.849426)";4.8492085;52.350488;
29;"29";"Stadsstraat";"Hoofdstraat";"LINESTRING(4.849458 52.351031,4.850418 52.351044,4.851925 52.351033,4.8535 52.350798,4.854113 52.350814,4.856644 52.351536,4.85894 52.352125,4.859932 52.352346)";"LINESTRING(52.351031 4.849458,52.351044 4.850418,52.351033 4.851925,52.350798 4.8535,52.350814 4.854113,52.351536 4.856644,52.352125 4.85894,52.352346 4.859932)";4.8547;52.351565;
30;"30";"Stadsstraat";"Hoofdstraat";"LINESTRING(4.857155 52.343225,4.856595 52.344791,4.856665 52.344954,4.856874 52.34507,4.857182 52.345151,4.857686 52.345229,4.859048 52.345389)";"LINESTRING(52.343225 4.857155,52.344791 4.856595,52.344954 4.856665,52.34507 4.856874,52.345151 4.857182,52.345229 4.857686,52.345389 4.859048)";4.8578265;52.3443;
31;"31";"Potentiele stadsstraat";"Hoofdstraat";"LINESTRING(4.859048 52.345389,4.864579 52.346125)";"LINESTRING(52.345389 4.859048,52.346125 4.864579)";4.8618185;52.34575;
32;"32";"Stadsstraat";"Hoofdstraat";"LINESTRING(4.864579 52.346125,4.865622 52.346266,4.867129 52.34645,4.868396 52.346614)";"LINESTRING(52.346125 4.864579,52.346266 4.865622,52.34645 4.867129,52.346614 4.868396)";4.8664925;52.3463625;
33;"33";"Potentiele stadsstraat";"Hoofdstraat";"LINESTRING(4.867129 52.34645,4.867972 52.343957,4.868114 52.343494,4.868377 52.341476,4.868663 52.338628,4.868728 52.337887,4.868779 52.336721)";"LINESTRING(52.34645 4.867129,52.343957 4.867972,52.343494 4.868114,52.341476 4.868377,52.338628 4.868663,52.337887 4.868728,52.336721 4.868779)";4.867959;52.3415785;
34;"34";"Potentiele stadsstraat";"Hoofdstraat";"LINESTRING(4.868779 52.336721,4.873638 52.336764,4.877301 52.336771)";"LINESTRING(52.336721 4.868779,52.336764 4.873638,52.336771 4.877301)";4.873045;52.336739;
35;"35";"Potentiele stadsstraat";"Hoofdstraat";"LINESTRING(4.878662 52.335054,4.877807 52.336062,4.877301 52.336771,4.876773 52.337551,4.876673 52.338094,4.876648 52.338438,4.876742 52.339123,4.876824 52.339476,4.87699 52.340634,4.87689 52.34181,4.876638 52.344277)";"LINESTRING(52.335054 4.878662,52.336062 4.877807,52.336771 4.877301,52.337551 4.876773,52.338094 4.876673,52.338438 4.876648,52.339123 4.876742,52.339476 4.876824,52.340634 4.87699,52.34181 4.87689,52.344277 4.876638)";4.877655;52.3396585;
36;"36";"Stadsstraat";"Hoofdstraat";"LINESTRING(4.876638 52.344277,4.876581 52.344891,4.876633 52.345377,4.876897 52.346929,4.87727 52.348985,4.877339 52.349184,4.878654 52.350378,4.879189 52.351441,4.882512 52.352872)";"LINESTRING(52.344277 4.876638,52.344891 4.876581,52.345377 4.876633,52.346929 4.876897,52.348985 4.87727,52.349184 4.877339,52.350378 4.878654,52.351441 4.879189,52.352872 4.882512)";4.8795515;52.3485675;
37;"37";"Stadsstraat";"Hoofdstraat";"LINESTRING(4.89457 52.353281,4.891113 52.352781,4.886899 52.352228,4.885946 52.352238,4.884294 52.352367,4.883433 52.352523,4.882512 52.352872,4.882112 52.35318,4.881255 52.354311,4.880016 52.356073,4.87857 52.358183,4.877605 52.359451,4.877099 52.360195,4.876393 52.3612,4.875879 52.361909,4.875293 52.362768,4.873347 52.365564,4.872152 52.367255,4.870573 52.369576,4.8704 52.370136,4.870391 52.37045,4.870482 52.37098)";"LINESTRING(52.353281 4.89457,52.352781 4.891113,52.352228 4.886899,52.352238 4.885946,52.352367 4.884294,52.352523 4.883433,52.352872 4.882512,52.35318 4.882112,52.354311 4.881255,52.356073 4.880016,52.358183 4.87857,52.359451 4.877605,52.360195 4.877099,52.3612 4.876393,52.361909 4.875879,52.362768 4.875293,52.365564 4.873347,52.367255 4.872152,52.369576 4.870573,52.370136 4.8704,52.37045 4.870391,52.37098 4.870482)";4.8824855;52.361597;
38;"38";"Stadsstraat";"Hoofdstraat";"LINESTRING(4.852214 52.364274,4.853152 52.364256,4.855273 52.364265,4.855684 52.364302,4.856791 52.364674,4.859487 52.36484,4.859597 52.364748,4.859808 52.36467,4.8608 52.364361,4.8627 52.364833,4.86552 52.365486,4.867505 52.365972,4.870383 52.366722,4.872152 52.367255,4.87354 52.367651,4.876806 52.368526,4.878341 52.368877,4.882409 52.37021)";"LINESTRING(52.364274 4.852214,52.364256 4.853152,52.364265 4.855273,52.364302 4.855684,52.364674 4.856791,52.36484 4.859487,52.364748 4.859597,52.36467 4.859808,52.364361 4.8608,52.364833 4.8627,52.365486 4.86552,52.365972 4.867505,52.366722 4.870383,52.367255 4.872152,52.367651 4.87354,52.368526 4.876806,52.368877 4.878341,52.37021 4.882409)";4.8673165;52.367226;
39;"39";"Stadsstraat";"Hoofdstraat";"LINESTRING(4.8627 52.364833,4.863774 52.363053,4.864523 52.361876,4.865603 52.360283)";"LINESTRING(52.364833 4.8627,52.363053 4.863774,52.361876 4.864523,52.360283 4.865603)";4.8641565;52.362551;
40;"40";"Stadsstraat";"Hoofdstraat";"LINESTRING(4.85746 52.349706,4.856869 52.350869,4.856644 52.351536,4.856246 52.352245,4.855482 52.354645,4.855407 52.35491,4.854739 52.356391,4.854536 52.356593,4.854547 52.356858,4.854774 52.357195,4.855374 52.357719,4.860091 52.358986,4.864667 52.360076,4.865603 52.360283,4.867877 52.360822,4.875293 52.362768,4.878781 52.363776)";"LINESTRING(52.349706 4.85746,52.350869 4.856869,52.351536 4.856644,52.352245 4.856246,52.354645 4.855482,52.35491 4.855407,52.356391 4.854739,52.356593 4.854536,52.356858 4.854547,52.357195 4.854774,52.357719 4.855374,52.358986 4.860091,52.360076 4.864667,52.360283 4.865603,52.360822 4.867877,52.362768 4.875293,52.363776 4.878781)";4.8666635;52.356734;
41;"41";"Potentiele stadsstraat";"Hoofdstraat";"LINESTRING(4.857686 52.345229,4.857602 52.346288,4.857603 52.347251,4.85746 52.349706,4.857863 52.349699,4.863633 52.347339,4.865402 52.34665,4.865532 52.346561,4.865622 52.346266)";"LINESTRING(52.345229 4.857686,52.346288 4.857602,52.347251 4.857603,52.349706 4.85746,52.349699 4.857863,52.347339 4.863633,52.34665 4.865402,52.346561 4.865532,52.346266 4.865622)";4.861546;52.3474605;
42;"42";"Potentiele stadsstraat";"Hoofdstraat";"LINESTRING(4.868396 52.346614,4.876897 52.346929)";"LINESTRING(52.346614 4.868396,52.346929 4.876897)";4.8726515;52.3467645;
43;"43";"Potentiele stadsstraat";"Hoofdstraat";"LINESTRING(4.859932 52.352346,4.860614 52.352569,4.86083 52.352628,4.861593 52.352795,4.862355 52.353015,4.862786 52.353162,4.86293 52.353184,4.863182 52.353173,4.863391 52.353174,4.863664 52.353245,4.863873 52.353375,4.864037 52.353512,4.864238 52.353552,4.864548 52.353599,4.864857 52.353661,4.865511 52.353846,4.86626 52.354075,4.866944 52.35421,4.867519 52.354393,4.867784 52.354505,4.867912 52.354682,4.867924 52.354899,4.867957 52.355164,4.868043 52.355257,4.86828 52.355343,4.87071 52.356011,4.874644 52.357119)";"LINESTRING(52.352346 4.859932,52.352569 4.860614,52.352628 4.86083,52.352795 4.861593,52.353015 4.862355,52.353162 4.862786,52.353184 4.86293,52.353173 4.863182,52.353174 4.863391,52.353245 4.863664,52.353375 4.863873,52.353512 4.864037,52.353552 4.864238,52.353599 4.864548,52.353661 4.864857,52.353846 4.865511,52.354075 4.86626,52.35421 4.866944,52.354393 4.867519,52.354505 4.867784,52.354682 4.867912,52.354899 4.867924,52.355164 4.867957,52.355257 4.868043,52.355343 4.86828,52.356011 4.87071,52.357119 4.874644)";4.867293;52.3547255;
44;"44";"Stadsstraat";"Hoofdstraat";"LINESTRING(4.874644 52.357119,4.87857 52.358183,4.883361 52.359462,4.883612 52.359565,4.88367 52.359654,4.883588 52.359848,4.88284 52.360847,4.882364 52.361517,4.88229 52.361667,4.882282 52.36172)";"LINESTRING(52.357119 4.874644,52.358183 4.87857,52.359462 4.883361,52.359565 4.883612,52.359654 4.88367,52.359848 4.883588,52.360847 4.88284,52.361517 4.882364,52.361667 4.88229,52.36172 4.882282)";4.879162;52.3594125;
45;"45";"Stadsstraat";"Hoofdstraat";"LINESTRING(4.882282 52.36172,4.881893 52.361784,4.881516 52.361884,4.881153 52.362019,4.880819 52.362213,4.880556 52.362512,4.880329 52.362798,4.880264 52.36286,4.879848 52.36315,4.879332 52.363487,4.879013 52.363685,4.878781 52.363776)";"LINESTRING(52.36172 4.882282,52.361784 4.881893,52.361884 4.881516,52.362019 4.881153,52.362213 4.880819,52.362512 4.880556,52.362798 4.880329,52.36286 4.880264,52.36315 4.879848,52.363487 4.879332,52.363685 4.879013,52.363776 4.878781)";4.8805365;52.362741;
46;"46";"Stadsstraat";"Hoofdstraat";"LINESTRING(4.880264 52.36286,4.882136 52.363707,4.882546 52.363877,4.883019 52.36352,4.88323 52.363305,4.883583 52.362768,4.883671 52.362613)";"LINESTRING(52.36286 4.880264,52.363707 4.882136,52.363877 4.882546,52.36352 4.883019,52.363305 4.88323,52.362768 4.883583,52.362613 4.883671)";4.8819725;52.363238;
47;"47";"Stadsstraat";"Hoofdstraat";"LINESTRING(4.882136 52.363707,4.881782 52.363909,4.88141 52.364198,4.881003 52.36448,4.880675 52.36469,4.880435 52.364892,4.880266 52.365152)";"LINESTRING(52.363707 4.882136,52.363909 4.881782,52.364198 4.88141,52.36448 4.881003,52.36469 4.880675,52.364892 4.880435,52.365152 4.880266)";4.881206;52.3644225;
48;"48";"Potentiele stadsstraat";"Potentiele hoofdstraat";"LINESTRING(4.882546 52.363877,4.882853 52.364231,4.883498 52.364592,4.886492 52.365973,4.888206 52.366789,4.889587 52.367232,4.889917 52.367384,4.890605 52.367245,4.891537 52.367126,4.891963 52.367092,4.892815 52.367086,4.893297 52.367111,4.893691 52.366882,4.895862 52.366251,4.897406 52.366258)";"LINESTRING(52.363877 4.882546,52.364231 4.882853,52.364592 4.883498,52.365973 4.886492,52.366789 4.888206,52.367232 4.889587,52.367384 4.889917,52.367245 4.890605,52.367126 4.891537,52.367092 4.891963,52.367086 4.892815,52.367111 4.893297,52.366882 4.893691,52.366251 4.895862,52.366258 4.897406)";4.889981;52.3656235;
49;"49";"Stadsstraat";"Hoofdstraat";"LINESTRING(4.893297 52.367111,4.893506 52.367275,4.893555 52.367417,4.893133 52.367782,4.892455 52.368309,4.892 52.369045,4.892032 52.369341,4.892398 52.370261,4.892621 52.37089,4.892786 52.371641,4.892865 52.372295,4.892955 52.372701,4.893138 52.373131,4.893388 52.373388,4.894025 52.373802,4.894819 52.374476,4.896514 52.375786,4.89766 52.376631,4.898327 52.377076)";"LINESTRING(52.367111 4.893297,52.367275 4.893506,52.367417 4.893555,52.367782 4.893133,52.368309 4.892455,52.369045 4.892,52.369341 4.892032,52.370261 4.892398,52.37089 4.892621,52.371641 4.892786,52.372295 4.892865,52.372701 4.892955,52.373131 4.893138,52.373388 4.893388,52.373802 4.894025,52.374476 4.894819,52.375786 4.896514,52.376631 4.89766,52.377076 4.898327)";4.8951685;52.3720865;
50;"50";"Stadsstraat";"Hoofdstraat";"LINESTRING(4.896808 52.378001,4.895915 52.37779,4.895521 52.377576,4.895028 52.377088,4.894117 52.376585,4.892891 52.375771,4.892083 52.375203,4.891654 52.374817,4.891026 52.374112,4.890722 52.373576,4.890534 52.373151,4.890584 52.371738,4.890516 52.371406,4.890297 52.370857,4.88951 52.369706,4.889354 52.36944,4.889238 52.368808,4.889175 52.368631,4.889025 52.368529,4.888861 52.368395,4.888811 52.368272,4.888877 52.368153,4.889089 52.367981,4.889917 52.367384)";"LINESTRING(52.378001 4.896808,52.37779 4.895915,52.377576 4.895521,52.377088 4.895028,52.376585 4.894117,52.375771 4.892891,52.375203 4.892083,52.374817 4.891654,52.374112 4.891026,52.373576 4.890722,52.373151 4.890534,52.371738 4.890584,52.371406 4.890516,52.370857 4.890297,52.369706 4.88951,52.36944 4.889354,52.368808 4.889238,52.368631 4.889175,52.368529 4.889025,52.368395 4.888861,52.368272 4.888811,52.368153 4.888877,52.367981 4.889089,52.367384 4.889917)";4.8928145;52.3726855;
51;"51";"Stadsstraat";"Hoofdstraat";"LINESTRING(4.89055 52.372691,4.890942 52.372702,4.891388 52.372731,4.891974 52.372733,4.892745 52.372723,4.892955 52.372701,4.89396 52.372481,4.894822 52.372192,4.895866 52.371862,4.89693 52.37149,4.900615 52.370499,4.900685 52.369999,4.900758 52.369845,4.900883 52.3697,4.901006 52.369617,4.90395 52.36845)";"LINESTRING(52.372691 4.89055,52.372702 4.890942,52.372731 4.891388,52.372733 4.891974,52.372723 4.892745,52.372701 4.892955,52.372481 4.89396,52.372192 4.894822,52.371862 4.895866,52.37149 4.89693,52.370499 4.900615,52.369999 4.900685,52.369845 4.900758,52.3697 4.900883,52.369617 4.901006,52.36845 4.90395)";4.897255;52.3705845;
52;"52";"Stadsstraat";"Hoofdstraat";"LINESTRING(4.897406 52.366258,4.897844 52.365143,4.897869 52.364925,4.898947 52.362094,4.899398 52.360991,4.89954 52.360577,4.899455 52.360413,4.898813 52.359708,4.898772 52.359566,4.898848 52.359192,4.899274 52.357842,4.899756 52.356708,4.900195 52.356109,4.902373 52.353464,4.902616 52.353124,4.904182 52.349084,4.906507 52.342817,4.907242 52.340907,4.907414 52.340399)";"LINESTRING(52.366258 4.897406,52.365143 4.897844,52.364925 4.897869,52.362094 4.898947,52.360991 4.899398,52.360577 4.89954,52.360413 4.899455,52.359708 4.898813,52.359566 4.898772,52.359192 4.898848,52.357842 4.899274,52.356708 4.899756,52.356109 4.900195,52.353464 4.902373,52.353124 4.902616,52.349084 4.904182,52.342817 4.906507,52.340907 4.907242,52.340399 4.907414)";4.902415;52.3533215;
53;"53";"Potentiele stadsstraat";"Hoofdstraat";"LINESTRING(4.907414 52.340399,4.907819 52.340207,4.908446 52.339622,4.910694 52.337736,4.911507 52.33667,4.911755 52.336366,4.912255 52.336125,4.912964 52.335956,4.914886 52.336219,4.919856 52.337454)";"LINESTRING(52.340399 4.907414,52.340207 4.907819,52.339622 4.908446,52.337736 4.910694,52.33667 4.911507,52.336366 4.911755,52.336125 4.912255,52.335956 4.912964,52.336219 4.914886,52.337454 4.919856)";4.91364;52.3381705;
54;"54";"Potentiele stadsstraat";"Hoofdstraat";"LINESTRING(4.912964 52.335956,4.913466 52.332707,4.913515 52.332313,4.913655 52.331961,4.91421 52.331322,4.915203 52.330147)";"LINESTRING(52.335956 4.912964,52.332707 4.913466,52.332313 4.913515,52.331961 4.913655,52.331322 4.91421,52.330147 4.915203)";4.9140885;52.3330445;
55;"55";"Potentiele stadsstraat";"Hoofdstraat";"LINESTRING(4.939447 52.338391,4.938314 52.339147,4.936034 52.340772,4.927492 52.346562,4.925095 52.34816,4.924429 52.348494,4.923791 52.348667,4.922954 52.348735,4.922017 52.348634,4.919366 52.348306,4.918875 52.348366,4.918353 52.348629,4.916493 52.350035,4.914213 52.351351)";"LINESTRING(52.338391 4.939447,52.339147 4.938314,52.340772 4.936034,52.346562 4.927492,52.34816 4.925095,52.348494 4.924429,52.348667 4.923791,52.348735 4.922954,52.348634 4.922017,52.348306 4.919366,52.348366 4.918875,52.348629 4.918353,52.350035 4.916493,52.351351 4.914213)";4.926835;52.344864;
56;"56";"Stadsstraat";"Hoofdstraat";"LINESTRING(4.914213 52.351351,4.913691 52.351702,4.913001 52.35284,4.90865 52.36019)";"LINESTRING(52.351351 4.914213,52.351702 4.913691,52.35284 4.913001,52.36019 4.90865)";4.9114365;52.3557635;
57;"57";"Stadsstraat";"Hoofdstraat";"LINESTRING(4.907444 52.355573,4.910912 52.356374,4.917431 52.358034,4.918925 52.356008)";"LINESTRING(52.355573 4.907444,52.356374 4.910912,52.358034 4.917431,52.356008 4.918925)";4.9131895;52.3567965;
58;"58";"Potentiele stadsstraat";"Hoofdstraat";"LINESTRING(4.918925 52.356008,4.919452 52.355347,4.91989 52.354827,4.920183 52.354378,4.920403 52.354096,4.92036 52.353946,4.92019 52.353645,4.920179 52.353495,4.921357 52.35251)";"LINESTRING(52.356008 4.918925,52.355347 4.919452,52.354827 4.91989,52.354378 4.920183,52.354096 4.920403,52.353946 4.92036,52.353645 4.92019,52.353495 4.920179,52.35251 4.921357)";4.920146;52.354252;
59;"59";"Potentiele stadsstraat";"Hoofdstraat";"LINESTRING(4.904779 52.360484,4.911331 52.361871,4.914614 52.36252)";"LINESTRING(52.360484 4.904779,52.361871 4.911331,52.36252 4.914614)";4.9097015;52.361495;
60;"60";"Potentiele stadsstraat";"Hoofdstraat";"LINESTRING(4.89457 52.353281,4.899191 52.354179)";"LINESTRING(52.353281 4.89457,52.354179 4.899191)";4.8968855;52.353723;
61;"61";"Stadsstraat";"Hoofdstraat";"LINESTRING(4.899191 52.354179,4.901247 52.354828,4.903477 52.355504,4.905043 52.356006)";"LINESTRING(52.354179 4.899191,52.354828 4.901247,52.355504 4.903477,52.356006 4.905043)";4.902122;52.3550855;
62;"62";"Potentiele stadsstraat";"Hoofdstraat";"LINESTRING(4.898772 52.359566,4.897663 52.359368,4.89697 52.359365,4.896292 52.359345,4.892941 52.359525)";"LINESTRING(52.359566 4.898772,52.359368 4.897663,52.359365 4.89697,52.359345 4.896292,52.359525 4.892941)";4.8958615;52.3594485;
63;"63";"Potentiele stadsstraat";"Hoofdstraat";"LINESTRING(4.883109 52.332104,4.889656 52.332088)";"LINESTRING(52.332104 4.883109,52.332088 4.889656)";4.8863875;52.332089;
64;"64";"Stadsstraat";"Hoofdstraat";"LINESTRING(4.89191 52.338141,4.891987 52.33898,4.892222 52.339935,4.892503 52.341915,4.892471 52.342144,4.890983 52.34379,4.890746 52.344178,4.890728 52.34454,4.890982 52.34637,4.891251 52.348156)";"LINESTRING(52.338141 4.89191,52.33898 4.891987,52.339935 4.892222,52.341915 4.892503,52.342144 4.892471,52.34379 4.890983,52.344178 4.890746,52.34454 4.890728,52.34637 4.890982,52.348156 4.891251)";4.8916205;52.3431415;
65;"65";"Potentiele stadsstraat";"Hoofdstraat";"LINESTRING(4.891251 52.348156,4.891451 52.34957,4.891569 52.350649)";"LINESTRING(52.348156 4.891251,52.34957 4.891451,52.350649 4.891569)";4.891415;52.3493955;
66;"66";"Stadsstraat";"Hoofdstraat";"LINESTRING(4.891569 52.350649,4.891373 52.35139,4.891365 52.352132,4.891113 52.352781,4.890651 52.354055,4.890341 52.354752,4.890337 52.355034,4.890446 52.355539,4.890823 52.358102,4.890935 52.359649,4.890929 52.360127,4.891041 52.360497,4.891502 52.361798,4.891842 52.362418,4.892373 52.363896,4.892876 52.365426,4.893143 52.366107,4.893222 52.366735,4.893297 52.367111)";"LINESTRING(52.350649 4.891569,52.35139 4.891373,52.352132 4.891365,52.352781 4.891113,52.354055 4.890651,52.354752 4.890341,52.355034 4.890337,52.355539 4.890446,52.358102 4.890823,52.359649 4.890935,52.360127 4.890929,52.360497 4.891041,52.361798 4.891502,52.362418 4.891842,52.363896 4.892373,52.365426 4.892876,52.366107 4.893143,52.366735 4.893222,52.367111 4.893297)";4.891822;52.358873;
67;"67";"Stadsstraat";"Hoofdstraat";"LINESTRING(4.892941 52.359525,4.890935 52.359649,4.890343 52.359655,4.889909 52.359733,4.889402 52.359881,4.888053 52.360538)";"LINESTRING(52.359525 4.892941,52.359649 4.890935,52.359655 4.890343,52.359733 4.889909,52.359881 4.889402,52.360538 4.888053)";4.890502;52.3600245;
68;"68";"Potentiele stadsstraat";"Hoofdstraat";"LINESTRING(4.888053 52.360538,4.886646 52.36115,4.883991 52.362421,4.883671 52.362613)";"LINESTRING(52.360538 4.888053,52.36115 4.886646,52.362421 4.883991,52.362613 4.883671)";4.885867;52.3615685;
69;"69";"Stadsstraat";"Hoofdstraat";"LINESTRING(4.903398 52.368018,4.902753 52.367685,4.901894 52.366983,4.901558 52.366664,4.901199 52.366442,4.900286 52.366221,4.899789 52.366175,4.897406 52.366258)";"LINESTRING(52.368018 4.903398,52.367685 4.902753,52.366983 4.901894,52.366664 4.901558,52.366442 4.901199,52.366221 4.900286,52.366175 4.899789,52.366258 4.897406)";4.900407;52.3670895;
70;"70";"Potentiele stadsstraat";"Hoofdstraat";"LINESTRING(4.90865 52.36019,4.907947 52.361159,4.906667 52.363495,4.904492 52.367002,4.904037 52.367663,4.903398 52.368018,4.90395 52.36845)";"LINESTRING(52.36019 4.90865,52.361159 4.907947,52.363495 4.906667,52.367002 4.904492,52.367663 4.904037,52.368018 4.903398,52.36845 4.90395)";4.906029;52.364313;
71;"71";"Potentiele stadsstraat";"Hoofdstraat";"LINESTRING(4.90395 52.36845,4.904998 52.368855,4.908514 52.370172,4.909224 52.370484,4.911059 52.371742,4.912138 52.371349,4.913225 52.370885,4.913544 52.370776,4.913789 52.370742,4.914028 52.370743,4.914266 52.370779,4.915308 52.371207,4.916616 52.371703,4.917472 52.372011,4.920956 52.374256,4.921607 52.376202)";"LINESTRING(52.36845 4.90395,52.368855 4.904998,52.370172 4.908514,52.370484 4.909224,52.371742 4.911059,52.371349 4.912138,52.370885 4.913225,52.370776 4.913544,52.370742 4.913789,52.370743 4.914028,52.370779 4.914266,52.371207 4.915308,52.371703 4.916616,52.372011 4.917472,52.374256 4.920956,52.376202 4.921607)";4.9127835;52.372319;
72;"72";"Potentiele stadsstraat";"Hoofdstraat";"LINESTRING(4.915308 52.371207,4.915904 52.370812,4.917368 52.370297,4.925334 52.367611,4.925728 52.367758,4.926409 52.36826,4.927979 52.36919,4.932067 52.37175)";"LINESTRING(52.371207 4.915308,52.370812 4.915904,52.370297 4.917368,52.367611 4.925334,52.367758 4.925728,52.36826 4.926409,52.36919 4.927979,52.37175 4.932067)";4.9236925;52.3696735;
73;"73";"Potentiele stadsstraat";"Hoofdstraat";"LINESTRING(4.940949 52.358381,4.939955 52.361028)";"LINESTRING(52.358381 4.940949,52.361028 4.939955)";4.940457;52.3596975;
74;"74";"Stadsstraat";"Hoofdstraat";"LINESTRING(4.939955 52.361028,4.939688 52.361681,4.93954 52.362148,4.939523 52.363835,4.935583 52.363767,4.934097 52.363726,4.932728 52.363606,4.930839 52.363361,4.928808 52.362982,4.927499 52.362702,4.924043 52.361948)";"LINESTRING(52.361028 4.939955,52.361681 4.939688,52.362148 4.93954,52.363835 4.939523,52.363767 4.935583,52.363726 4.934097,52.363606 4.932728,52.363361 4.930839,52.362982 4.928808,52.362702 4.927499,52.361948 4.924043)";4.932004;52.3624245;
75;"75";"Stadsstraat";"Hoofdstraat";"LINESTRING(4.922785 52.363471,4.923382 52.363014,4.923646 52.362573,4.92529 52.359982,4.926653 52.357876,4.927299 52.356836,4.927902 52.355778,4.928253 52.355329,4.928543 52.355091,4.930447 52.353827)";"LINESTRING(52.363471 4.922785,52.363014 4.923382,52.362573 4.923646,52.359982 4.92529,52.357876 4.926653,52.356836 4.927299,52.355778 4.927902,52.355329 4.928253,52.355091 4.928543,52.353827 4.930447)";4.926621;52.358642;
76;"76";"Stadsstraat";"Hoofdstraat";"LINESTRING(4.879477 52.332136,4.875675 52.332128)";"LINESTRING(52.332136 4.879477,52.332128 4.875675)";4.877581;52.332125;
77;"77";"Potentiele stadsstraat";"Hoofdstraat";"LINESTRING(4.875675 52.332128,4.86886 52.332052)";"LINESTRING(52.332128 4.875675,52.332052 4.86886)";4.8722725;52.332083;
78;"78";"Potentiele stadsstraat";"Hoofdstraat";"LINESTRING(4.948614 52.31408,4.953192 52.315628)";"LINESTRING(52.31408 4.948614,52.315628 4.953192)";4.950908;52.314847;
79;"79";"Stadsstraat";"Hoofdstraat";"LINESTRING(4.953192 52.315628,4.958081 52.317314,4.959682 52.317873)";"LINESTRING(52.315628 4.953192,52.317314 4.958081,52.317873 4.959682)";4.956442;52.3167435;
80;"80";"Potentiele stadsstraat";"Hoofdstraat";"LINESTRING(5.009327 52.352537,5.005843 52.351527,5.004793 52.351123,5.004041 52.350905,5.003639 52.350843,5.003339 52.350918,5.00291 52.351133,5.002569 52.351346,4.987428 52.359385)";"LINESTRING(52.352537 5.009327,52.351527 5.005843,52.351123 5.004793,52.350905 5.004041,52.350843 5.003639,52.350918 5.003339,52.351133 5.00291,52.351346 5.002569,52.359385 4.987428)";4.9983825;52.355107;
81;"81";"Potentiele stadsstraat";"Hoofdstraat";"LINESTRING(4.971989 52.367698,4.969539 52.369074,4.965702 52.371074,4.964313 52.371685,4.962804 52.372018,4.962174 52.372108,4.959834 52.37253,4.959729 52.37293,4.959924 52.373607,4.960067 52.374423,4.959926 52.374753,4.959521 52.374998,4.956845 52.375011)";"LINESTRING(52.367698 4.971989,52.369074 4.969539,52.371074 4.965702,52.371685 4.964313,52.372018 4.962804,52.372108 4.962174,52.37253 4.959834,52.37293 4.959729,52.373607 4.959924,52.374423 4.960067,52.374753 4.959926,52.374998 4.959521,52.375011 4.956845)";4.964422;52.3713475;
82;"82";"Potentiele stadsstraat";"Hoofdstraat";"LINESTRING(4.938301 52.373835,4.934752 52.374421,4.931895 52.37491,4.929692 52.375278,4.929352 52.375316,4.929189 52.375307,4.929052 52.375199)";"LINESTRING(52.373835 4.938301,52.374421 4.934752,52.37491 4.931895,52.375278 4.929692,52.375316 4.929352,52.375307 4.929189,52.375199 4.929052)";4.9336815;52.3745685;
83;"83";"Potentiele stadsstraat";"Hoofdstraat";"LINESTRING(4.93047 52.385101,4.928174 52.385992,4.923884 52.387605,4.923138 52.386918,4.922266 52.386145,4.921614 52.386043,4.919167 52.385726,4.918728 52.385585,4.918441 52.385454,4.917417 52.384827)";"LINESTRING(52.385101 4.93047,52.385992 4.928174,52.387605 4.923884,52.386918 4.923138,52.386145 4.922266,52.386043 4.921614,52.385726 4.919167,52.385585 4.918728,52.385454 4.918441,52.384827 4.917417)";4.9239485;52.386209;
84;"84";"Potentiele stadsstraat";"Hoofdstraat";"LINESTRING(4.913229 52.388593,4.912948 52.389016,4.912362 52.38979,4.911506 52.391032,4.911417 52.391124,4.912203 52.391604,4.912753 52.392006,4.913136 52.392561,4.913695 52.393155,4.914129 52.393818,4.914177 52.394002,4.914326 52.39538,4.914219 52.395987,4.913986 52.39667,4.912839 52.398119,4.912533 52.398433,4.911546 52.399059,4.911267 52.399312,4.910987 52.399679,4.910846 52.399979)";"LINESTRING(52.388593 4.913229,52.389016 4.912948,52.38979 4.912362,52.391032 4.911506,52.391124 4.911417,52.391604 4.912203,52.392006 4.912753,52.392561 4.913136,52.393155 4.913695,52.393818 4.914129,52.394002 4.914177,52.39538 4.914326,52.395987 4.914219,52.39667 4.913986,52.398119 4.912839,52.398433 4.912533,52.399059 4.911546,52.399312 4.911267,52.399679 4.910987,52.399979 4.910846)";4.912591;52.394279;
85;"85";"Potentiele stadsstraat";"Hoofdstraat";"LINESTRING(4.913136 52.392561,4.91296 52.392729,4.912857 52.392882,4.912853 52.393267,4.912786 52.393566,4.91248 52.394034,4.912187 52.394387,4.911931 52.394801,4.910804 52.396742,4.910587 52.397087,4.910397 52.397278,4.906937 52.398665,4.903806 52.399827,4.897299 52.402892,4.893875 52.404469,4.893445 52.404729,4.893241 52.404928,4.893176 52.40512,4.893066 52.405989,4.89287 52.406564,4.892589 52.406956,4.892146 52.407199,4.886751 52.409653)";"LINESTRING(52.392561 4.913136,52.392729 4.91296,52.392882 4.912857,52.393267 4.912853,52.393566 4.912786,52.394034 4.91248,52.394387 4.912187,52.394801 4.911931,52.396742 4.910804,52.397087 4.910587,52.397278 4.910397,52.398665 4.906937,52.399827 4.903806,52.402892 4.897299,52.404469 4.893875,52.404729 4.893445,52.404928 4.893241,52.40512 4.893176,52.405989 4.893066,52.406564 4.89287,52.406956 4.892589,52.407199 4.892146,52.409653 4.886751)";4.8999485;52.4011;
86;"86";"Potentiele stadsstraat";"Hoofdstraat";"LINESTRING(4.906937 52.398665,4.905246 52.396981,4.902808 52.394618,4.902211 52.394001,4.90244 52.393794,4.902593 52.393633,4.90289 52.392927,4.904367 52.38991,4.904893 52.388905)";"LINESTRING(52.398665 4.906937,52.396981 4.905246,52.394618 4.902808,52.394001 4.902211,52.393794 4.90244,52.393633 4.902593,52.392927 4.90289,52.38991 4.904367,52.388905 4.904893)";4.904579;52.393778;
87;"87";"Potentiele stadsstraat";"Hoofdstraat";"LINESTRING(4.906435 52.384652,4.906634 52.384853,4.906908 52.385046,4.907155 52.385393,4.907566 52.385841,4.908159 52.38672)";"LINESTRING(52.384652 4.906435,52.384853 4.906634,52.385046 4.906908,52.385393 4.907155,52.385841 4.907566,52.38672 4.908159)";4.907302;52.385679;
88;"88";"Stadsstraat";"Hoofdstraat";"LINESTRING(4.908159 52.38672,4.909744 52.389064,4.910844 52.390668,4.911181 52.390953,4.911417 52.391124)";"LINESTRING(52.38672 4.908159,52.389064 4.909744,52.390668 4.910844,52.390953 4.911181,52.391124 4.911417)";4.909793;52.388915;
89;"89";"Stadsstraat";"Hoofdstraat";"LINESTRING(4.895185 52.379196,4.894828 52.37908,4.894559 52.379006,4.894123 52.379273,4.893548 52.379597,4.892801 52.380044,4.891005 52.380529,4.889532 52.381345,4.884163 52.384364,4.883666 52.384611,4.882985 52.384759,4.882797 52.384792)";"LINESTRING(52.379196 4.895185,52.37908 4.894828,52.379006 4.894559,52.379273 4.894123,52.379597 4.893548,52.380044 4.892801,52.380529 4.891005,52.381345 4.889532,52.384364 4.884163,52.384611 4.883666,52.384759 4.882985,52.384792 4.882797)";4.888996;52.381892;
90;"90";"Stadsstraat";"Hoofdstraat";"LINESTRING(4.87883 52.382115,4.877804 52.382756,4.877033 52.383192,4.8753 52.384207,4.87506 52.384367)";"LINESTRING(52.382115 4.87883,52.382756 4.877804,52.383192 4.877033,52.384207 4.8753,52.384367 4.87506)";4.87695;52.383234;
91;"91";"Stadsstraat";"Hoofdstraat";"LINESTRING(4.881376 52.386909,4.880776 52.387759,4.87833 52.390717,4.878131 52.39157,4.877951 52.391853,4.877457 52.392251,4.876837 52.392672,4.876521 52.392786)";"LINESTRING(52.386909 4.881376,52.387759 4.880776,52.390717 4.87833,52.39157 4.878131,52.391853 4.877951,52.392251 4.877457,52.392672 4.876837,52.392786 4.876521)";4.8789535;52.3898405;
92;"92";"Potentiele stadsstraat";"Hoofdstraat";"LINESTRING(4.876521 52.392786,4.87329 52.392871,4.872649 52.392922,4.869806 52.393048,4.867203 52.393114,4.866186 52.393063,4.864644 52.392772,4.863942 52.392623,4.862083 52.392545,4.855401 52.39207,4.847195 52.391932,4.844155 52.391864,4.841026 52.391781,4.836062 52.391805)";"LINESTRING(52.392786 4.876521,52.392871 4.87329,52.392922 4.872649,52.393048 4.869806,52.393114 4.867203,52.393063 4.866186,52.392772 4.864644,52.392623 4.863942,52.392545 4.862083,52.39207 4.855401,52.391932 4.847195,52.391864 4.844155,52.391781 4.841026,52.391805 4.836062)";4.8562965;52.3924405;
93;"93";"Potentiele stadsstraat";"Hoofdstraat";"LINESTRING(4.847311 52.390656,4.847195 52.391932,4.847068 52.394161,4.846968 52.395214,4.846995 52.395992,4.847138 52.396622)";"LINESTRING(52.390656 4.847311,52.391932 4.847195,52.394161 4.847068,52.395214 4.846968,52.395992 4.846995,52.396622 4.847138)";4.8471445;52.393632;
94;"94";"Potentiele stadsstraat";"Hoofdstraat";"LINESTRING(4.855096 52.396628,4.855232 52.394683,4.855247 52.39343,4.855401 52.39207,4.855381 52.390585)";"LINESTRING(52.396628 4.855096,52.394683 4.855232,52.39343 4.855247,52.39207 4.855401,52.390585 4.855381)";4.8552535;52.3935995;
95;"95";"";"Potentiele hoofdstraat";"LINESTRING(4.832909 52.381448,4.834165 52.384134,4.834137 52.384734)";"LINESTRING(52.381448 4.832909,52.384134 4.834165,52.384734 4.834137)";4.833542;52.383084;
96;"96";"";"Hoofdstraat";"LINESTRING(4.823129 52.375076,4.819021 52.375702,4.812495 52.376389)";"LINESTRING(52.375076 4.823129,52.375702 4.819021,52.376389 4.812495)";4.817817;52.3757255;
97;"97";"";"Hoofdstraat";"LINESTRING(4.821402 52.381402,4.820713 52.381519,4.819818 52.381693,4.81932 52.381858,4.819051 52.382061,4.818911 52.382311,4.818862 52.382494,4.818747 52.384494)";"LINESTRING(52.381402 4.821402,52.381519 4.820713,52.381693 4.819818,52.381858 4.81932,52.382061 4.819051,52.382311 4.818911,52.382494 4.818862,52.384494 4.818747)";4.8200795;52.382941;
98;"98";"";"Hoofdstraat";"LINESTRING(4.844922 52.38494,4.843612 52.384915)";"LINESTRING(52.38494 4.844922,52.384915 4.843612)";4.844272;52.3849205;
99;"99";"";"Potentiele hoofdstraat";"LINESTRING(4.843612 52.384915,4.83902 52.384811,4.818747 52.384494)";"LINESTRING(52.384915 4.843612,52.384811 4.83902,52.384494 4.818747)";4.8311845;52.3846975;
100;"100";"";"Potentiele hoofdstraat";"LINESTRING(4.836062 52.391805,4.836077 52.387582,4.834771 52.385141,4.834486 52.384869,4.834137 52.384734)";"LINESTRING(52.391805 4.836062,52.387582 4.836077,52.385141 4.834771,52.384869 4.834486,52.384734 4.834137)";4.835112;52.3882625;
101;"101";"";"Potentiele hoofdstraat";"LINESTRING(4.847311 52.390656,4.847388 52.386467,4.847448 52.384969)";"LINESTRING(52.390656 4.847311,52.386467 4.847388,52.384969 4.847448)";4.8473845;52.3878055;
102;"102";"";"Potentiele hoofdstraat";"LINESTRING(4.855381 52.390585,4.855519 52.385076)";"LINESTRING(52.390585 4.855381,52.385076 4.855519)";4.855455;52.3878235;
103;"103";"";"Hoofdstraat";"LINESTRING(4.851606 52.384997,4.855519 52.385076)";"LINESTRING(52.384997 4.851606,52.385076 4.855519)";4.8535675;52.3850295;
104;"104";"";"Hoofdstraat";"LINESTRING(4.855519 52.385076,4.862148 52.385178,4.869533 52.385344,4.87933 52.385503,4.882797 52.384792)";"LINESTRING(52.385076 4.855519,52.385178 4.862148,52.385344 4.869533,52.385503 4.87933,52.384792 4.882797)";4.869163;52.3851405;
105;"105";"";"Hoofdstraat";"LINESTRING(4.87499 52.385434,4.874987 52.384426,4.87506 52.384367)";"LINESTRING(52.385434 4.87499,52.384426 4.874987,52.384367 4.87506)";4.8750285;52.3848935;
106;"106";"";"Hoofdstraat";"LINESTRING(4.869533 52.385344,4.870711 52.38248,4.871823 52.379379,4.874126 52.378756,4.875194 52.378973,4.875496 52.378728,4.876462 52.378941,4.878996 52.378318)";"LINESTRING(52.385344 4.869533,52.38248 4.870711,52.379379 4.871823,52.378756 4.874126,52.378973 4.875194,52.378728 4.875496,52.378941 4.876462,52.378318 4.878996)";4.8742695;52.381824;
107;"107";"";"Hoofdstraat";"LINESTRING(4.878996 52.378318,4.882456 52.383778,4.883318 52.384699)";"LINESTRING(52.378318 4.878996,52.383778 4.882456,52.384699 4.883318)";4.881162;52.3815015;
108;"108";"";"Hoofdstraat";"LINESTRING(4.881713 52.385008,4.880268 52.382668,4.87883 52.382115,4.879244 52.381088,4.877746 52.378621,4.87505 52.374277,4.875035 52.374145)";"LINESTRING(52.385008 4.881713,52.382668 4.880268,52.382115 4.87883,52.381088 4.879244,52.378621 4.877746,52.374277 4.87505,52.374145 4.875035)";4.878379;52.3795695;
109;"109";"";"Hoofdstraat";"LINESTRING(4.875496 52.378728,4.872734 52.374692,4.870522 52.371144,4.870482 52.37098)";"LINESTRING(52.378728 4.875496,52.374692 4.872734,52.371144 4.870522,52.37098 4.870482)";4.872994;52.374847;
110;"110";"";"Hoofdstraat";"LINESTRING(4.875035 52.374145,4.875004 52.373515,4.874873 52.373089,4.874225 52.372594,4.874052 52.372219,4.874151 52.371835,4.874952 52.369896,4.87537 52.369064,4.875797 52.368674,4.876291 52.368367,4.876772 52.367927,4.876947 52.366836,4.877361 52.366345,4.878268 52.365791,4.878765 52.365151,4.878502 52.364274,4.878781 52.363776)";"LINESTRING(52.374145 4.875035,52.373515 4.875004,52.373089 4.874873,52.372594 4.874225,52.372219 4.874052,52.371835 4.874151,52.369896 4.874952,52.369064 4.87537,52.368674 4.875797,52.368367 4.876291,52.367927 4.876772,52.366836 4.876947,52.366345 4.877361,52.365791 4.878268,52.365151 4.878765,52.364274 4.878502,52.363776 4.878781)";4.8764215;52.3689535;
111;"111";"";"Hoofdstraat";"LINESTRING(4.880266 52.365152,4.879509 52.366713,4.878027 52.368808,4.875824 52.372051,4.875809 52.372242,4.876266 52.373963,4.878996 52.378318)";"LINESTRING(52.365152 4.880266,52.366713 4.879509,52.368808 4.878027,52.372051 4.875824,52.372242 4.875809,52.373963 4.876266,52.378318 4.878996)";4.8780425;52.371728;
112;"112";"";"Hoofdstraat";"LINESTRING(4.875035 52.374145,4.876266 52.373963)";"LINESTRING(52.374145 4.875035,52.373963 4.876266)";4.8756555;52.374047;
113;"113";"";"Hoofdstraat";"LINESTRING(4.846908 52.372457,4.848938 52.372774,4.853315 52.37351,4.854833 52.374218,4.855688 52.374387)";"LINESTRING(52.372457 4.846908,52.372774 4.848938,52.37351 4.853315,52.374218 4.854833,52.374387 4.855688)";4.851303;52.373415;
114;"114";"";"Hoofdstraat";"LINESTRING(4.847171 52.375718,4.848802 52.372748,4.850711 52.369188,4.851515 52.369217,4.85315 52.365731,4.853152 52.364256)";"LINESTRING(52.375718 4.847171,52.372748 4.848802,52.369188 4.850711,52.369217 4.851515,52.365731 4.85315,52.364256 4.853152)";4.8501665;52.36998;
115;"115";"";"Hoofdstraat";"LINESTRING(4.852214 52.364274,4.844165 52.364166)";"LINESTRING(52.364274 4.852214,52.364166 4.844165)";4.8481945;52.364213;
116;"116";"";"Hoofdstraat";"LINESTRING(4.858748 52.37145,4.859224 52.369351,4.859013 52.36865,4.859487 52.36484)";"LINESTRING(52.37145 4.858748,52.369351 4.859224,52.36865 4.859013,52.36484 4.859487)";4.8591225;52.368138;
117;"117";"";"Hoofdstraat";"LINESTRING(4.881713 52.385008,4.881422 52.385441,4.881591 52.386209,4.881376 52.386909)";"LINESTRING(52.385008 4.881713,52.385441 4.881422,52.386209 4.881591,52.386909 4.881376)";4.8815495;52.3859515;
118;"118";"";"Hoofdstraat";"LINESTRING(4.878131 52.39157,4.884741 52.3908,4.885113 52.390426,4.891378 52.389636,4.893279 52.385266,4.893019 52.384248,4.892931 52.383581,4.89332 52.38289,4.894795 52.382646,4.897031 52.381213,4.90528 52.37832,4.91056 52.377582,4.916478 52.377114,4.92165 52.376409,4.929052 52.375199,4.930811 52.37451,4.932235 52.373815,4.933897 52.37257,4.932067 52.37175)";"LINESTRING(52.39157 4.878131,52.3908 4.884741,52.390426 4.885113,52.389636 4.891378,52.385266 4.893279,52.384248 4.893019,52.383581 4.892931,52.38289 4.89332,52.382646 4.894795,52.381213 4.897031,52.37832 4.90528,52.377582 4.91056,52.377114 4.916478,52.376409 4.92165,52.375199 4.929052,52.37451 4.930811,52.373815 4.932235,52.37257 4.933897,52.37175 4.932067)";4.906019;52.381653;
119;"119";"";"Hoofdstraat";"LINESTRING(4.921607 52.376202,4.921673 52.376407)";"LINESTRING(52.376202 4.921607,52.376407 4.921673)";4.921645;52.3762975;
120;"120";"";"Hoofdstraat";"LINESTRING(4.883318 52.384699,4.885061 52.386972,4.88569 52.387959,4.885848 52.388418)";"LINESTRING(52.384699 4.883318,52.386972 4.885061,52.387959 4.88569,52.388418 4.885848)";4.884588;52.3865515;
121;"121";"";"Potentiele hoofdstraat";"LINESTRING(4.885848 52.388418,4.885953 52.388702,4.891472 52.389421)";"LINESTRING(52.388418 4.885848,52.388702 4.885953,52.389421 4.891472)";4.888665;52.3889125;
122;"122";"";"Potentiele hoofdstraat";"LINESTRING(4.891829 52.388589,4.893014 52.389808,4.902211 52.394001)";"LINESTRING(52.388589 4.891829,52.389808 4.893014,52.394001 4.902211)";4.897025;52.391288;
123;"123";"";"Potentiele hoofdstraat";"LINESTRING(4.904893 52.388905,4.906081 52.386438,4.906409 52.386235,4.907814 52.386178)";"LINESTRING(52.388905 4.904893,52.386438 4.906081,52.386235 4.906409,52.386178 4.907814)";4.9063585;52.3875345;
124;"124";"";"Hoofdstraat";"LINESTRING(4.906435 52.384652,4.906315 52.384313,4.906308 52.383625,4.903108 52.382223)";"LINESTRING(52.384652 4.906435,52.384313 4.906315,52.383625 4.906308,52.382223 4.903108)";4.9047765;52.3834305;
125;"125";"";"Hoofdstraat";"LINESTRING(4.908387 52.38232,4.909823 52.38308,4.910748 52.383247,4.913448 52.383074,4.9147 52.383279,4.915846 52.383742,4.916936 52.384485,4.917417 52.384827)";"LINESTRING(52.38232 4.908387,52.38308 4.909823,52.383247 4.910748,52.383074 4.913448,52.383279 4.9147,52.383742 4.915846,52.384485 4.916936,52.384827 4.917417)";4.912907;52.3835665;
126;"126";"";"Hoofdstraat";"LINESTRING(4.917417 52.384827,4.914594 52.386218,4.913534 52.387056,4.913443 52.387335,4.913607 52.387944,4.913229 52.388593)";"LINESTRING(52.384827 4.917417,52.386218 4.914594,52.387056 4.913534,52.387335 4.913443,52.387944 4.913607,52.388593 4.913229)";4.915328;52.386703;
127;"127";"";"Potentiele hoofdstraat";"LINESTRING(4.912563 52.391863,4.923884 52.387605)";"LINESTRING(52.391863 4.912563,52.387605 4.923884)";4.9182285;52.389727;
128;"128";"";"Hoofdstraat";"LINESTRING(4.923884 52.387605,4.924782 52.388527,4.925068 52.38932,4.924958 52.390036,4.924766 52.390811,4.92492 52.391116,4.927719 52.393178,4.928423 52.39426,4.928958 52.395309,4.929658 52.396191)";"LINESTRING(52.387605 4.923884,52.388527 4.924782,52.38932 4.925068,52.390036 4.924958,52.390811 4.924766,52.391116 4.92492,52.393178 4.927719,52.39426 4.928423,52.395309 4.928958,52.396191 4.929658)";4.926776;52.391891;
129;"129";"";"Hoofdstraat";"LINESTRING(4.936923 52.393501,4.940437 52.392447,4.941505 52.391929,4.943242 52.391381,4.944277 52.39144,4.945003 52.391013,4.9484 52.39,4.948537 52.389968,4.957374 52.39218,4.962051 52.393477)";"LINESTRING(52.393501 4.936923,52.392447 4.940437,52.391929 4.941505,52.391381 4.943242,52.39144 4.944277,52.391013 4.945003,52.39 4.9484,52.389968 4.948537,52.39218 4.957374,52.393477 4.962051)";4.949492;52.3917275;
130;"130";"";"Hoofdstraat";"LINESTRING(4.959536 52.389123,4.957327 52.392171,4.954543 52.395968,4.954102 52.39642,4.95326 52.39686,4.950608 52.397667,4.943088 52.399882,4.942353 52.399737,4.940682 52.399252,4.939862 52.399403,4.935851 52.401106)";"LINESTRING(52.389123 4.959536,52.392171 4.957327,52.395968 4.954543,52.39642 4.954102,52.39686 4.95326,52.397667 4.950608,52.399882 4.943088,52.399737 4.942353,52.399252 4.940682,52.399403 4.939862,52.401106 4.935851)";4.9476985;52.3951075;
131;"131";"";"Hoofdstraat";"LINESTRING(4.933579 52.399271,4.94199 52.395984,4.94517 52.394899,4.948812 52.393833,4.953215 52.392511,4.953611 52.392354,4.954287 52.391402)";"LINESTRING(52.399271 4.933579,52.395984 4.94199,52.394899 4.94517,52.393833 4.948812,52.392511 4.953215,52.392354 4.953611,52.391402 4.954287)";4.943938;52.3953295;
132;"132";"";"Hoofdstraat";"LINESTRING(4.948537 52.389968,4.947761 52.389831,4.944576 52.39077,4.943778 52.390816,4.943304 52.391198,4.943242 52.391381)";"LINESTRING(52.389968 4.948537,52.389831 4.947761,52.39077 4.944576,52.390816 4.943778,52.391198 4.943304,52.391381 4.943242)";4.9458945;52.390599;
133;"133";"";"Potentiele hoofdstraat";"LINESTRING(4.917417 52.384827,4.920858 52.383295)";"LINESTRING(52.384827 4.917417,52.383295 4.920858)";4.9191425;52.384054;
134;"134";"";"Potentiele hoofdstraat";"LINESTRING(4.920858 52.383295,4.921873 52.380114,4.923043 52.379747,4.92315 52.379144,4.921673 52.376407)";"LINESTRING(52.383295 4.920858,52.380114 4.921873,52.379747 4.923043,52.379144 4.92315,52.376407 4.921673)";4.922009;52.379844;
135;"135";"";"Hoofdstraat";"LINESTRING(4.938301 52.373835,4.938379 52.373573,4.940311 52.373781,4.937286 52.376513,4.93733 52.377563,4.936906 52.377737)";"LINESTRING(52.373835 4.938301,52.373573 4.938379,52.373781 4.940311,52.376513 4.937286,52.377563 4.93733,52.377737 4.936906)";4.9386135;52.375648;
136;"136";"";"Potentiele hoofdstraat";"LINESTRING(4.940311 52.373781,4.949103 52.374706,4.956845 52.375011)";"LINESTRING(52.373781 4.940311,52.374706 4.949103,52.375011 4.956845)";4.948583;52.374389;
137;"137";"";"Hoofdstraat";"LINESTRING(4.938379 52.373573,4.93849 52.369955,4.938512 52.368562,4.939416 52.368558,4.939461 52.366164,4.939523 52.363835)";"LINESTRING(52.373573 4.938379,52.369955 4.93849,52.368562 4.938512,52.368558 4.939416,52.366164 4.939461,52.363835 4.939523)";4.938956;52.368697;
138;"138";"";"Hoofdstraat";"LINESTRING(4.895185 52.379196,4.896225 52.378685,4.897009 52.378021,4.898327 52.377076,4.899019 52.376704,4.902028 52.37692,4.903409 52.375775,4.903572 52.375196,4.908165 52.37253,4.911059 52.371742)";"LINESTRING(52.379196 4.895185,52.378685 4.896225,52.378021 4.897009,52.377076 4.898327,52.376704 4.899019,52.37692 4.902028,52.375775 4.903409,52.375196 4.903572,52.37253 4.908165,52.371742 4.911059)";4.903127;52.375462;
139;"139";"";"Hoofdstraat";"LINESTRING(4.902632 52.376401,4.900434 52.371864,4.900615 52.370499)";"LINESTRING(52.376401 4.902632,52.371864 4.900434,52.370499 4.900615)";4.901538;52.373443;
140;"140";"";"Hoofdstraat";"LINESTRING(4.90395 52.36845,4.907559 52.367186,4.908381 52.367378,4.909192 52.367314,4.918421 52.36412,4.918806 52.363696,4.919184 52.36351,4.919742 52.363424,4.920161 52.363143,4.920292 52.362989,4.922785 52.363471,4.92386 52.364303,4.925112 52.365047,4.926414 52.365694,4.926861 52.365883,4.925016 52.367044,4.925469 52.3674,4.925334 52.367611)";"LINESTRING(52.36845 4.90395,52.367186 4.907559,52.367378 4.908381,52.367314 4.909192,52.36412 4.918421,52.363696 4.918806,52.36351 4.919184,52.363424 4.919742,52.363143 4.920161,52.362989 4.920292,52.363471 4.922785,52.364303 4.92386,52.365047 4.925112,52.365694 4.926414,52.365883 4.926861,52.367044 4.925016,52.3674 4.925469,52.367611 4.925334)";4.9154105;52.3657125;
141;"141";"";"Hoofdstraat";"LINESTRING(4.924995 52.367093,4.920977 52.364597,4.920211 52.364219,4.918766 52.363705,4.918653 52.363433,4.914614 52.36252)";"LINESTRING(52.367093 4.924995,52.364597 4.920977,52.364219 4.920211,52.363705 4.918766,52.363433 4.918653,52.36252 4.914614)";4.9198095;52.3647995;
142;"142";"";"Hoofdstraat";"LINESTRING(4.914614 52.36252,4.915275 52.361489,4.91649 52.361794,4.917777 52.36187,4.918918 52.362075,4.919595 52.362536,4.920292 52.362989)";"LINESTRING(52.36252 4.914614,52.361489 4.915275,52.361794 4.91649,52.36187 4.917777,52.362075 4.918918,52.362536 4.919595,52.362989 4.920292)";4.917458;52.362232;
143;"143";"";"Hoofdstraat";"LINESTRING(4.915275 52.361489,4.916593 52.359206,4.917431 52.358034,4.925288 52.360007,4.9303 52.361214,4.936499 52.36118,4.939715 52.361626,4.945578 52.362457)";"LINESTRING(52.361489 4.915275,52.359206 4.916593,52.358034 4.917431,52.360007 4.925288,52.361214 4.9303,52.36118 4.936499,52.361626 4.939715,52.362457 4.945578)";4.9304315;52.3602385;
144;"144";"";"Hoofdstraat";"LINESTRING(4.915275 52.361489,4.913522 52.36112,4.912046 52.361005,4.910567 52.360391,4.909471 52.36032,4.908072 52.360063,4.906493 52.359306,4.903226 52.358588,4.899298 52.357785,4.89828 52.357606,4.890804 52.358037,4.889411 52.358352,4.888328 52.358973,4.887557 52.359749,4.886755 52.360171,4.884071 52.361511,4.88351 52.361667,4.882282 52.36172)";"LINESTRING(52.361489 4.915275,52.36112 4.913522,52.361005 4.912046,52.360391 4.910567,52.36032 4.909471,52.360063 4.908072,52.359306 4.906493,52.358588 4.903226,52.357785 4.899298,52.357606 4.89828,52.358037 4.890804,52.358352 4.889411,52.358973 4.888328,52.359749 4.887557,52.360171 4.886755,52.361511 4.884071,52.361667 4.88351,52.36172 4.882282)";4.8987835;52.359656;
145;"145";"";"Hoofdstraat";"LINESTRING(4.886838 52.360122,4.886502 52.359699,4.886315 52.357605,4.886264 52.356622,4.88641 52.354583,4.886436 52.353437,4.886183 52.352973,4.886137 52.352235,4.886014 52.351693,4.885918 52.349941,4.885749 52.349823,4.8853 52.349817,4.883058 52.34872,4.879605 52.347058,4.876897 52.346929)";"LINESTRING(52.360122 4.886838,52.359699 4.886502,52.357605 4.886315,52.356622 4.886264,52.354583 4.88641,52.353437 4.886436,52.352973 4.886183,52.352235 4.886137,52.351693 4.886014,52.349941 4.885918,52.349823 4.885749,52.349817 4.8853,52.34872 4.883058,52.347058 4.879605,52.346929 4.876897)";4.8818725;52.3535185;
146;"146";"";"Hoofdstraat";"LINESTRING(4.858977 52.345379,4.861859 52.348056,4.863545 52.349427,4.865487 52.350437,4.870794 52.350697,4.87468 52.350848,4.877375 52.350934,4.881374 52.350209,4.883146 52.348761,4.88465 52.347559,4.888324 52.347299,4.891096 52.347165,4.899999 52.346677,4.902764 52.346542,4.903927 52.346109,4.913721 52.347466,4.917632 52.347986,4.918353 52.348629)";"LINESTRING(52.345379 4.858977,52.348056 4.861859,52.349427 4.863545,52.350437 4.865487,52.350697 4.870794,52.350848 4.87468,52.350934 4.877375,52.350209 4.881374,52.348761 4.883146,52.347559 4.88465,52.347299 4.888324,52.347165 4.891096,52.346677 4.899999,52.346542 4.902764,52.346109 4.903927,52.347466 4.913721,52.347986 4.917632,52.348629 4.918353)";4.88867;52.3481495;
147;"147";"";"Hoofdstraat";"LINESTRING(4.917632 52.347986,4.91871 52.347752,4.919366 52.348306)";"LINESTRING(52.347986 4.917632,52.347752 4.91871,52.348306 4.919366)";4.918504;52.348022;
148;"148";"";"Hoofdstraat";"LINESTRING(4.91871 52.347752,4.919997 52.345686,4.920982 52.345902,4.925625 52.345908,4.926671 52.346121,4.929263 52.347585,4.935295 52.350923,4.941535 52.354607,4.939329 52.355995,4.94099 52.357436,4.941114 52.357945,4.940949 52.358381)";"LINESTRING(52.347752 4.91871,52.345686 4.919997,52.345902 4.920982,52.345908 4.925625,52.346121 4.926671,52.347585 4.929263,52.350923 4.935295,52.354607 4.941535,52.355995 4.939329,52.357436 4.94099,52.357945 4.941114,52.358381 4.940949)";4.9301275;52.3520265;
149;"149";"";"Hoofdstraat";"LINESTRING(4.941114 52.357945,4.945815 52.357604,4.951174 52.354268,4.956002 52.357083)";"LINESTRING(52.357945 4.941114,52.357604 4.945815,52.354268 4.951174,52.357083 4.956002)";4.948563;52.3560995;
150;"150";"";"Hoofdstraat";"LINESTRING(4.951174 52.354268,4.940134 52.347752,4.932529 52.343137)";"LINESTRING(52.354268 4.951174,52.347752 4.940134,52.343137 4.932529)";4.9418565;52.3486955;
151;"151";"";"Potentiele hoofdstraat";"LINESTRING(4.932529 52.343137,4.927354 52.339948,4.919856 52.337454)";"LINESTRING(52.343137 4.932529,52.339948 4.927354,52.337454 4.919856)";4.9261975;52.3402885;
152;"152";"";"Hoofdstraat";"LINESTRING(4.919997 52.345686,4.919244 52.345399,4.919073 52.344924,4.919604 52.343483,4.918185 52.343928,4.919397 52.341289,4.921015 52.338803,4.921642 52.33805,4.923209 52.335976,4.923286 52.335233,4.922885 52.33439,4.92277 52.333806,4.923131 52.333032,4.9234 52.332766)";"LINESTRING(52.345686 4.919997,52.345399 4.919244,52.344924 4.919073,52.343483 4.919604,52.343928 4.918185,52.341289 4.919397,52.338803 4.921015,52.33805 4.921642,52.335976 4.923209,52.335233 4.923286,52.33439 4.922885,52.333806 4.92277,52.333032 4.923131,52.332766 4.9234)";4.9207975;52.339219;
153;"153";"";"Hoofdstraat";"LINESTRING(4.951285 52.340819,4.940167 52.347765,4.935153 52.350852,4.930447 52.353827)";"LINESTRING(52.340819 4.951285,52.347765 4.940167,52.350852 4.935153,52.353827 4.930447)";4.940871;52.347316;
154;"154";"";"Hoofdstraat";"LINESTRING(4.929169 52.347527,4.922117 52.351898,4.921357 52.35251)";"LINESTRING(52.347527 4.929169,52.351898 4.922117,52.35251 4.921357)";4.925268;52.3500115;
155;"155";"";"Hoofdstraat";"LINESTRING(4.903927 52.346109,4.903199 52.345427,4.893543 52.341943,4.892503 52.341915)";"LINESTRING(52.346109 4.903927,52.345427 4.903199,52.341943 4.893543,52.341915 4.892503)";4.89822;52.344005;
156;"156";"";"Hoofdstraat";"LINESTRING(4.907625 52.340299,4.906047 52.340176,4.892358 52.34087)";"LINESTRING(52.340299 4.907625,52.340176 4.906047,52.34087 4.892358)";4.8999965;52.340516;
157;"157";"";"Hoofdstraat";"LINESTRING(4.959682 52.317873,4.97374 52.322634,4.978021 52.324037,4.978972 52.324077,4.980312 52.323524,4.984018 52.319209,4.984657 52.318431,4.98468 52.318151,4.984512 52.317918,4.971601 52.313508)";"LINESTRING(52.317873 4.959682,52.322634 4.97374,52.324037 4.978021,52.324077 4.978972,52.323524 4.980312,52.319209 4.984018,52.318431 4.984657,52.318151 4.98468,52.317918 4.984512,52.313508 4.971601)";4.972186;52.3187855;
158;"158";"";"Hoofdstraat";"LINESTRING(4.89191 52.338141,4.891783 52.337408,4.890001 52.335999,4.890196 52.323442)";"LINESTRING(52.338141 4.89191,52.337408 4.891783,52.335999 4.890001,52.323442 4.890196)";4.8909605;52.3307845;
159;"159";"";"Hoofdstraat";"LINESTRING(4.890109 52.328837,4.888462 52.328797,4.886321 52.327995,4.857444 52.327787)";"LINESTRING(52.328837 4.890109,52.328797 4.888462,52.327995 4.886321,52.327787 4.857444)";4.8737815;52.328305;
160;"160";"";"Hoofdstraat";"LINESTRING(4.869107 52.322043,4.86886 52.332052,4.868779 52.336721)";"LINESTRING(52.322043 4.869107,52.332052 4.86886,52.336721 4.868779)";4.868948;52.329375;
161;"161";"";"Hoofdstraat";"LINESTRING(4.857491 52.335242,4.878662 52.335054,4.88111 52.335128,4.88438 52.334741,4.890016 52.334707)";"LINESTRING(52.335242 4.857491,52.335054 4.878662,52.335128 4.88111,52.334741 4.88438,52.334707 4.890016)";4.8737585;52.3349675;
162;"162";"";"Hoofdstraat";"LINESTRING(4.89006 52.332089,4.889656 52.332088)";"LINESTRING(52.332089 4.89006,52.332088 4.889656)";4.889863;52.3320815;
163;"163";"";"Hoofdstraat";"LINESTRING(4.883109 52.332104,4.879477 52.332136)";"LINESTRING(52.332104 4.883109,52.332136 4.879477)";4.881298;52.332113;
164;"164";"";"Hoofdstraat";"LINESTRING(4.878662 52.335054,4.87945 52.33392,4.879518 52.327933)";"LINESTRING(52.335054 4.878662,52.33392 4.87945,52.327933 4.879518)";4.879095;52.3314865;
165;"165";"";"Hoofdstraat";"LINESTRING(4.8575 52.321908,4.857444 52.327787,4.85753 52.339961,4.857774 52.341171,4.857557 52.342246,4.857155 52.343225)";"LINESTRING(52.321908 4.8575,52.327787 4.857444,52.339961 4.85753,52.341171 4.857774,52.342246 4.857557,52.343225 4.857155)";4.8574695;52.3325595;
166;"166";"";"Potentiele hoofdstraat";"LINESTRING(4.856694 52.344994,4.856665 52.344954,4.856201 52.345209,4.848551 52.344057,4.841138 52.343372,4.827695 52.342603)";"LINESTRING(52.344994 4.856694,52.344954 4.856665,52.345209 4.856201,52.344057 4.848551,52.343372 4.841138,52.342603 4.827695)";4.8421995;52.343899;
167;"167";"";"Potentiele hoofdstraat";"LINESTRING(4.827534 52.345735,4.844253 52.345772,4.845557 52.346061,4.846483 52.346856)";"LINESTRING(52.345735 4.827534,52.345772 4.844253,52.346061 4.845557,52.346856 4.846483)";4.8370135;52.3462885;
168;"168";"";"Potentiele hoofdstraat";"LINESTRING(4.827695 52.342603,4.82777 52.337815,4.82777 52.337832)";"LINESTRING(52.342603 4.827695,52.337815 4.82777,52.337832 4.82777)";4.8277375;52.340202;
169;"169";"";"Hoofdstraat";"LINESTRING(4.85746 52.349706,4.857818 52.350069,4.869984 52.353041,4.878524 52.355355,4.879211 52.355924,4.879986 52.356111)";"LINESTRING(52.349706 4.85746,52.350069 4.857818,52.353041 4.869984,52.355355 4.878524,52.355924 4.879211,52.356111 4.879986)";4.868728;52.3529015;
170;"170";"";"Hoofdstraat";"LINESTRING(4.850342 52.358073,4.850393 52.351627)";"LINESTRING(52.358073 4.850342,52.351627 4.850393)";4.8503725;52.354843;
171;"171";"";"Hoofdstraat";"LINESTRING(4.84758 52.351623,4.843828 52.351606)";"LINESTRING(52.351623 4.84758,52.351606 4.843828)";4.845709;52.3516075;
172;"172";"";"Hoofdstraat";"LINESTRING(4.830337 52.356252,4.840654 52.356372)";"LINESTRING(52.356252 4.830337,52.356372 4.840654)";4.8355005;52.356305;
173;"173";"";"Hoofdstraat";"LINESTRING(4.853608 52.358189,4.853354 52.358913,4.853152 52.364256)";"LINESTRING(52.358189 4.853608,52.358913 4.853354,52.364256 4.853152)";4.853385;52.3612155;
174;"174";"";"Hoofdstraat";"LINESTRING(4.840442 52.364131,4.840647 52.357957)";"LINESTRING(52.364131 4.840442,52.357957 4.840647)";4.8405495;52.361037;
175;"175";"";"Hoofdstraat";"LINESTRING(4.827413 52.351419,4.815938 52.351267,4.813216 52.351121,4.811192 52.350794,4.804062 52.349367,4.799608 52.348452,4.798093 52.347686,4.798147 52.34772)";"LINESTRING(52.351419 4.827413,52.351267 4.815938,52.351121 4.813216,52.350794 4.811192,52.349367 4.804062,52.348452 4.799608,52.347686 4.798093,52.34772 4.798147)";4.812758;52.3495455;
176;"176";"";"Hoofdstraat";"LINESTRING(4.804062 52.349367,4.806323 52.345117,4.806966 52.344911,4.815393 52.344977,4.816221 52.345181,4.816006 52.351275)";"LINESTRING(52.349367 4.804062,52.345117 4.806323,52.344911 4.806966,52.344977 4.815393,52.345181 4.816221,52.351275 4.816006)";4.8101465;52.348086;
177;"177";"";"Hoofdstraat";"LINESTRING(4.816183 52.346277,4.82072 52.346338,4.822705 52.34652,4.82496 52.346701,4.827505 52.346896)";"LINESTRING(52.346277 4.816183,52.346338 4.82072,52.34652 4.822705,52.346701 4.82496,52.346896 4.827505)";4.821849;52.3465795;
178;"178";"";"Hoofdstraat";"LINESTRING(4.811421 52.344943,4.81151 52.341737)";"LINESTRING(52.344943 4.811421,52.341737 4.81151)";4.8114705;52.343333;
179;"179";"";"Hoofdstraat";"LINESTRING(4.801804 52.352422,4.816243 52.355291,4.819925 52.356118,4.827306 52.356251)";"LINESTRING(52.352422 4.801804,52.355291 4.816243,52.356118 4.819925,52.356251 4.827306)";4.81456;52.3543295;
180;"180";"";"Hoofdstraat";"LINESTRING(4.811192 52.350794,4.809438 52.353942)";"LINESTRING(52.350794 4.811192,52.353942 4.809438)";4.81032;52.352361;
181;"181";"";"Hoofdstraat";"LINESTRING(4.810539 52.354155,4.80821 52.358412)";"LINESTRING(52.354155 4.810539,52.358412 4.80821)";4.8093795;52.3562765;
182;"182";"";"Hoofdstraat";"LINESTRING(4.80821 52.358412,4.804049 52.366206)";"LINESTRING(52.358412 4.80821,52.366206 4.804049)";4.8061345;52.362302;
183;"183";"";"Hoofdstraat";"LINESTRING(4.80705 52.360609,4.803886 52.359959,4.803303 52.359756,4.803128 52.359513,4.803471 52.358883)";"LINESTRING(52.360609 4.80705,52.359959 4.803886,52.359756 4.803303,52.359513 4.803128,52.358883 4.803471)";4.805094;52.359739;
184;"184";"";"Potentiele hoofdstraat";"LINESTRING(4.836587 52.35927,4.834963 52.357922)";"LINESTRING(52.35927 4.836587,52.357922 4.834963)";4.83578;52.358589;
185;"185";"";"Hoofdstraat";"LINESTRING(4.827109 52.363999,4.827074 52.365833,4.830937 52.370625)";"LINESTRING(52.363999 4.827109,52.365833 4.827074,52.370625 4.830937)";4.8290105;52.367305;
186;"186";"";"Hoofdstraat";"LINESTRING(4.830937 52.370625,4.826788 52.373337,4.827019 52.374521)";"LINESTRING(52.370625 4.830937,52.373337 4.826788,52.374521 4.827019)";4.8288675;52.372566;
187;"187";"";"Hoofdstraat";"LINESTRING(4.896808 52.378001,4.897009 52.378021)";"LINESTRING(52.378001 4.896808,52.378021 4.897009)";4.8969135;52.378004;
188;"188";"";"Hoofdstraat";"LINESTRING(4.987428 52.359385,4.977972 52.364415)";"LINESTRING(52.359385 4.987428,52.364415 4.977972)";4.982705;52.361893;
189;"189";"";"Hoofdstraat";"LINESTRING(4.898772 52.359566,4.904779 52.360484)";"LINESTRING(52.359566 4.898772,52.360484 4.904779)";4.9017805;52.360018;
190;"190";"";"Hoofdstraat";"LINESTRING(4.905043 52.356006,4.907052 52.356336,4.907444 52.355573)";"LINESTRING(52.356006 4.905043,52.356336 4.907052,52.355573 4.907444)";4.9062485;52.3559475;
191;"191";"";"Hoofdstraat";"LINESTRING(4.907052 52.356336,4.906885 52.356786,4.910241 52.357566)";"LINESTRING(52.356336 4.907052,52.356786 4.906885,52.357566 4.910241)";4.908568;52.356944;

