OBJECTNUMMER;Soort;Naam;Adres;Status;Beplantingssituatie;Initiatiefnemer;Website;WKT_LNG_LAT;WKT_LAT_LNG;LNG;LAT;
1;"Moestuin";"Daktuin Woongroep `t Seepaerd";"Prinseneiland 329";"Bestaand";"Bakken (daktuin)";"Cityplot, Ann Doherty";"www.cityplot.org";"POINT(4.8873289,52.3847281)";"POINT(52.3847281,4.8873289)";4.8873289;52.3847281;
2;"Moestuin";"I Can Change the World with My Two Hands";"Jasper Leijnsenstraat 21";"Bestaand";"Bakken, grond, kas";"Natascha Haagenbeek";"http://icanchangetheworldwithmytwohands.nl";"POINT(4.8618419,52.3762519)";"POINT(52.3762519,4.8618419)";4.8618419;52.3762519;
3;"Moestuin";"Moestuin Buurtboerderij Ons Genoegen";"Spaarndammerdijk 319";"Bestaand";"Grond";"Stichting Ons Genoegen";"http://www.buurtboerderij.nl/";"POINT(4.8602049,52.3914916)";"POINT(52.3914916,4.8602049)";4.8602049;52.3914916;
5;"Moestuin";"Buurtmoestuin GWL-terrein";"GWL-terrein";"Bestaand";"Grond";"Beheervereniging Nutstuinen GWL-terrein";"http://www.gwl-terrein-nutstuinen.nl/home/1";"POINT(4.8685572,52.3829657)";"POINT(52.3829657,4.8685572)";4.8685572;52.3829657;
6;"Moestuin";"Het Tuintje van Pieter";"Pieter van der Doesstraat";"Bestaand";"Grond";"Bewoners rondom Pieter van der Doesstraat";"";"POINT(4.8581779,52.3731696)";"POINT(52.3731696,4.8581779)";4.8581779;52.3731696;
7;"Moestuin";"Brediustuin";"Zaanstraat naast Brediusbad";"Bestaand";"Bakken";"";"http://brediustuin.wordpress.com/";"POINT(4.8702171,52.3917967)";"POINT(52.3917967,4.8702171)";4.8702171;52.3917967;
8;"Kruidentuin";"Jeruzalemtuin";"Jan Maijenplein";"Bestaand";"Tuin";"Stichting FoAM";"http://libarynth.org/jeruzalemgarden";"POINT(4.8520782,52.3712012)";"POINT(52.3712012,4.8520782)";4.8520782;52.3712012;
9;"Moestuin";"Buurtproeftuin Robert Scottbuurt";"Robert Scottstraat";"Bestaand";"Bakken, kas";"Stichting OE, Benno Réwinkel en Paul Pieck";"";"POINT(4.8463981,52.3734137)";"POINT(52.3734137,4.8463981)";4.8463981;52.3734137;
10;"Moestuin";"BuurtMoesBinnenTuin Cascoland";"Schaapherder-, Sinjeur Semeyn- en Leeuwendalersweg";"Bestaand";"Bakken";"Cascoland";"http://www.cascoland.com/2009/index2_dt.php?id=1799&cat=50&artist=Fiona+de+Bell%2CBas+Feenstra%2CJair+Straschnow%2CWouter+Nieuwendijk%2CRoel+Schoenmakers&casco_cat=projects";"POINT(4.843375,52.3804938)";"POINT(52.3804938,4.843375)";4.843375;52.3804938;
11;"Moestuin";"Mobiele brede schooltuin";"Robert Scottstraat 32";"Bestaand";"Bakken";"Stichting OE, Benno Rehwinkel / Basisschool de Springplank";"";"POINT(4.84639,52.3740622)";"POINT(52.3740622,4.84639)";4.84639;52.3740622;
12;"Moestuin";"Educatieve moestuin de Luistervink";"Sloterdijkerweg 20";"Bestaand";"Grond, kas, bijen";"I Can Change The World With My Two Hands, Natascha Haagenbeek / Cityplot, Ann Doherty";"www.luistervink-amsterdam.org";"POINT(4.8525398,52.3877684)";"POINT(52.3877684,4.8525398)";4.8525398;52.3877684;
13;"Moestuin";"De Mobiele Buurtproeftuin";"Amundsenweg 1";"In uitvoering";"Bakken";"Stichting OE, Benno Rehwinkel";"";"POINT(4.8456752,52.3740927)";"POINT(52.3740927,4.8456752)";4.8456752;52.3740927;
14;"Moestuin";"Groente vindt gezin";"Verspreid over GWL-terrein";"Bestaand";"";"Slowfood Nederland";"www.slowfood.nl/index.php?page=Amsterdam&page_tab=1133&extra_page=Amsterdam_activiteit";"POINT(4.8685458,52.3831297)";"POINT(52.3831297,4.8685458)";4.8685458;52.3831297;
15;"Moestuin";"Buurtmoestuin Soelen";"Overbrakerpad 2";"Bestaand";"Grond";"voedselcoöperatie Nemoland";"www.soeptuinen.nl";"POINT(4.8642242,52.3879172)";"POINT(52.3879172,4.8642242)";4.8642242;52.3879172;
16;"Moestuin";"Eetbaar groen in de West-Indische buurt";"Corantijnstraat 25";"In uitvoering";"Grond, bakken";"Stichting Buurtkamer, Sander Dijksterhuis";"";"POINT(4.8520691,52.3597533)";"POINT(52.3597533,4.8520691)";4.8520691;52.3597533;
17;"Moestuin";"Tuin van Jan";"Jan Maijenplein 17";"Bestaand";"Tuin";"Buurtbewoners/ Woonstichting de Key";"www.detuinvanjan.nl";"POINT(4.851804,52.3708312)";"POINT(52.3708312,4.851804)";4.851804;52.3708312;
18;"Moestuin";"Hanno Klein Tuin";"Burgemester Vening Meineszlaan";"Bestaand";"Grond, bakken";"Bewoners, Hanno Klein";"http://www.nieuwwest.amsterdam.nl/vrije_tijd_en_sport/groen_en_water/moestuinen-nieuw/";"POINT(4.828295,52.3827941)";"POINT(52.3827941,4.828295)";4.828295;52.3827941;
20;"Moestuin";"De Buurtboomgaard";"Bernard Loderstraat";"Bestaand";"Bakken";"Bewoners";"http://www.nieuwwest.amsterdam.nl/vrije_tijd_en_sport/groen_en_water/moestuinen-nieuw/";"POINT(4.8162849,52.3807913)";"POINT(52.3807913,4.8162849)";4.8162849;52.3807913;
21;"Moestuin";"Moestuin Wijsgerenbuurt";"Parmedinesstraat 51";"Bestaand";"Grond";"Buiten Ruimte Voor Contact, Woningcorporatie Ijmere & buurtbewoners";"http://www.buitenruimtevoorcontact.nl/projecten/moestuin-in-wijsgerenbuurt-amsterdam/";"POINT(4.814275,52.3730933)";"POINT(52.3730933,4.814275)";4.814275;52.3730933;
22;"Moestuin";"Moestuin Suze Robertson";"Suze Robertsonstraat";"Bestaand";"Grond";"Woningcorporatie Eigen Haard";"";"POINT(4.839545,52.3611914)";"POINT(52.3611914,4.839545)";4.839545;52.3611914;
23;"Moestuin";"Reimerswaaltuin 1";"Achter Viveportenstraat  58hs";"Bestaand";"Grond";"moestuingroep Reimerswaal";"";"POINT(4.7912142,52.3610846)";"POINT(52.3610846,4.7912142)";4.7912142;52.3610846;
24;"Moestuin";"Moestuin Sonderbuur";"Sonderbuur";"Bestaand";"Grond";"Bewoners";"";"POINT(4.7989681,52.3641554)";"POINT(52.3641554,4.7989681)";4.7989681;52.3641554;
25;"Moestuin";"De Groene Vaart";"Vrouw & Vaart, President Allendelaan 733";"Bestaand";"Grond";"Stichting Vrouw en Vaart / Groene Ruimte Maken, Annet van Hoorn";"http://www.vrouwenvaart.nl";"POINT(4.8051751,52.3655936)";"POINT(52.3655936,4.8051751)";4.8051751;52.3655936;
26;"Moestuin";"De Kok, de Kweker, zijn Vrouw en hun Buurman";"Lodewijk van Deysselstraat 61";"Bestaand";"Grond, kas";"Stedelijk Museum/ Het Wilde Westen/ Woningcorporatie Rochdale, Nicoline Anbergen";"http://www.stedelijkindestad.nl/projects/in_west";"POINT(4.8141248,52.3772933)";"POINT(52.3772933,4.8141248)";4.8141248;52.3772933;
27;"Moestuin";"ACTA eetbare tuin";"Louwesweg 1";"In uitvoering";"Grond";"Groene Ruimte Maken, Annet van Hoorn";"https://www.facebook.com/ActaTuin?ref=ts&fref=ts";"POINT(4.8263152,52.3462912)";"POINT(52.3462912,4.8263152)";4.8263152;52.3462912;
28;"Moestuin";"Moestuin De Punt";"Stoomgemaalstraat";"Bestaand";"Grond";"Woningcorporatie Ijmere";"http://www.wonenindepunt.nl/?mnid=23&nid=19";"POINT(4.7832048,52.3584944)";"POINT(52.3584944,4.7832048)";4.7832048;52.3584944;
29;"Moestuin";"De Dovenetel";"Johan Ammanhof";"Bestaand";"Grond";"Bewoners, Wijksteunpunt Eigen Haard";"";"POINT(4.8052852,52.3564917)";"POINT(52.3564917,4.8052852)";4.8052852;52.3564917;
30;"Moestuin";"The Rose";"Speelmanstraat";"Bestaand";"Bakken";"Groene Ruimte Maken, Annet van Hoorn";"https://www.facebook.com/BuurtmoestuinTheRose?filter=1";"POINT(4.8300149,52.3786933)";"POINT(52.3786933,4.8300149)";4.8300149;52.3786933;
31;"Moestuin";"Jan Zwanenburghof";"Jan Zwanenburghof";"Bestaand";"Bakken, grond";"Groene Ruimte Maken, Annet van Hoorn";"https://www.facebook.com/pages/Buurtmoestuin-Barakat-Jan-Zwanenburghof/189749834437355?fref=ts";"POINT(4.820615,52.3820922)";"POINT(52.3820922,4.820615)";4.820615;52.3820922;
32;"Moestuin";"Jan Teuniszhof";"Jan Teuniszhof";"Bestaand";"Bakken, grond";"Bewoners, Clea Conijnenberg / Groene Ruimte Maken, Janine Vermeulen";"";"POINT(4.8291318,52.3615347)";"POINT(52.3615347,4.8291318)";4.8291318;52.3615347;
33;"Moestuin";"Dijkgraafplein: De punt";"Dijkgraafplein";"Bestaand";"Bakken";"Bewoners / Groene Ruimte Maken, Annet van Hoorn";"http://groeneruimtemaken.nl/index.php/tuinen/buurtmoestuin-dijkgraafplein/";"POINT(4.7869151,52.3557936)";"POINT(52.3557936,4.7869151)";4.7869151;52.3557936;
34;"Moestuin";"Schoolmoestuin Osdorp";"Troelstralaan 1";"Bestaand";"Grond";"Stadsdeel Nieuw West";"http://www.nieuwwest.amsterdam.nl/vrije_tijd_en_sport/groen_en_water/nme-schooltuinen/schooltuinen-nieuw/osdorptuin/";"POINT(4.8012249,52.3690917)";"POINT(52.3690917,4.8012249)";4.8012249;52.3690917;
35;"Moestuin";"Staalmanplein";"Staalmanplein";"Bestaand";"";"";"";"POINT(4.8325708,52.3506209)";"POINT(52.3506209,4.8325708)";4.8325708;52.3506209;
36;"Moestuin";"Boleniusmoestuin";"George Gershwinlaan 30";"Bestaand";"";"";"www.bolenius-restaurant.nl/bolenius-moestuin";"POINT(4.8729222,52.3359076)";"POINT(52.3359076,4.8729222)";4.8729222;52.3359076;
37;"Kruidentuin";"Kruidentuin Van Tuyllplein";"Achillesstraat 85";"Bestaand";"Grond";"Bewoners / Stichting SOOZ, Marietta De Zorzi";"http://kruidentuin-van-tuyll.jimdo.com/";"POINT(4.8660572,52.3449751)";"POINT(52.3449751,4.8660572)";4.8660572;52.3449751;
38;"Moestuin";"Trompenburg";"Vechtstraat";"Bestaand";"Bakken";"";"";"POINT(4.9068866,52.3438155)";"POINT(52.3438155,4.9068866)";4.9068866;52.3438155;
39;"Moestuin";"dakmoestuin Buurtcentrum De Pijp";"Tweede van der Helststraat 66";"Bestaand";"Grond, kas";"Anna Prins (tuingroep.depijp@combiwel.nl)";"http://www.buurtmoestuin.nl/index.php?option=com_content&view=article&id=18&Itemid=19";"POINT(4.89435,52.350283)";"POINT(52.350283,4.89435)";4.89435;52.350283;
40;"Moestuin";"De Groene Fred";"Frederik Roeskestraat";"Bestaand";"Grond";"Bewoners / De Groene Fred (Vereniging in oprichting)";"http://degroenefred.wordpress.com/";"POINT(4.863065,52.3410803)";"POINT(52.3410803,4.863065)";4.863065;52.3410803;
41;"Moestuin";"Hygiëaplein / De Groene Fred";"Hygiëaplein7";"Bestaand";"Grond";"Bewoners / De Groene Fred (Vereniging in oprichting)";"http://degroenefred.wordpress.com/";"POINT(4.863953,52.347905)";"POINT(52.347905,4.863953)";4.863953;52.347905;
42;"Moestuin";"Zuidpark";"Spaklerweg 52";"Bestaand";"Bakken (daktuin)";"Zuidpark";"http://www.zuidpark.nl/zalen-en-catering/urban-farming-dak/";"POINT(4.922827,52.3311888)";"POINT(52.3311888,4.922827)";4.922827;52.3311888;
43;"Moestuin";"Schoffeltuintjes Transvaal";"Tugelaweg 77";"Bestaand";"Grond";"";"";"POINT(4.9183671,52.3552863)";"POINT(52.3552863,4.9183671)";4.9183671;52.3552863;
44;"Moestuin";"Tugelahuis buurtmoestuin";"Tugelaweg 54";"Bestaand";"Bakken";"";"www.buurtmoestuin.nl/index.php?option=com_content&view=article&id=32&ltemid=35";"POINT(4.9210598,52.3559996)";"POINT(52.3559996,4.9210598)";4.9210598;52.3559996;
45;"Moestuin";"Buurttuin Transvaal (Afrikanerplein)";"Afrikanerplein";"Bestaand";"Grond";"Bewoners";"http://buurttuinentransvaal.wordpress.com/";"POINT(4.9170949,52.3523947)";"POINT(52.3523947,4.9170949)";4.9170949;52.3523947;
46;"Moestuin";"Op de Valreep";"Polderweggebied";"Bestaand";"Bakken";"De Valreep / bewoners";"www.valreeptuin.wordpress.com";"POINT(4.9349091,52.3582465)";"POINT(52.3582465,4.9349091)";4.9349091;52.3582465;
47;"Moestuin";"Postzegelpark Indische Buurt";"Hoek Niasstraat/Soembawastraat";"Bestaand";"Grond";"Stichting Postzegelparken";"http://postzegelpark.wordpress.com/";"POINT(4.9442651,52.3649947)";"POINT(52.3649947,4.9442651)";4.9442651;52.3649947;
48;"Moestuin";"Buurttuin Valentijn";"Hoek Kramatweg/Valentijnkade";"Bestaand";"Grond";"Stichting Postzegelparken";"www.facebook.com/#!/pages/Buurttuin-Valentijn/356971717693491?fref=ts";"POINT(4.9451382,52.3584792)";"POINT(52.3584792,4.9451382)";4.9451382;52.3584792;
50;"Moestuin";"Moes32";"Polygoongracht";"Bestaand";"Bakken";"Bewoners, Priscilla Korver";"https://www.facebook.com/Moes32";"POINT(5.0028608,52.3557097)";"POINT(52.3557097,5.0028608)";5.0028608;52.3557097;
51;"Moestuin";"De Strook";"Van Lohuizenlaan";"Bestaand";"";"";"";"POINT(4.9466021,52.3680998)";"POINT(52.3680998,4.9466021)";4.9466021;52.3680998;
52;"Kinderboerderij";"kinderboerderij Jeugdland";"Valentijnkade 131";"Bestaand";"";"";"www.amsterdam.nl/toerisme-vrije-tijd/jeugdland/kinderboerderij/";"POINT(4.957278,52.3584677)";"POINT(52.3584677,4.957278)";4.957278;52.3584677;
53;"Moestuin";"Tugeltuin";"Tugelaweg 85";"Bestaand";"Grond, bakken";"Tugela85";"http://www.nzow.nl/?page_id=101";"POINT(4.9177949,52.3547942)";"POINT(52.3547942,4.9177949)";4.9177949;52.3547942;
54;"Moestuin";"Oost Indisch Groen";"Insulindeweg";"Bestaand";"Bakken";"";"www.oostindischgroen.nl";"POINT(4.9463179,52.3621909)";"POINT(52.3621909,4.9463179)";4.9463179;52.3621909;
55;"Moestuin";"De Groene Vingers - Amsteldorp actief";"Dulongstraat";"Bestaand";"Grond";"";"www.amsteldorpactief.nl/zorg.php?p=4";"POINT(4.9303658,52.3427245)";"POINT(52.3427245,4.9303658)";4.9303658;52.3427245;
56;"Moestuin";"Sumatraplantsoen";"Sumatraplantsoen";"Bestaand";"";"";"";"POINT(4.9425309,52.3598334)";"POINT(52.3598334,4.9425309)";4.9425309;52.3598334;
57;"Moestuin";"Steigertuintjes";"Barkentijnkade";"Bestaand";"Opgeheven";"Bewoners / Stadsdeel Oost, Ellen Weers";"www.degroenegemeenschap.org/?p=534";"POINT(4.988142,52.363053)";"POINT(52.363053,4.988142)";4.988142;52.363053;
59;"Moestuin";"Op de Schop";"IJburg, kavel 1";"Bestaand";"Grond";"HOTPOT/ De Gezonde Stad/ Buiten Ruimte voor Contact";"www.facebook.com/kavel1opIJburg/";"POINT(4.9887359,52.3595587)";"POINT(52.3595587,4.9887359)";4.9887359;52.3595587;
60;"Moestuin";"Nutstuinenvereniging Reigersbos";"Siebren van der Baanhof 14";"Bestaand";"";"";"";"POINT(4.9900248,52.2975928)";"POINT(52.2975928,4.9900248)";4.9900248;52.2975928;
61;"Moestuin";"Moestuin Evergreen";"Egeldonk 100";"Bestaand";"Grond";"Bewoners vereniging Evergreen, Innet Dunnewind";"www.facebook.com/MoestuinEvergreen/";"POINT(4.9664771,52.3255698)";"POINT(52.3255698,4.9664771)";4.9664771;52.3255698;
62;"Moestuin";"Nutstuinen Holendrecht west";"Anton de Komplein 150";"Bestaand";"Grond";"";"";"POINT(4.9563348,52.3164946)";"POINT(52.3164946,4.9563348)";4.9563348;52.3164946;
63;"Moestuin";"Venserpolder Binnentuin";"Barbusselaan 72";"Bestaand";"Grond";"Eigen Haard";"http://www.amsterdam.nl/@357853/pagina/";"POINT(4.9435151,52.320893)";"POINT(52.320893,4.9435151)";4.9435151;52.320893;
64;"Moestuin";"Nellestein / Liendenhof";"Liendenhof";"Bestaand";"Grond, bakken";"Bewoners vereniging Nellestein";"https://www.bvnellestein.nl/joomla2016/index.php/nutstuinen";"POINT(4.984045,52.3084154)";"POINT(52.3084154,4.984045)";4.984045;52.3084154;
65;"Moestuin";"Nellestein / Leusdenhof";"Leusdenhof";"Bestaand";"Grond";"Bewoners vereniging Nellestein";"https://www.bvnellestein.nl/joomla2016/index.php/nutstuinen";"POINT(4.977596,52.307868)";"POINT(52.307868,4.977596)";4.977596;52.307868;
66;"Moestuin";"Op t Landje";"Lambertus Rimastraat";"Bestaand";"Grond";"Wijktuinieren Zuidoost";"www.facebook.com/wijktuinieren/";"POINT(4.9991019,52.3004843)";"POINT(52.3004843,4.9991019)";4.9991019;52.3004843;
67;"Moestuin";"Buurtmoestuin Kolfschotenstraat";"Kolfschotenstraat 76-94";"In uitvoering";"Grond";"Wijksteunpunt Wonen Zuidoost / Groene Ruimte Maken, Annet van Hoorn / Bewoners";"";"POINT(4.9704249,52.3168723)";"POINT(52.3168723,4.9704249)";4.9704249;52.3168723;
69;"Moestuin";"Open Coop Bite me canteen";"Tolhuisweg 2";"Bestaand";"Bakken";"Cityplot";"www.cityplot.org/open-coop/";"POINT(4.9054062,52.383763)";"POINT(52.383763,4.9054062)";4.9054062;52.383763;
70;"Moestuin";"Voedseltuin IJplein";"IJplein/ Vogelbuurt";"Bestaand";"volle grond";"vereniging voedseltuin IJplein";"www.voedseltuinijplein.nl";"POINT(4.9122169,52.3814704)";"POINT(52.3814704,4.9122169)";4.9122169;52.3814704;
71;"Moestuin";"speeltuin Volenwijck";"Heimansweg 33";"Bestaand";"Grond";"SPIN: Stichting Speeltuinen in Noord";"www.stichting-spin.nl";"POINT(4.9084451,52.3892562)";"POINT(52.3892562,4.9084451)";4.9084451;52.3892562;
74;"Schooltuin";"J. A. Nijkampschooltuin";"Dr. H.Colijnstraat 248";"Bestaand";"";"";"www.amsterdam.nl/onderwijs-jeugd/basisonderwijs/natuur-milieu/nijkampschooltuin/";"POINT(4.8079731,52.3791052)";"POINT(52.3791052,4.8079731)";4.8079731;52.3791052;
75;"Schooltuin";"Ridderbosschooltuin";"Burgemeester de Vlugtlaan 2";"Bestaand";"";"";"www.amsterdam.nl/onderwijs-jeugd/basisonderwijs/natuur-milieu/ridderbosschooltuin/";"POINT(4.8371808,52.3799903)";"POINT(52.3799903,4.8371808)";4.8371808;52.3799903;
76;"Schooltuin";"F. Broekhuijsen-Leeuwis";"J. H. van Heekpad 5";"Bestaand";"";"";"www.amsterdam.nl/onderwijs-jeugd/basisonderwijs/natuur-milieu/broekhuijsen/";"POINT(4.9502499,52.4009024)";"POINT(52.4009024,4.9502499)";4.9502499;52.4009024;
77;"Schooltuin";"N. J. Schaapschooltuin";"Heggerankweg 87";"Bestaand";"";"";"www.amsterdam.nl/onderwijs-jeugd/basisonderwijs/natuur-milieu/schaapschooltuin";"POINT(4.9116619,52.3966338)";"POINT(52.3966338,4.9116619)";4.9116619;52.3966338;
78;"Schooltuin";"Gerrit Kalffschooltuin";"Kruislaan 5";"Bestaand";"";"";"www.amsterdam.nl/onderwijs-jeugd/basisonderwijs/natuur-milieu/gerrit/";"POINT(4.9276249,52.3405997)";"POINT(52.3405997,4.9276249)";4.9276249;52.3405997;
79;"Schooltuin";"H.C. Vinkschooltuin";"Nobelweg 31";"Bestaand";"";"";"www.amsterdam.nl/onderwijs-jeugd/basisonderwijs/natuur-milieu/vinkschooltuin/";"POINT(4.9284608,52.3500792)";"POINT(52.3500792,4.9284608)";4.9284608;52.3500792;
80;"Schooltuin";"Osdorpschooltuin";"Troelstralaan 1";"Bestaand";"";"";"www.amsterdam.nl/onderwijs-jeugd/basisonderwijs/natuur-milieu/osdorpschooltuin/";"POINT(4.8010542,52.3696028)";"POINT(52.3696028,4.8010542)";4.8010542;52.3696028;
81;"Schooltuin";"Jan Tooropschooltuin";"Willem van Konijnenburgstraat 10";"Bestaand";"";"";"www.amsterdam.nl/onderwijs-jeugd/basisonderwijs/natuur-milieu/jan-tooropschooltuin/";"POINT(4.8348792,52.3613593)";"POINT(52.3613593,4.8348792)";4.8348792;52.3613593;
82;"Schooltuin";"Jan P. van Blijdestijnschooltuin";"Staalmeesterslaan 435";"Bestaand";"";"";"www.amsterdam.nl/onderwijs-jeugd/basisonderwijs/natuur-milieu/jan/";"POINT(4.8463032,52.3683783)";"POINT(52.3683783,4.8463032)";4.8463032;52.3683783;
83;"Schooltuin";"Schooltuin Mr. A. de Roos";"Overbrakerpad 2-4";"Bestaand";"";"";"www.amsterdam.nl/onderwijs-jeugd/basisonderwijs/natuur-milieu/mr-roosschooltuin/";"POINT(4.8643959,52.3871466)";"POINT(52.3871466,4.8643959)";4.8643959;52.3871466;
84;"Moestuin";"Green Living Lab";"Gustav Mahlerlaan 3005";"Bestaand";"";"";"www.greenlivinglab.org";"POINT(4.8625491,52.3356101)";"POINT(52.3356101,4.8625491)";4.8625491;52.3356101;
85;"Schooltuin";"Gaasperdamschooltuin";"Meerkerkdreef 33";"Bestaand";"";"";"www.amsterdam.nl/onderwijs-jeugd/basisonderwijs/natuur-milieu/gaasperdamschooltuin/";"POINT(4.9721658,52.3057868)";"POINT(52.3057868,4.9721658)";4.9721658;52.3057868;
86;"Schooltuin";"Adalbert Wagnerschooltuin";"Provinciale weg 53";"Bestaand";"";"";"www.amsterdam.nl/onderwijs-jeugd/basisonderwijs/natuur-milieu/adalbert/";"POINT(4.9892328,52.3269927)";"POINT(52.3269927,4.9892328)";4.9892328;52.3269927;
87;"Kinderboerderij";"Kinderboerderij de Pijp";"Lizzy Ansinghstraat 82";"Bestaand";"";"";"www.kinderboerderijdepijp.nl";"POINT(4.8928931,52.3492781)";"POINT(52.3492781,4.8928931)";4.8928931;52.3492781;
88;"Kinderboerderij";"Nieuw Bos en Lommer";"Wachterliedplantsoen 1";"Bestaand";"";"";"www.kinderboerderijnbl.wordpress.com";"POINT(4.854234,52.3775488)";"POINT(52.3775488,4.854234)";4.854234;52.3775488;
89;"Kinderboerderij";"Westerpark";"Overbrakerpad 10";"Bestaand";"";"";"www.kinderboerderijwesterpark.nl";"POINT(4.8653529,52.3873679)";"POINT(52.3873679,4.8653529)";4.8653529;52.3873679;
90;"Kinderboerderij";"kinderboerderij De Werf";"Archimedeslaan 59";"Bestaand";"";"";"www.kinderboerderij-de-werf.nl";"POINT(4.9451048,52.353913)";"POINT(52.353913,4.9451048)";4.9451048;52.353913;
91;"Stadsboerderij";"Stadsboerderij Osdorp";"Botteskerksingel 30B";"Bestaand";"";"";"www.stadsboerderijosdorp.nl";"POINT(4.7911742,52.3591162)";"POINT(52.3591162,4.7911742)";4.7911742;52.3591162;
92;"Kinderboerderij";"De Uylenburg";"Staalmeesterslaan 420";"Bestaand";"";"";"www.kinderboerderij-uylenburg.nl";"POINT(4.8446958,52.3673407)";"POINT(52.3673407,4.8446958)";4.8446958;52.3673407;
94;"Kinderboerderij";"Kinderboerderij het Dierendok";"Tegenhouderstraat 92";"Bestaand";"";"";"www.cordaan.nl/locatie/dierendok";"POINT(4.8965452,52.4062811)";"POINT(52.4062811,4.8965452)";4.8965452;52.4062811;
95;"Kinderboerderij";"Kinderboerderij t Brinkie";"Meerkerkdreef 27";"Bestaand";"";"";"www.kinderboerderijbrinkie.nl";"POINT(4.976618,52.3015944)";"POINT(52.3015944,4.976618)";4.976618;52.3015944;
96;"Kinderboerderij";"Kinderboerderij Bijlmerweide";"Provincialeweg 46a";"Bestaand";"";"";"www.bijlmerweide.nl";"POINT(4.9911759,52.3235671)";"POINT(52.3235671,4.9911759)";4.9911759;52.3235671;
97;"Kinderboerderij";"Kinderboerderij Gliphoeve";"Geldershoofd 79";"Bestaand";"";"";"www.kinderboerderijgliphoeve.nl";"POINT(4.9707048,52.3230101)";"POINT(52.3230101,4.9707048)";4.9707048;52.3230101;
98;"Kinderboerderij";"De Dierencapel";"Bickersgracht 207";"Bestaand";"";"";"www.dedierencapel.nl";"POINT(4.888726,52.3858687)";"POINT(52.3858687,4.888726)";4.888726;52.3858687;
99;"Kinderboerderij";"Amstelpark kinderboerderij";"Amstelpark 18";"Bestaand";"";"";"www.speeltuin-amstelpark.nl/stadsboerderij";"POINT(4.8950441,52.332936)";"POINT(52.332936,4.8950441)";4.8950441;52.332936;
100;"Kinderboerderij";"Zimmerhoeve";"Schimmelstraat 44";"Bestaand";"";"";"www.zimmerhoeve.nl";"POINT(4.8643529,52.3687674)";"POINT(52.3687674,4.8643529)";4.8643529;52.3687674;
102;"Kinderboerderij";"De Buurtboerderij";"Spaarndammerdijk 319";"Bestaand";"";"";"www.buurtboerderij.nl";"POINT(4.8605578,52.390866)";"POINT(52.390866,4.8605578)";4.8605578;52.390866;
103;"Kinderboerderij";"Sloterpark";"President Allendelaan 2";"Bestaand";"";"";"www.facebook.com/sloterparkkinderboerderij/";"POINT(4.8134501,52.3713576)";"POINT(52.3713576,4.8134501)";4.8134501;52.3713576;
104;"Kinderboerderij";"De strohalm";"Cort van der Lindenkade 5";"Bestaand";"";"";"www.facebook.com/pages/kinderboerderij-de-strohalm/423887567621362";"POINT(4.7929718,52.3755347)";"POINT(52.3755347,4.7929718)";4.7929718;52.3755347;
105;"Kinderboerderij";"Dierenpark De Buiktuin";"Noordhollandschkanaaldijk 19";"Bestaand";"";"";"www.kinderboerderijdebuiktuin.com";"POINT(4.9228098,52.4020583)";"POINT(52.4020583,4.9228098)";4.9228098;52.4020583;
106;"Kinderboerderij";"kinderboerderij De Bokkesprong";"Heggerankweg 87a";"Bestaand";"";"";"www.facebook.com/deBokkesprongAmsterdam/";"POINT(4.9122922,52.396485)";"POINT(52.396485,4.9122922)";4.9122922;52.396485;
107;"Kruidentuin";"Botanische Tuin Zuidas";"Van der Boechorststraat 8";"Bestaand";"";"";"www.botanischetuinzuidas.nl";"POINT(4.860676,52.332646)";"POINT(52.332646,4.860676)";4.860676;52.332646;
108;"Kruidentuin";"Slatuinen";"Slatuinenweg 45";"Bestaand";"";"";"http://www.natuurtuin-slatuinen.nl/";"POINT(4.8628948,52.3700911)";"POINT(52.3700911,4.8628948)";4.8628948;52.3700911;
109;"Kruidentuin";"Natuurtuin De Wiedijk";"S. F. van Oss-straat 1";"Bestaand";"";"";"www.stichtingoase.nl/natuurtuin-de-wiedijk";"POINT(4.8172409,52.3569075)";"POINT(52.3569075,4.8172409)";4.8172409;52.3569075;
110;"Kruidentuin";"Hortus Botanicus";"Plantage Middenlaan 2A, Plantage Parklaan 1A";"Bestaand";"";"";"http://dehortus.nl/";"POINT(4.9068949,52.3667914)";"POINT(52.3667914,4.9068949)";4.9068949;52.3667914;
111;"Kruidentuin";"Medicinale kruidentuin Sloterplas";"";"Bestaand";"";"";"";"POINT(4.8151548,52.3716933)";"POINT(52.3716933,4.8151548)";4.8151548;52.3716933;
112;"Kruidentuin";"De Artsenijhof";"";"Bestaand";"";"";"www.vriendenbeatrixpark.nl/homepage/beatrixpark/artsenijhof/";"POINT(4.8849752,52.3430792)";"POINT(52.3430792,4.8849752)";4.8849752;52.3430792;
113;"Kruidentuin";"Activiteitencentrum Rumah Kami";"Makassarplein 1";"Bestaand";"";"";"";"POINT(4.941704,52.3642394)";"POINT(52.3642394,4.941704)";4.941704;52.3642394;
115;"Stadsboerderij";"Kwekerij Osdorp";"Osdorperweg 937";"Bestaand";"";"";"www.kwekerijosdorp.nl";"POINT(4.7614,52.3768927)";"POINT(52.3768927,4.7614)";4.7614;52.3768927;
118;"Moestuin";"Bellamytuin";"Hoek Bilderdijkkade / Kwakersstraat";"Bestaand";"Bakken";"Stichting Stadsboeren";"http://www.stadsboeren.org/";"POINT(4.8687942,52.3686225)";"POINT(52.3686225,4.8687942)";4.8687942;52.3686225;
119;"Moestuin";"speeltuin Diereneiland";"Molenwijk 11";"Bestaand";"Grond";"SPIN: Stichting Speeltuinen in Noord ";"http://www.stichting-spin.nl/diereneiland.html";"POINT(4.8932979,52.4180152)";"POINT(52.4180152,4.8932979)";4.8932979;52.4180152;
121;"Moestuin";"Reimerswaalbuurt";"";"Bestaand";"";"";"";"POINT(4.7922108,52.3608634)";"POINT(52.3608634,4.7922108)";4.7922108;52.3608634;
122;"Moestuin";"Foodscape Wildeman";"Notweg 32";"Bestaand";"bakken";"Urbaniahoeve";"www.urbaniahoeve.nl/project-locaties/";"POINT(4.8006551,52.3634993)";"POINT(52.3634993,4.8006551)";4.8006551;52.3634993;
123;"Moestuin";"Klarenburg";"";"In uitvoering";"";"";"";"POINT(4.8020818,52.3631407)";"POINT(52.3631407,4.8020818)";4.8020818;52.3631407;
124;"Moestuin";"Blomwijckerpad";"";"Bestaand";"";"";"";"POINT(4.799185,52.3600546)";"POINT(52.3600546,4.799185)";4.799185;52.3600546;
125;"Stadsboerderij";"Noord oogst";"Meteorenweg 272";"Bestaand";"";"";"www.noordoogst.org";"POINT(4.8743508,52.4197013)";"POINT(52.4197013,4.8743508)";4.8743508;52.4197013;
126;"Kruidentuin";"Beecare";"Van Beuningenplein";"Bestaand";"";"Blindpainters Foundation";"www.facebook.com/BeeCareAmsterdam";"POINT(4.8703921,52.3811652)";"POINT(52.3811652,4.8703921)";4.8703921;52.3811652;
128;"Moestuin";"Plan van Gool";"";"Bestaand";"";"";"";"POINT(4.9368999,52.3972518)";"POINT(52.3972518,4.9368999)";4.9368999;52.3972518;
129;"Moestuin";"speeltuin De Speelvogel";"Sijsjesstraat 1";"Bestaand";"";"SPIN - stichting speeltuinen in Noord";"www.stichting-spin.nl";"POINT(4.9169309,52.3862044)";"POINT(52.3862044,4.9169309)";4.9169309;52.3862044;
130;"Schooltuin";"Schooltuin basisschool Elzenhagen";"N. Landsdorpstraat 2";"Bestaand";"";"";"www.abbs-elzenhagen.nl";"POINT(4.9299529,52.4049841)";"POINT(52.4049841,4.9299529)";4.9299529;52.4049841;
132;"Moestuin";"Buurttuin de Parlevinker";"Parlevinkerpad";"Bestaand";"";"Combiwel";"";"POINT(4.920088,52.4090354)";"POINT(52.4090354,4.920088)";4.920088;52.4090354;
134;"Kruidentuin";"River of Herbs";"Spuistraat - diverse locaties in de stad";"Bestaand";"";"Lynn Shore";"www.riverofherbs.org";"POINT(4.8890059,52.3702742)";"POINT(52.3702742,4.8890059)";4.8890059;52.3702742;
135;"Moestuin";"Groene Vingers";"D-buurt, Strandvlietpad";"Bestaand";"";"Annemarie Tiebosch";"";"POINT(4.956641,52.3210646)";"POINT(52.3210646,4.956641)";4.956641;52.3210646;
138;"Moestuin";"Tuinierdersvereniging de Egelantier";"Groenhoven";"Bestaand";"";"";"www.vvegroenhoven.nl";"POINT(4.9760129,52.3266532)";"POINT(52.3266532,4.9760129)";4.9760129;52.3266532;
139;"Stadsboerderij";"De Boterbloem";"Lutkemeerweg 262";"Bestaand";"";"";"www.deboterbloemamsterdam.nl";"POINT(4.7672131,52.3597266)";"POINT(52.3597266,4.7672131)";4.7672131;52.3597266;
140;"Moestuin";"Dijkgraafplein";"Dijkgraafplein";"In uitvoering";"moestuin en schoolwerktuin";"Jaap de Jong";"www.degezondestad.org/laatste-nieuws/op-de-schop";"POINT(4.7874048,52.3559043)";"POINT(52.3559043,4.7874048)";4.7874048;52.3559043;
141;"Moestuin";"Natuurspeelterrein Puur Natuur Tuin";"Kometensingel";"Bestaand";"moestuinen en fruitbomen";"";"www.puurnatuurtuin.nl";"POINT(4.8933408,52.415486)";"POINT(52.415486,4.8933408)";4.8933408;52.415486;
142;"Moestuin";"Natuurtuin t Schouw";"Th. Weeversweg";"Bestaand";"";"Stichting Wortelen in je buurt";"www.worteleninjebuurt.nl";"POINT(4.943445,52.3973433)";"POINT(52.3973433,4.943445)";4.943445;52.3973433;
143;"Moestuin";"Makassarplein";"Makassarplein";"Bestaand";"herinrichting plein inclusief moestuinen";"";"";"POINT(4.9411061,52.3647696)";"POINT(52.3647696,4.9411061)";4.9411061;52.3647696;
144;"Moestuin";"Wibauttuin";"hoek Wibautstraat - Platanenweg";"Bestaand";"";"Vereniging Vrienden van het Wibautplantsoen";"www.wibauttuin.nl";"POINT(4.9134262,52.3533827)";"POINT(52.3533827,4.9134262)";4.9134262;52.3533827;
145;"Moestuin";"moestuintjes kavel 13a";"Tussen Daguerrestraat en Cineackade";"Bestaand";"Bakken";"";"";"POINT(4.9936979,52.3593909)";"POINT(52.3593909,4.9936979)";4.9936979;52.3593909;
146;"Moestuin";"De Hoftuin";"Nieuwe Herengracht 18";"Bestaand";"";"restaurant de Hoftuin";"www.hoftuin.com";"POINT(4.904403,52.365605)";"POINT(52.365605,4.904403)";4.904403;52.365605;
147;"Moestuin";"Abbenesstraat";"Abbenesstraat";"Bestaand";"";"david@nmtzuid.nl";"";"POINT(4.846703,52.348147)";"POINT(52.348147,4.846703)";4.846703;52.348147;
148;"Moestuin";"Buurtmoestuin de Brecht";"Berthold Brechtstraat 655";"Bestaand";"";"Volksbond - Naomi Appelhof";"www.volksbond.nl/eigen-oogst-uit-moestuin-de-brecht/";"POINT(4.945328,52.3165442)";"POINT(52.3165442,4.945328)";4.945328;52.3165442;
149;"Moestuin";"Dappertuin";"Pieter Nieuwlandstraat tussen nr 72 en 88";"Bestaand";"bakken met groenten, kruiden en bloemen";"Dorette Evers";"www.facebook.com/dappertuin";"POINT(4.929364,52.36192)";"POINT(52.36192,4.929364)";4.929364;52.36192;
150;"Kruidentuin";"Bijeneiland";"Erasmuspark";"Bestaand";"";"Jan Willem van den Heuvel / Oscar Vrij";"www.facebook.com/bijeneiland";"POINT(4.8492348,52.374932)";"POINT(52.374932,4.8492348)";4.8492348;52.374932;
151;"Moestuin";"Moeskimus";"Wachterliedplantsoen";"Bestaand";"";"";"www.facebook.com/moeskimus";"POINT(4.8531668,52.3773772)";"POINT(52.3773772,4.8531668)";4.8531668;52.3773772;
152;"Moestuin";"Stadstuin Bos en Lommer";"Bos en Lommerplantsoen 1";"Bestaand";"";"";"www.stadstuinbosenlommer.nl";"POINT(4.845617,52.3767859)";"POINT(52.3767859,4.845617)";4.845617;52.3767859;
154;"Moestuin";"Moestuin Binnenpret";"tussen Sparrenweg, Iepenweg, 1e en 2e oosterparkstraat";"Bestaand";"";"Vereniging Binnenpret";"https://sites.google.com/site/moestuinbinnenpret/";"POINT(4.9151022,52.3570525)";"POINT(52.3570525,4.9151022)";4.9151022;52.3570525;
155;"Stadsboerderij";"Fruittuin van West";"Tom Schreursweg 48";"Bestaand";"Boomgaard";"Wil en Lisan Sturkenboom";"www.fruittuinvanwest.nl";"POINT(4.7732208,52.3819319)";"POINT(52.3819319,4.7732208)";4.7732208;52.3819319;
156;"Stadsboerderij";"MijnStadstuin";"Nico Broekhuysenweg 22";"Bestaand";"moestuinen / ondernemers";"";"http://www.mijnstadstuin.nl/";"POINT(4.7716329,52.3800704)";"POINT(52.3800704,4.7716329)";4.7716329;52.3800704;
157;"Moestuin";"Stadslandbouw Tuinen van West";"";"Bestaand";"Tuinbouw, moestuinen, boomgaard, zelfplukken openb";"";"www.nieuwwest.amsterdam.nl/vrije_tijd_en_sport/groen_en_water/tuinen_van_west/artikelen_tuinen_van/stadslandbouw-tuinen/";"POINT(4.7787998,52.3786055)";"POINT(52.3786055,4.7787998)";4.7787998;52.3786055;
159;"Stadsboerderij";"Boerderij de Stadshoeve";"Zunderdorpergouw 29";"Bestaand";"Boerderij/landbouw";"Albert en Angela Hoeve";"https://nl-nl.facebook.com/Stadshoeve";"POINT(4.9609859,52.4034926)";"POINT(52.4034926,4.9609859)";4.9609859;52.4034926;
160;"Stadsboerderij";"Zorgboerderij Ons Verlangen";"Broekergouw 8";"Bestaand";"";"Familie Disseldorp";"www.zorgboerderijamsterdam.com";"POINT(4.9792149,52.4159476)";"POINT(52.4159476,4.9792149)";4.9792149;52.4159476;
161;"Moestuin";"Weesperzijdetuin";"Weesperzijde t.o. 57";"In uitvoering";"";"";"www.weesperzijdetuin.nl";"POINT(4.9080722,52.3546454)";"POINT(52.3546454,4.9080722)";4.9080722;52.3546454;
162;"Moestuin";"Ontkiem West";"van Karnebeekstraat 47";"Bestaand";"Volle grond";"";"www.ontkiemwest.nl";"POINT(4.7973711,52.3748633)";"POINT(52.3748633,4.7973711)";4.7973711;52.3748633;
163;"Kruidentuin";"Buurttuintje Spreeuwenpark";"Spreeuwenpark";"Bestaand";"kruidentuinen";"Henk en Jolanda Vester / Cordaan";"";"POINT(4.9136188,52.3839423)";"POINT(52.3839423,4.9136188)";4.9136188;52.3839423;
164;"Moestuin";"Binnentuin Cordaan";"Kijkduinstraat 17";"Bestaand";" ";"Cordaan";"www.centrumkijkduin.com/tuin";"POINT(4.8545349,52.3814665)";"POINT(52.3814665,4.8545349)";4.8545349;52.3814665;
165;"Stadsboerderij";"De Breedijk Hoeve";"Bloemendalergouw 37";"Bestaand";"Zorgboerderij";"Ingrid Breedijk";"www.zorgboeren.nl/de_breedijk_hoeve/";"POINT(5.0034888,52.3968665)";"POINT(52.3968665,5.0034888)";5.0034888;52.3968665;
166;"Kruidentuin";"Kruidenpluktuin 1e Weteringplantsoen";"1e Weteringplantsoen";"Bestaand";"vollegrond";"";"";"POINT(4.8885138,52.3599173)";"POINT(52.3599173,4.8885138)";4.8885138;52.3599173;
167;"Moestuin";"Bickeltuin";"Bickersgracht tegenover 200";"Bestaand";"bakken voor moestuin, bloementuin";"";"www.facebook.com/bickeltuin";"POINT(4.8887012,52.3856665)";"POINT(52.3856665,4.8887012)";4.8887012;52.3856665;
180;"Moestuin";"Anna s tuin";"Science Park thv 912";"Bestaand";"";"";"www.annastuin.blogspot.com";"POINT(4.9580581,52.3533942)";"POINT(52.3533942,4.9580581)";4.9580581;52.3533942;
185;"Voedselcooperatie";"Foodcoop";"Admiraal de Ruijterweg 150";"Bestaand";"";"";"www.foodcoopamsterdam.nl";"POINT(4.8590949,52.3741461)";"POINT(52.3741461,4.8590949)";4.8590949;52.3741461;
186;"Voedselcooperatie";"Zuidermrkt";"Jacob Obrechtstraat kruising Johan Verhulststraat";"Bestaand";"";"";"www.zuidermrkt.nl";"POINT(4.874491,52.3572737)";"POINT(52.3572737,4.874491)";4.874491;52.3572737;
187;"Voedselcooperatie";"Vokomokum";"Plantage Doklaan 8";"Bestaand";"";"";"www.vokomokum.nl";"POINT(4.9112799,52.36855)";"POINT(52.36855,4.9112799)";4.9112799;52.36855;
188;"Voedselcooperatie";"Foodcoop Noord";"Tolhuisweg 2";"Bestaand";"";"";"www.foodcoopnoord.nl";"POINT(4.9058402,52.3841178)";"POINT(52.3841178,4.9058402)";4.9058402;52.3841178;
189;"Moestuin";"Proeftuin De Luwte";"G.J. Scheurleerweg 6";"Bestaand";"Grond en bakken";"";"www.facebook.com/proeftuindeluwte";"POINT(4.9289181,52.4021117)";"POINT(52.4021117,4.9289181)";4.9289181;52.4021117;
190;"Moestuin";"Soeptuin Bredius";"Zaanstraat tegenover 330";"Bestaand";"";"";"www.soeptuinen.nl/soeptuin-bredius";"POINT(4.8708212,52.3915297)";"POINT(52.3915297,4.8708212)";4.8708212;52.3915297;
192;"Moestuin";"St. Janschool";"Kortenaerstraat 30";"Bestaand";"Verticaal";"";"www.natuuropjemuur.nl/tag/amsterdam";"POINT(4.8621151,52.3695876)";"POINT(52.3695876,4.8621151)";4.8621151;52.3695876;
193;"Moestuin";"15e Montessorischool Maas en Waal";"UIterwaardenstraat 544";"Bestaand";"verticaal";"";"www.natuuropjemuur.nl/tag/amsterdam";"POINT(4.9002511,52.3433692)";"POINT(52.3433692,4.9002511)";4.9002511;52.3433692;
195;"Voedselbos";"DemoTuinNoord";"Berberisstraat 16";"Bestaand";"Bakken";"Urbaniahoeve";"www.urbaniahoeve.nl/project-locaties/";"POINT(4.9156468,52.3930251)";"POINT(52.3930251,4.9156468)";4.9156468;52.3930251;
196;"Moestuin";"Kwekerij 50/50 Green";"Heggerankweg 87";"Bestaand";"";"Leger des Heils";"www.facebook.com/greenamsterdamnoord/";"POINT(4.9123099,52.3959433)";"POINT(52.3959433,4.9123099)";4.9123099;52.3959433;
197;"Stadsboerderij";"Plantagelab & The Farming society";"Wiltzanglaan 60";"Bestaand";"";"Luca van der Putten";"www.facebook.com/plantageLab-1427884267484023/";"POINT(4.843538,52.3825347)";"POINT(52.3825347,4.843538)";4.843538;52.3825347;
198;"Moestuin";"Ubuntu stadstuin Zuidoost";"Meibergdreef";"Bestaand";"";"Annet van Hoorn";"www.ubuntustadstuin.nl";"POINT(4.9585731,52.2985121)";"POINT(52.2985121,4.9585731)";4.9585731;52.2985121;
199;"Moestuin";"RAI Amtrium verticale kas";"Europaboulevard";"Bestaand";"kas";"RAI";"www.rai.nl/nl/rai-amsterdam/nieuwsbericht/verticale-kas-in-rai-amtrium-representeert-de-duurzame-bedrijfsvoering-van-rai-amsterdam/";"POINT(4.8902509,52.3435256)";"POINT(52.3435256,4.8902509)";4.8902509;52.3435256;
200;"Kruidentuin";"natuurterrein De Riethoek";"Reigersbospad";"Bestaand";"natuurtuin met kleine boomgaard met hoogstamfruitb";"stichting Oase";"www.stichtingoase.nl/natuurterrein-de-riethoek";"POINT(4.9741409,52.3041312)";"POINT(52.3041312,4.9741409)";4.9741409;52.3041312;
201;"Schooltuin";"Aemstel schooltuin";"Kalfjeslaan 28";"Bestaand";"";"";"www.amsterdam.nl/onderwijs-jeugd/basisonderwijs/natuur-milieu/aemstel-schooltuin/";"POINT(4.8923008,52.323033)";"POINT(52.323033,4.8923008)";4.8923008;52.323033;
202;"Kinderboerderij";"Het Diereneiland kinderboerderij en natuurspeeltuin";"Molenwijk 11";"Bestaand";"";"";"www.hetdiereneiland.nl";"POINT(4.8873708,52.4166266)";"POINT(52.4166266,4.8873708)";4.8873708;52.4166266;
204;"Moestuin";"Jeugdland";"Valentijnkade 131";"Bestaand";"";"";"www.facebook.com/jeugdland.oost?group_id=0";"POINT(4.955929,52.3587882)";"POINT(52.3587882,4.955929)";4.955929;52.3587882;
205;"Kinderboerderij";"Boerderij op IJburg";"Zandzeggestraat 5";"Bestaand";"";"";"www.boerderijopijburg.nl";"POINT(5.0044758,52.3451315)";"POINT(52.3451315,5.0044758)";5.0044758;52.3451315;
206;"Moestuin";"Hof van Acta";"Louwesweg 1";"Bestaand";"";"";"www.facebook.com/hofvanacta/";"POINT(4.8259008,52.34607)";"POINT(52.34607,4.8259008)";4.8259008;52.34607;
207;"Moestuin";"Daktuin B.Amsterdam";"Johan Huizingalaan 763a";"Bestaand";"";"";"www.growndowntown.com/project/groentedak-b-amsterdam-2-0/";"POINT(4.8290708,52.3432585)";"POINT(52.3432585,4.8290708)";4.8290708;52.3432585;
208;"Moestuin";"Nieuw en Meer";"Oude Haagseweg 51";"Bestaand";"permacultuur";"";"www.nieuwenmeer.nl/moestuinen/";"POINT(4.8100331,52.3310439)";"POINT(52.3310439,4.8100331)";4.8100331;52.3310439;
211;"Stadsboerderij";"geitenboerderij Ridammerhoeve";"Nieuwe Meerlaan 4, Amstelveen";"Bestaand";"";"";"www.geitenboerderij.nl";"POINT(4.824199,52.3132292)";"POINT(52.3132292,4.824199)";4.824199;52.3132292;
212;"Stadsboerderij";"tuinderij Wim Bijma";"Osdorperweg 943";"Bestaand";"";"";"www.wimbijma.com";"POINT(4.7600682,52.3797309)";"POINT(52.3797309,4.7600682)";4.7600682;52.3797309;
213;"Moestuin";"moestuin Gouden Leeuw";"";"Bestaand";"";"";"";"POINT(4.9727452,52.3255774)";"POINT(52.3255774,4.9727452)";4.9727452;52.3255774;
214;"Moestuin";"moestuin Geldershoofd";"";"Bestaand";"";"";"";"POINT(4.9691031,52.3245551)";"POINT(52.3245551,4.9691031)";4.9691031;52.3245551;
215;"Moestuin";"Bolenius moestuin";"George Gershwinlaan 30";"Bestaand";"";"";"www.bolenius-restaurant.nl/bolenius-moestuin";"POINT(4.8734291,52.3361441)";"POINT(52.3361441,4.8734291)";4.8734291;52.3361441;
216;"Moestuin";"Biljoen moestuin";"Biljoen 1081";"Bestaand";"plantoen / plantenbakken";"Odile Gerver";"";"POINT(4.8654785,52.3313067)";"POINT(52.3313067,4.8654785)";4.8654785;52.3313067;
217;"Moestuin";"Appelbomen binnentuin";"Saffierstraat 59";"Bestaand";"";"Peter van Maaren ";"";"POINT(4.9077072,52.3518658)";"POINT(52.3518658,4.9077072)";4.9077072;52.3518658;
218;"Moestuin";"buurtmoestuin Albardagracht";"Albardagracht";"Bestaand";"";"";"";"POINT(4.805971,52.3809037)";"POINT(52.3809037,4.805971)";4.805971;52.3809037;
219;"Moestuin";"Mengelmoestuin";"Jan Voermanstraat";"Bestaand";"";"";"";"POINT(4.8385384,52.3688061)";"POINT(52.3688061,4.8385384)";4.8385384;52.3688061;
220;"Moestuin";"Moestuinbakken Uiterwaardenstraat";"Uiterwaardenstraat";"Bestaand";"bakken";"Spinoza020firstschool";"";"POINT(4.9039843,52.3429099)";"POINT(52.3429099,4.9039843)";4.9039843;52.3429099;
221;"Moestuin";"Moestuinbakken de Mirandalaan/Peelstraat";"De Mirandalaan 88";"Bestaand";"";"anna@nmtzuid.nl";"";"POINT(4.9011841,52.3391146)";"POINT(52.3391146,4.9011841)";4.9011841;52.3391146;
222;"Moestuin";"Buurttuin Sonneveldje";"Kastelenstraat 243";"Bestaand";"";"david@nmtzuid.nl";"";"POINT(4.8721518,52.3255236)";"POINT(52.3255236,4.8721518)";4.8721518;52.3255236;
223;"Moestuin";"Buurtmoestuin Soetendaal";"Soetendaal 1";"Bestaand";"";"";"";"POINT(4.8631396,52.327294)";"POINT(52.327294,4.8631396)";4.8631396;52.327294;
224;"Moestuin";"buurtmoestuin Wedderborg";"Wedderborg 41";"Bestaand";"";"";"";"POINT(4.8728787,52.3341061)";"POINT(52.3341061,4.8728787)";4.8728787;52.3341061;
225;"Moestuin";"Zuidmoes";"";"Bestaand";"";"";"www.facebook.com/pages/Zuidmoes/1562340764026567";"POINT(4.8630001,52.3355812)";"POINT(52.3355812,4.8630001)";4.8630001;52.3355812;
226;"Moestuin";"Buurtmoestuin Herculesstraat";"Olympiaplein 50";"Bestaand";"";"coordinator@odensehuis.nl";"";"POINT(4.8645236,52.3491821)";"POINT(52.3491821,4.8645236)";4.8645236;52.3491821;
227;"Moestuin";"Olympiatuin in oprichting";"";"Bestaand";"";"david@nmtzuid.nl";"";"POINT(4.8658111,52.3498703)";"POINT(52.3498703,4.8658111)";4.8658111;52.3498703;
228;"Moestuin";"Buurtmoestuin Rijnsburgstraat";"";"Bestaand";"";"david@nmtzuid.nl";"";"POINT(4.8490419,52.3474782)";"POINT(52.3474782,4.8490419)";4.8490419;52.3474782;
229;"Moestuin";"buurtmoestuin Sassenheimstraat";"";"Bestaand";"";"tuin.sassenheimstraat@gmail.com";"";"POINT(4.8470625,52.348789)";"POINT(52.348789,4.8470625)";4.8470625;52.348789;
230;"Moestuin";"Spijteltuin";"t.o. Anthony Fokkerweg 1";"Bestaand";"";"";"";"POINT(4.8451956,52.3456168)";"POINT(52.3456168,4.8451956)";4.8451956;52.3456168;
231;"Stadsboerderij";"boerderij Klarenbeek";"Ouderkerkerdijk 225";"Bestaand";"";"Cordaan";"www.boerderijklarenbeek.nl";"POINT(4.8986252,52.3222958)";"POINT(52.3222958,4.8986252)";4.8986252;52.3222958;
232;"Moestuin";"Nellestein / Leksmondhof";"Leksmondhof";"Bestaand";"Grond";"bewonersvereniging Nellestein";"https://www.bvnellestein.nl/joomla2016/index.php/nutstuinen";"POINT(4.9814036,52.3097442)";"POINT(52.3097442,4.9814036)";4.9814036;52.3097442;
233;"Moestuin";"Nellesteing / Leerdamhof";"Leerdamhof";"Bestaand";"Grond";"bewonersvereniging Nellestein";"https://www.bvnellestein.nl/joomla2016/index.php/nutstuinen";"POINT(4.9784692,52.3059313)";"POINT(52.3059313,4.9784692)";4.9784692;52.3059313;
235;"Vertical farming";"Growx";"Keienbergweg 26";"Bestaand";"Vierlaags LEDverlicht hydroponics-systeem";"";"www.growx.co";"POINT(4.9346527,52.3092752)";"POINT(52.3092752,4.9346527)";4.9346527;52.3092752;
236;"Vertical farming";"De Ceuvel";"Korte Papaverweg 2-6";"Bestaand";"Aquaponics";"";"http://deceuvel.nl/en/about/sustainable-technology/";"POINT(4.9102821,52.3934825)";"POINT(52.3934825,4.9102821)";4.9102821;52.3934825;
237;"Vertical farming";"Amstelside hotel";"Amstelvlietstraat 2";"In uitvoering";"Kas met aquaponics en hydroponics";"";"http://www.havecon.com/nl/nieuws/1456-kas-op-hotel-amstelside-krijgt-vorm";"POINT(4.9208929,52.3384263)";"POINT(52.3384263,4.9208929)";4.9208929;52.3384263;
238;"Vertical farming";"GRO";"Nieuwe Hemweg 2";"Bestaand";"oesterzwammen op koffiedik";"";"http://www.gro-holland.com/";"POINT(4.8680427,52.3940718)";"POINT(52.3940718,4.8680427)";4.8680427;52.3940718;
239;"Vertical farming";"Containing mushrooms";"Nico Broekhuysenweg";"Bestaand";"paddestoelen op koffieresidu";"";"http://www.containingmushrooms.nl/";"POINT(4.7713716,52.3809456)";"POINT(52.3809456,4.7713716)";4.7713716;52.3809456;
240;"Kruidentuin";"Amstelglorie";"Jan Vroegopsingel 7";"Bestaand";"";"";"http://www.amstelglorie.nl/01122014/kruidentuin/";"POINT(4.9082329,52.3333391)";"POINT(52.3333391,4.9082329)";4.9082329;52.3333391;
241;"Moestuin";"Moestuinvereniging Proefeiland";"Barkentijnkade";"Bestaand";"privétuintjes en collectieve tuin";"";"https://proefeiland.wordpress.com/";"POINT(4.9884092,52.3625936)";"POINT(52.3625936,4.9884092)";4.9884092;52.3625936;
242;"Moestuin";"De Zuiveltuin";"Zuivelplein";"Bestaand";"moestuin, fruitstruiken en plukbloemen";"buurtbewoners";"https://www.facebook.com/Zuiveltuin/";"POINT(4.9460146,52.3399749)";"POINT(52.3399749,4.9460146)";4.9460146;52.3399749;
243;"Stadsboerderij";"restaurant de Kas";"";"Bestaand";"";"";"www.restaurantdekas.nl";"POINT(4.9306022,52.3522145)";"POINT(52.3522145,4.9306022)";4.9306022;52.3522145;
244;"Voedselbos";"Rich Forests /Both Ends";"";"Bestaand";"";"";"https://www.bothends.org/nl/Ons-werk/Alternatieven/Rich-Forests/";"POINT(4.7716094,52.3786871)";"POINT(52.3786871,4.7716094)";4.7716094;52.3786871;
245;"Voedselbos";"Voedselbos Houtrak";"";"Bestaand";"";"Staatsbosbeheer";"https://www.facebook.com/pg/voedselboshoutrak/posts/";"POINT(4.7290202,52.4250424)";"POINT(52.4250424,4.7290202)";4.7290202;52.4250424;
246;"Vertical farming";"Onefarm";"A-Lab Overhoeksplein 2";"Bestaand";"";"";"www.onefarm.io";"POINT(4.9030505,52.3842406)";"POINT(52.3842406,4.9030505)";4.9030505;52.3842406;
247;"Moestuin";"Buurttuin Eeuwige Moes";"Orionstraat";"Bestaand";"moestuin";"";"https://www.facebook.com/eeuwigemoes/";"POINT(4.887984,52.4136712)";"POINT(52.4136712,4.887984)";4.887984;52.4136712;
248;"Kinderboerderij";"";"";"Bestaand";"";"";"https://www.facebook.com/eeuwigemoes/";"POINT(4.8879014,52.4150284)";"POINT(52.4150284,4.8879014)";4.8879014;52.4150284;
249;"Stadsboerderij";"De Herkomst";"Lutkemeerweg 21";"Bestaand";"";"";"https://www.deherkomst.nl/";"POINT(4.7796097,52.3684349)";"POINT(52.3684349,4.7796097)";4.7796097;52.3684349;
250;"Moestuin";"KIT community moestuin";"Oosterpark";"Bestaand";"bakken ";"De Gezonde Stad";"https://www.degezondestad.org/projecten/22/kit-community-moestuin";"POINT(4.9222243,52.3621592)";"POINT(52.3621592,4.9222243)";4.9222243;52.3621592;
251;"Voedselbos";"Ruijtergaard";"De Ruijterkade";"Bestaand";"Voedselbos in bakken";"stichting Amstergaard";"https://amstergaard.nl/gaarden/ruijtergaard/";"POINT(4.907458,52.3777425)";"POINT(52.3777425,4.907458)";4.907458;52.3777425;
252;"Moestuin";"Bloei en Groei";"Meerkerkdreef 33";"Bestaand";"";"Stichting Creating Edges";"https://www.bloeiengroei.org/";"POINT(4.9717795,52.3058523)";"POINT(52.3058523,4.9717795)";4.9717795;52.3058523;
253;"Voedselbos";"Terragon Nature Center";"Osdorperweg 665";"Bestaand";"";"";"http://terragon.nl/";"POINT(4.7773626,52.3702273)";"POINT(52.3702273,4.7773626)";4.7773626;52.3702273;

