OBJECTNUMMER;Soortcode;BFA_nummer;BFA_type;Standplaats;Jaar_aanleg;Venstertijden;Toegangssysteem;Camera;Beheerorganisatie;Bijzonderheden;WKT_LNG_LAT;WKT_LAT_LNG;LNG;LAT;
1;"183";"VO86";"Vezip500";"Verbindingsdam, Loc 24";0;"00.00-7.00/11.00-24.00";"Pasje";"";"V&OR VIS";"Bij calamiteiten bellen: Niet urgente meldingen m.b.t. schade- storing m.b.t. slagboom of pollers (vezips): meldingvkt@erdi.nl, cc aan vezips@amsterdam.nl Urgent tijdens kantoortijden: 075-6553055 Urgent buiten kantoortijden: 075-6315112 (w.o. weekend en feestdagen) Telefonische meldingen graag via email bevestigen aan: meldingvkt@erdi.nl, cc aan vezips@amsterdam.nl ";"POINT(4.939927,52.373982)";"POINT(52.373982,4.939927)";4.939927;52.373982;
2;"183";"VO85";"Vezip500";"Lloydplein, Loc 23";2018;"00.00-7.00/11.00-24.00";"Pasje";"";"V&OR VIS";"Bij calamiteiten bellen: Niet urgente meldingen m.b.t. schade- storing m.b.t. slagboom of pollers (vezips): meldingvkt@erdi.nl, cc aan vezips@amsterdam.nl Urgent tijdens kantoortijden: 075-6553055 Urgent buiten kantoortijden: 075-6315112 (w.o. weekend en feestdagen) Telefonische meldingen graag via email bevestigen aan: meldingvkt@erdi.nl, cc aan vezips@amsterdam.nl ";"POINT(4.934472,52.374743)";"POINT(52.374743,4.934472)";4.934472;52.374743;
3;"183";"VO83";"RC600";"Withoedenveem, Loc 21";0;"00.00-7.00/11.00-24.00";"Pasje";"";"V&OR VIS";"Bij calamiteiten bellen: Niet urgente meldingen m.b.t. schade- storing m.b.t. slagboom of pollers (vezips): meldingvkt@erdi.nl, cc aan vezips@amsterdam.nl Urgent tijdens kantoortijden: 075-6553055 Urgent buiten kantoortijden: 075-6315112 (w.o. weekend en feestdagen) Telefonische meldingen graag via email bevestigen aan: meldingvkt@erdi.nl, cc aan vezips@amsterdam.nl ";"POINT(4.925026,52.376441)";"POINT(52.376441,4.925026)";4.925026;52.376441;
4;"183";"VO82";"Vezip600";"Vriesseveem, Loc 20";0;"00.00-7.00/11.00-24.00";"Pasje";"";"V&OR VIS";"Bij calamiteiten bellen: Niet urgente meldingen m.b.t. schade- storing m.b.t. slagboom of pollers (vezips): meldingvkt@erdi.nl, cc aan vezips@amsterdam.nl Urgent tijdens kantoortijden: 075-6553055 Urgent buiten kantoortijden: 075-6315112 (w.o. weekend en feestdagen) Telefonische meldingen graag via email bevestigen aan: meldingvkt@erdi.nl, cc aan vezips@amsterdam.nl ";"POINT(4.918803,52.377549)";"POINT(52.377549,4.918803)";4.918803;52.377549;
5;"183";"VO78";"RC600C";"Oranje Vrijstaatkade, Loc 10";2016;"Ma-Za 00.00-7.00/8.00-9.00/11.00-24.00. Zo 00.00-9.00/11.00-24.00";"Anders";"Regellicht";"V&OR VIS";"Bij calamiteiten bellen: Niet urgente meldingen m.b.t. schade- storing m.b.t. slagboom of pollers (vezips): meldingvkt@erdi.nl, cc aan vezips@amsterdam.nl Urgent tijdens kantoortijden: 075-6553055 Urgent buiten kantoortijden: 075-6315112 (w.o. weekend en feestdagen) Telefonische meldingen graag via email bevestigen aan: meldingvkt@erdi.nl, cc aan vezips@amsterdam.nl ";"POINT(4.928893,52.356073)";"POINT(52.356073,4.928893)";4.928893;52.356073;
6;"183";"VO81";"RC600C";"Arcadia, Loc 13";2016;"Ma-Za 00.00-7.00/8.00-9.00/11.00-24.00. Zo 00.00-9.00/11.00-24.00";"Anders";"Regellicht";"V&OR VIS";"Bij calamiteiten bellen: Niet urgente meldingen m.b.t. schade- storing m.b.t. slagboom of pollers (vezips): meldingvkt@erdi.nl, cc aan vezips@amsterdam.nl Urgent tijdens kantoortijden: 075-6553055 Urgent buiten kantoortijden: 075-6315112 (w.o. weekend en feestdagen) Telefonische meldingen graag via email bevestigen aan: meldingvkt@erdi.nl, cc aan vezips@amsterdam.nl ";"POINT(4.930949,52.357474)";"POINT(52.357474,4.930949)";4.930949;52.357474;
7;"183";"VO80";"RC600C";"Utopia, Loc 12";2016;"Ma-Za 00.00-7.00/8.00-9.00/11.00-24.00. Zo 00.00-9.00/11.00-24.00";"Anders";"Regellicht";"V&OR VIS";"Bij calamiteiten bellen: Niet urgente meldingen m.b.t. schade- storing m.b.t. slagboom of pollers (vezips): meldingvkt@erdi.nl, cc aan vezips@amsterdam.nl Urgent tijdens kantoortijden: 075-6553055 Urgent buiten kantoortijden: 075-6315112 (w.o. weekend en feestdagen) Telefonische meldingen graag via email bevestigen aan: meldingvkt@erdi.nl, cc aan vezips@amsterdam.nl ";"POINT(4.929904,52.357739)";"POINT(52.357739,4.929904)";4.929904;52.357739;
8;"183";"VO79";"RC600C";"Nirwana, Loc 11";2016;"Ma-Za 00.00-7.00/8.00-9.00/11.00-24.00. Zo 00.00-9.00/11.00-24.00";"Anders";"Regellicht";"V&OR VIS";"Bij calamiteiten bellen: Niet urgente meldingen m.b.t. schade- storing m.b.t. slagboom of pollers (vezips): meldingvkt@erdi.nl, cc aan vezips@amsterdam.nl Urgent tijdens kantoortijden: 075-6553055 Urgent buiten kantoortijden: 075-6315112 (w.o. weekend en feestdagen) Telefonische meldingen graag via email bevestigen aan: meldingvkt@erdi.nl, cc aan vezips@amsterdam.nl ";"POINT(4.927882,52.357291)";"POINT(52.357291,4.927882)";4.927882;52.357291;
9;"183";"VO77";"RC660C";"Diemerzeedijk Zeebrug";2017;"00.00-24.00";"Anders";"Regellicht";"V&OR VIS";"Bij calamiteiten bellen: Niet urgente meldingen m.b.t. schade- storing m.b.t. slagboom of pollers (vezips): meldingvkt@erdi.nl, cc aan vezips@amsterdam.nl Urgent tijdens kantoortijden: 075-6553055 Urgent buiten kantoortijden: 075-6315112 (w.o. weekend en feestdagen) Telefonische meldingen graag via email bevestigen aan: meldingvkt@erdi.nl, cc aan vezips@amsterdam.nl ";"POINT(4.974209,52.357345)";"POINT(52.357345,4.974209)";4.974209;52.357345;
10;"183";"VO75";"RC600C";"J vd Keukenstraat/joris evensplein IJburg";2016;"00.00-24.00";"Anders";"Regellicht";"V&OR VIS";"Bij calamiteiten bellen: Niet urgente meldingen m.b.t. schade- storing m.b.t. slagboom of pollers (vezips): meldingvkt@erdi.nl, cc aan vezips@amsterdam.nl Urgent tijdens kantoortijden: 075-6553055 Urgent buiten kantoortijden: 075-6315112 (w.o. weekend en feestdagen) Telefonische meldingen graag via email bevestigen aan: meldingvkt@erdi.nl, cc aan vezips@amsterdam.nl ";"POINT(4.989707,52.35933)";"POINT(52.35933,4.989707)";4.989707;52.35933;
11;"183";"VO76";"RC600C";"Daguerrestraat Joris evensplein IJburg";2016;"00.00-7.00/9.30-10.30/12.00-24.00";"Anders";"Regellicht";"V&OR VIS";"Bij calamiteiten bellen: Niet urgente meldingen m.b.t. schade- storing m.b.t. slagboom of pollers (vezips): meldingvkt@erdi.nl, cc aan vezips@amsterdam.nl Urgent tijdens kantoortijden: 075-6553055 Urgent buiten kantoortijden: 075-6315112 (w.o. weekend en feestdagen) Telefonische meldingen graag via email bevestigen aan: meldingvkt@erdi.nl, cc aan vezips@amsterdam.nl ";"POINT(4.991551,52.358365)";"POINT(52.358365,4.991551)";4.991551;52.358365;
12;"183";"VO74";"RC600C";"G. Oeverzeggestraat IJburg";2015;"00.00-24.00";"Anders";"Regellicht";"V&OR VIS";"Bij calamiteiten bellen: Niet urgente meldingen m.b.t. schade- storing m.b.t. slagboom of pollers (vezips): meldingvkt@erdi.nl, cc aan vezips@amsterdam.nl Urgent tijdens kantoortijden: 075-6553055 Urgent buiten kantoortijden: 075-6315112 (w.o. weekend en feestdagen) Telefonische meldingen graag via email bevestigen aan: meldingvkt@erdi.nl, cc aan vezips@amsterdam.nl ";"POINT(4.987755,52.3576297)";"POINT(52.3576297,4.987755)";4.987755;52.3576297;
13;"183";"VC1";"RC660C";"Nieuwendijk/Singel uit";0;"00.00-24.00";"Anders";"Regellicht";"V&OR VIS";"Bij calamiteiten bellen: Niet urgente meldingen m.b.t. schade- storing m.b.t. slagboom of pollers (vezips): meldingvkt@erdi.nl, cc aan vezips@amsterdam.nl Urgent tijdens kantoortijden: 075-6553055 Urgent buiten kantoortijden: 075-6315112 (w.o. weekend en feestdagen) Telefonische meldingen graag via email bevestigen aan: meldingvkt@erdi.nl, cc aan vezips@amsterdam";"POINT(4.894719,52.378827)";"POINT(52.378827,4.894719)";4.894719;52.378827;
14;"183";"VC2";"RC600";"Nieuwendijk/Martelaarsgracht in";0;"00.00-7.00/11.00-24.00";"Anders";"Regellicht";"V&OR VIS";"Bij calamiteiten bellen: Niet urgente meldingen m.b.t. schade- storing m.b.t. slagboom of pollers (vezips): meldingvkt@erdi.nl, cc aan vezips@amsterdam.nl Urgent tijdens kantoortijden: 075-6553055 Urgent buiten kantoortijden: 075-6315112 (w.o. weekend en feestdagen) Telefonische meldingen graag via email bevestigen aan: meldingvkt@erdi.nl, cc aan vezips@amsterdam";"POINT(4.895874,52.377897)";"POINT(52.377897,4.895874)";4.895874;52.377897;
15;"183";"VC95";"ATM";"Nieuwendijk inrit Martelaarsgracht";0;"";"Anders";"Regellicht";"V&OR VIS";"Dubbele pollers Bij calamiteiten bellen: Niet urgente meldingen m.b.t. schade- storing m.b.t. slagboom of pollers (vezips): meldingvkt@erdi.nl, cc aan vezips@amsterdam.nl Urgent tijdens kantoortijden: 075-6553055 Urgent buiten kantoortijden: 075-6315112 (w.o. weekend en feestdagen) Telefonische meldingen graag via email bevestigen aan: meldingvkt@erdi.nl, cc aan vezips@amsterdam";"POINT(4.8960854,52.377702)";"POINT(52.377702,4.8960854)";4.8960854;52.377702;
16;"183";"VW96";"RC600C";"Polanceaukade ";0;"";"Intercom";"Regellicht";"V&OR VIS";"voormalige installatie Herengracht  Bij calamiteiten bellen: Niet urgente meldingen m.b.t. schade- storing m.b.t. slagboom of pollers (vezips): meldingvkt@erdi.nl, cc aan vezips@amsterdam.nl Urgent tijdens kantoortijden: 075-6553055 Urgent buiten kantoortijden: 075-6315112 (w.o. weekend en feestdagen) Telefonische meldingen graag via email bevestigen aan: meldingvkt@erdi.nl, cc aan vezips@amsterdam";"POINT(4.8749597,52.3859689)";"POINT(52.3859689,4.8749597)";4.8749597;52.3859689;
17;"183";"VC5";"RC600C";"Singel/Heisteeg in";0;"Ma-Za 00.00-24.00/Zo 00.00-9.00, 9.30-10.30, 11.00-24.00";"Anders";"Kenteken - Regellicht";"V&OR VIS";"Bij calamiteiten bellen: Niet urgente meldingen m.b.t. schade- storing m.b.t. slagboom of pollers (vezips): meldingvkt@erdi.nl, cc aan vezips@amsterdam.nl Urgent tijdens kantoortijden: 075-6553055 Urgent buiten kantoortijden: 075-6315112 (w.o. weekend en feestdagen) Telefonische meldingen graag via email bevestigen aan: meldingvkt@erdi.nl, cc aan vezips@amsterdam";"POINT(4.887712,52.368489)";"POINT(52.368489,4.887712)";4.887712;52.368489;
18;"183";"VC6";"RC600";"Singel oost/Blauwburgwal";0;"00.00-24.00";"Anders";"Kenteken - Regellicht";"V&OR VIS";"Bij calamiteiten bellen: Niet urgente meldingen m.b.t. schade- storing m.b.t. slagboom of pollers (vezips): meldingvkt@erdi.nl, cc aan vezips@amsterdam.nl Urgent tijdens kantoortijden: 075-6553055 Urgent buiten kantoortijden: 075-6315112 (w.o. weekend en feestdagen) Telefonische meldingen graag via email bevestigen aan: meldingvkt@erdi.nl, cc aan vezips@amsterdam";"POINT(4.8916185,52.3762519)";"POINT(52.3762519,4.8916185)";4.8916185;52.3762519;
19;"183";"VC8";"RC600";"Warmoesstraat/Nieuwe Brugsteeg uit";0;"00.00-7.00/12.00-24.00";"Anders";"Regellicht";"V&OR VIS";"Dubbele pollers Bij calamiteiten bellen: Niet urgente meldingen m.b.t. schade- storing m.b.t. slagboom of pollers (vezips): meldingvkt@erdi.nl, cc aan vezips@amsterdam.nl Urgent tijdens kantoortijden: 075-6553055 Urgent buiten kantoortijden: 075-6315112 (w.o. weekend en feestdagen) Telefonische meldingen graag via email bevestigen aan: meldingvkt@erdi.nl, cc aan vezips@amsterdam";"POINT(4.8995632,52.3761975)";"POINT(52.3761975,4.8995632)";4.8995632;52.3761975;
20;"183";"VC9 ";"RC600";"Lange Niezel/Oudezijds v.b. wal uit";0;"00.00-7.00/12.00-24.00";"Anders";"Regellicht";"V&OR VIS";"Bij calamiteiten bellen: Niet urgente meldingen m.b.t. schade- storing m.b.t. slagboom of pollers (vezips): meldingvkt@erdi.nl, cc aan vezips@amsterdam.nl Urgent tijdens kantoortijden: 075-6553055 Urgent buiten kantoortijden: 075-6315112 (w.o. weekend en feestdagen) Telefonische meldingen graag via email bevestigen aan: meldingvkt@erdi.nl, cc aan vezips@amsterdam";"POINT(4.8991323,52.3748231)";"POINT(52.3748231,4.8991323)";4.8991323;52.3748231;
21;"183";"VC10";"RC600";"Oudekerksplein/Oudezijds v.b. wal uit";0;"00.00-24.00";"Anders";"Regellicht";"V&OR VIS";"Dubbele pollers. Bij calamiteiten bellen: Niet urgente meldingen m.b.t. schade- storing m.b.t. slagboom of pollers (vezips): meldingvkt@erdi.nl, cc aan vezips@amsterdam.nl Urgent tijdens kantoortijden: 075-6553055 Urgent buiten kantoortijden: 075-6315112 (w.o. weekend en feestdagen) Telefonische meldingen graag via email bevestigen aan: meldingvkt@erdi.nl, cc aan vezips@amsterdam";"POINT(4.898076,52.374014)";"POINT(52.374014,4.898076)";4.898076;52.374014;
22;"183";"VC11";"RC600";"Warmoesstraat/Papenbrugsteeg in";0;"00.00-7.00/12.00-24.00";"Anders";"Regellicht";"V&OR VIS";"Bij calamiteiten bellen: Niet urgente meldingen m.b.t. schade- storing m.b.t. slagboom of pollers (vezips): meldingvkt@erdi.nl, cc aan vezips@amsterdam.nl Urgent tijdens kantoortijden: 075-6553055 Urgent buiten kantoortijden: 075-6315112 (w.o. weekend en feestdagen) Telefonische meldingen graag via email bevestigen aan: meldingvkt@erdi.nl, cc aan vezips@amsterdam";"POINT(4.895744,52.37378)";"POINT(52.37378,4.895744)";4.895744;52.37378;
23;"183";"VC12";"RC600";"Oudebrugsteeg/Beursstraat uit";0;"00.00-7.00/12.00-24.00";"Anders";"Regellicht";"V&OR VIS";"Bij calamiteiten bellen: Niet urgente meldingen m.b.t. schade- storing m.b.t. slagboom of pollers (vezips): meldingvkt@erdi.nl, cc aan vezips@amsterdam.nl Urgent tijdens kantoortijden: 075-6553055 Urgent buiten kantoortijden: 075-6315112 (w.o. weekend en feestdagen) Telefonische meldingen graag via email bevestigen aan: meldingvkt@erdi.nl, cc aan vezips@amsterdam";"POINT(4.897444,52.375378)";"POINT(52.375378,4.897444)";4.897444;52.375378;
24;"183";"VC13";"RC600";"Nieuwe Brugsteeg/ P. Hendrikkade in";0;"00.00-7.00/20.00-24.00";"Anders";"Regellicht";"V&OR VIS";"Bij calamiteiten bellen: Niet urgente meldingen m.b.t. schade- storing m.b.t. slagboom of pollers (vezips): meldingvkt@erdi.nl, cc aan vezips@amsterdam.nl Urgent tijdens kantoortijden: 075-6553055 Urgent buiten kantoortijden: 075-6315112 (w.o. weekend en feestdagen) Telefonische meldingen graag via email bevestigen aan: meldingvkt@erdi.nl, cc aan vezips@amsterdam";"POINT(4.8992659,52.3764894)";"POINT(52.3764894,4.8992659)";4.8992659;52.3764894;
25;"183";"VC15";"RC660C";"Korte Stormsteeg/Zeedijk uit";0;"00.00-7.00/20.00-24.00";"Anders";"Regellicht";"V&OR VIS";"Bij calamiteiten bellen: Niet urgente meldingen m.b.t. schade- storing m.b.t. slagboom of pollers (vezips): meldingvkt@erdi.nl, cc aan vezips@amsterdam.nl Urgent tijdens kantoortijden: 075-6553055 Urgent buiten kantoortijden: 075-6315112 (w.o. weekend en feestdagen) Telefonische meldingen graag via email bevestigen aan: meldingvkt@erdi.nl, cc aan vezips@amsterdam";"POINT(4.9004714,52.374402)";"POINT(52.374402,4.9004714)";4.9004714;52.374402;
26;"183";"VC16";"RC600";"Monninkenstraat/Nieuwmarkt in/uit";0;"00.00-7.00/20.00-24.00";"Anders";"Regellicht";"V&OR VIS";"Bij calamiteiten bellen: Niet urgente meldingen m.b.t. schade- storing m.b.t. slagboom of pollers (vezips): meldingvkt@erdi.nl, cc aan vezips@amsterdam.nl Urgent tijdens kantoortijden: 075-6553055 Urgent buiten kantoortijden: 075-6315112 (w.o. weekend en feestdagen) Telefonische meldingen graag via email bevestigen aan: meldingvkt@erdi.nl, cc aan vezips@amsterdam";"POINT(4.9000196,52.3730344)";"POINT(52.3730344,4.9000196)";4.9000196;52.3730344;
27;"183";"VC17";"RC600";"Bloedstraat/Nieuwmarkt in/uit";0;"00.00-6.00/20.00-24.00";"Anders";"Regellicht";"V&OR VIS";"Bij calamiteiten bellen: Niet urgente meldingen m.b.t. schade- storing m.b.t. slagboom of pollers (vezips): meldingvkt@erdi.nl, cc aan vezips@amsterdam.nl Urgent tijdens kantoortijden: 075-6553055 Urgent buiten kantoortijden: 075-6315112 (w.o. weekend en feestdagen) Telefonische meldingen graag via email bevestigen aan: meldingvkt@erdi.nl, cc aan vezips@amsterdam";"POINT(4.8998336,52.3727732)";"POINT(52.3727732,4.8998336)";4.8998336;52.3727732;
28;"183";"VC18";"RC600";"Barndesteeg/Kloveniersburgwal in/uit";0;"00.00-7.00/11.00-24.00";"Anders";"Regellicht";"V&OR VIS";"Bij calamiteiten bellen: Niet urgente meldingen m.b.t. schade- storing m.b.t. slagboom of pollers (vezips): meldingvkt@erdi.nl, cc aan vezips@amsterdam.nl Urgent tijdens kantoortijden: 075-6553055 Urgent buiten kantoortijden: 075-6315112 (w.o. weekend en feestdagen) Telefonische meldingen graag via email bevestigen aan: meldingvkt@erdi.nl, cc aan vezips@amsterdam";"POINT(4.899399,52.3721856)";"POINT(52.3721856,4.899399)";4.899399;52.3721856;
29;"183";"VC20";"RC600";"Oudezijds a.b.wal/Oude Doelenstr in";0;"00.00-7.00/20.00-24.00";"Anders";"Regellicht";"V&OR VIS";"Bij calamiteiten bellen: Niet urgente meldingen m.b.t. schade- storing m.b.t. slagboom of pollers (vezips): meldingvkt@erdi.nl, cc aan vezips@amsterdam.nl Urgent tijdens kantoortijden: 075-6553055 Urgent buiten kantoortijden: 075-6315112 (w.o. weekend en feestdagen) Telefonische meldingen graag via email bevestigen aan: meldingvkt@erdi.nl, cc aan vezips@amsterdam";"POINT(4.897017,52.371476)";"POINT(52.371476,4.897017)";4.897017;52.371476;
30;"183";"VC21";"RC600";"Oudezijds a.b.wal/Oude Doelenstr uit";0;"00.00-7.00/20.00-24.00";"Anders";"Regellicht";"V&OR VIS";"Bij calamiteiten bellen: Niet urgente meldingen m.b.t. schade- storing m.b.t. slagboom of pollers (vezips): meldingvkt@erdi.nl, cc aan vezips@amsterdam.nl Urgent tijdens kantoortijden: 075-6553055 Urgent buiten kantoortijden: 075-6315112 (w.o. weekend en feestdagen) Telefonische meldingen graag via email bevestigen aan: meldingvkt@erdi.nl, cc aan vezips@amsterdam";"POINT(4.896898,52.371619)";"POINT(52.371619,4.896898)";4.896898;52.371619;
31;"183";"VC22";"RC600";"Oudezijds v.b.wal/ Oude Doelenstr in";0;"00.00-7.00/20.00-24.00";"Anders";"Regellicht";"V&OR VIS";"Bij calamiteiten bellen: Niet urgente meldingen m.b.t. schade- storing m.b.t. slagboom of pollers (vezips): meldingvkt@erdi.nl, cc aan vezips@amsterdam.nl Urgent tijdens kantoortijden: 075-6553055 Urgent buiten kantoortijden: 075-6315112 (w.o. weekend en feestdagen) Telefonische meldingen graag via email bevestigen aan: meldingvkt@erdi.nl, cc aan vezips@amsterdam";"POINT(4.896117,52.371849)";"POINT(52.371849,4.896117)";4.896117;52.371849;
32;"183";"VC23";"RC600";"Oudezijds=>Damstraat=>Amstel";0;"";"Anders";"Regellicht";"V&OR VIS";"Bij calamiteiten bellen: Niet urgente meldingen m.b.t. schade- storing m.b.t. slagboom of pollers (vezips): meldingvkt@erdi.nl, cc aan vezips@amsterdam.nl Urgent tijdens kantoortijden: 075-6553055 Urgent buiten kantoortijden: 075-6315112 (w.o. weekend en feestdagen) Telefonische meldingen graag via email bevestigen aan: meldingvkt@erdi.nl, cc aan vezips@amsterdam";"POINT(4.895807,52.372019)";"POINT(52.372019,4.895807)";4.895807;52.372019;
33;"183";"VC24";"RC660C";"Zeedijk/Nieuwmarkt in";0;"Ma 00.00-7.00/Wo 18.00-24.00/Do-Zo 00.00-7.00/18.00-24.00";"Anders";"Regellicht";"V&OR VIS";"Dubbele pollers. Bij calamiteiten bellen: Niet urgente meldingen m.b.t. schade- storing m.b.t. slagboom of pollers (vezips): meldingvkt@erdi.nl, cc aan vezips@amsterdam.nl Urgent tijdens kantoortijden: 075-6553055 Urgent buiten kantoortijden: 075-6315112 (w.o. weekend en feestdagen) Telefonische meldingen graag via email bevestigen aan: meldingvkt@erdi.nl, cc aan vezips@amsterdam";"POINT(4.900259,52.373089)";"POINT(52.373089,4.900259)";4.900259;52.373089;
34;"183";"VC25";"RC660C";"Zeedijk/Stormsteeg richting Stormsteeg uit";0;"Ma 00.00-7.00/Wo 18.00-24.00/Do-Zo 00.00-7.00/18.00-24.00";"Anders";"Regellicht";"V&OR VIS";"Dubbele pollers Bij calamiteiten bellen: Niet urgente meldingen m.b.t. schade- storing m.b.t. slagboom of pollers (vezips): meldingvkt@erdi.nl, cc aan vezips@amsterdam.nl Urgent tijdens kantoortijden: 075-6553055 Urgent buiten kantoortijden: 075-6315112 (w.o. weekend en feestdagen) Telefonische meldingen graag via email bevestigen aan: meldingvkt@erdi.nl, cc aan vezips@amsterdam";"POINT(4.900481,52.37433)";"POINT(52.37433,4.900481)";4.900481;52.37433;
35;"183";"VC26";"RC660C";"Zeedijk/Stormsteeg richting P. Hendrik uit";0;"Ma 00.00-7.00/Wo 18.00-24.00/Do-Zo 00.00-7.00/18.00-24.00";"Anders";"Regellicht";"V&OR VIS";"Dubbele pollers Bij calamiteiten bellen: Niet urgente meldingen m.b.t. schade- storing m.b.t. slagboom of pollers (vezips): meldingvkt@erdi.nl, cc aan vezips@amsterdam.nl Urgent tijdens kantoortijden: 075-6553055 Urgent buiten kantoortijden: 075-6315112 (w.o. weekend en feestdagen) Telefonische meldingen graag via email bevestigen aan: meldingvkt@erdi.nl, cc aan vezips@amsterdam";"POINT(4.9005712,52.3744423)";"POINT(52.3744423,4.9005712)";4.9005712;52.3744423;
36;"183";"VC27";"RC600";"Stormsteeg/Geldersekade in/uit";0;"Ma 00.00-7.00/Wo 18.00-24.00/Do-Zo 00.00-7.00/18.00-24.00";"Anders";"Kenteken - Regellicht";"V&OR VIS";"Bij calamiteiten bellen: Niet urgente meldingen m.b.t. schade- storing m.b.t. slagboom of pollers (vezips): meldingvkt@erdi.nl, cc aan vezips@amsterdam.nl Urgent tijdens kantoortijden: 075-6553055 Urgent buiten kantoortijden: 075-6315112 (w.o. weekend en feestdagen) Telefonische meldingen graag via email bevestigen aan: meldingvkt@erdi.nl, cc aan vezips@amsterdam";"POINT(4.9009086,52.3742756)";"POINT(52.3742756,4.9009086)";4.9009086;52.3742756;
37;"183";"VC28";"RC660C";"Zeedijk/Olafsteeg richting P. hendrik uit";0;"Ma 00.00-7.00/Wo 18.00-24.00/Do-Zo 00.00-7.00/18.00-24.00";"Anders";"Kenteken - Regellicht";"V&OR VIS";"Dubbele pollers Bij calamiteiten bellen: Niet urgente meldingen m.b.t. schade- storing m.b.t. slagboom of pollers (vezips): meldingvkt@erdi.nl, cc aan vezips@amsterdam.nl Urgent tijdens kantoortijden: 075-6553055 Urgent buiten kantoortijden: 075-6315112 (w.o. weekend en feestdagen) Telefonische meldingen graag via email bevestigen aan: meldingvkt@erdi.nl, cc aan vezips@amsterdam";"POINT(4.900033,52.376314)";"POINT(52.376314,4.900033)";4.900033;52.376314;
39;"183";"VC30";"RC600";"Rusland";2018;"Do 22.00-24.00/Vr-Za 00.00-6.00/22.00-24.00/Zo 00.00-6.00";"Anders";"Regellicht";"V&OR VIS";"Bij calamiteiten bellen: Niet urgente meldingen m.b.t. schade- storing m.b.t. slagboom of pollers (vezips): meldingvkt@erdi.nl, cc aan vezips@amsterdam.nl Urgent tijdens kantoortijden: 075-6553055 Urgent buiten kantoortijden: 075-6315112 (w.o. weekend en feestdagen) Telefonische meldingen graag via email bevestigen aan: meldingvkt@erdi.nl, cc aan vezips@amsterdam";"POINT(4.896033,52.370159)";"POINT(52.370159,4.896033)";4.896033;52.370159;
40;"183";"VC39";"";"Cruquiskade in/uit";0;"00.00-24.00";"Anders";"";"V&OR VIS";"Bij calamiteiten bellen: Niet urgente meldingen m.b.t. schade- storing m.b.t. slagboom of pollers (vezips): meldingvkt@erdi.nl, cc aan vezips@amsterdam.nl Urgent tijdens kantoortijden: 075-6553055 Urgent buiten kantoortijden: 075-6315112 (w.o. weekend en feestdagen) Telefonische meldingen graag via email bevestigen aan: meldingvkt@erdi.nl, cc aan vezips@amsterdam.nl ";"POINT(4.931549,52.367596)";"POINT(52.367596,4.931549)";4.931549;52.367596;
41;"183";"VC40";"RC600C";"Kraijenhoffstraat in/uit";2011;"00.00-24.00";"Anders";"";"V&OR VIS";"Bij calamiteiten bellen: Niet urgente meldingen m.b.t. schade- storing m.b.t. slagboom of pollers (vezips): meldingvkt@erdi.nl, cc aan vezips@amsterdam.nl Urgent tijdens kantoortijden: 075-6553055 Urgent buiten kantoortijden: 075-6315112 (w.o. weekend en feestdagen) Telefonische meldingen graag via email bevestigen aan: meldingvkt@erdi.nl, cc aan vezips@amsterdam.nl ";"POINT(4.930193,52.369595)";"POINT(52.369595,4.930193)";4.930193;52.369595;
42;"183";"VC41";"RC600C";"2e leeghwaterstraat in/uit ";2011;"00.00-24.00";"Anders";"";"V&OR VIS";"Bij calamiteiten bellen: Niet urgente meldingen m.b.t. schade- storing m.b.t. slagboom of pollers (vezips): meldingvkt@erdi.nl, cc aan vezips@amsterdam.nl Urgent tijdens kantoortijden: 075-6553055 Urgent buiten kantoortijden: 075-6315112 (w.o. weekend en feestdagen) Telefonische meldingen graag via email bevestigen aan: meldingvkt@erdi.nl, cc aan vezips@amsterdam.nl ";"POINT(4.930981,52.370002)";"POINT(52.370002,4.930981)";4.930981;52.370002;
43;"183";"VC42";"RC600C";"Wollantstraat in/uit";2011;"00.00-24.00";"Anders";"";"V&OR VIS";"Bij calamiteiten bellen: Niet urgente meldingen m.b.t. schade- storing m.b.t. slagboom of pollers (vezips): meldingvkt@erdi.nl, cc aan vezips@amsterdam.nl Urgent tijdens kantoortijden: 075-6553055 Urgent buiten kantoortijden: 075-6315112 (w.o. weekend en feestdagen) Telefonische meldingen graag via email bevestigen aan: meldingvkt@erdi.nl, cc aan vezips@amsterdam.nl ";"POINT(4.932518,52.370476)";"POINT(52.370476,4.932518)";4.932518;52.370476;
44;"183";"Niet in beheer V&OR";"";"Nieuwe Keizersgracht/Weesperstraat";0;"";"Anders";"";"Hermitage";"Niet in beheer V&OR";"POINT(4.904984,52.365289)";"POINT(52.365289,4.904984)";4.904984;52.365289;
45;"183";"Niet in beheer V&OR";"";"Nieuwe Keizersgracht/Amstel";0;"";"Anders";"Toezicht";"Hermitage";"Niet in beheer V&OR";"POINT(4.9026443,52.3648083)";"POINT(52.3648083,4.9026443)";4.9026443;52.3648083;
46;"183";"Niet in beheer V&OR";"";"Nieuwe Herengracht/Amstel";0;"";"Anders";"";"Hermitage";"Niet in beheer V&OR";"POINT(4.902131,52.365754)";"POINT(52.365754,4.902131)";4.902131;52.365754;
47;"183";"VC32";"";"Lijnbaansgracht in";2014;"00.00-6.00/12.00-24.00";"Anders";"Regellicht";"V&OR VIS";"Bij calamiteiten bellen: Niet urgente meldingen m.b.t. schade- storing m.b.t. slagboom of pollers (vezips): meldingvkt@erdi.nl, cc aan vezips@amsterdam.nl Urgent tijdens kantoortijden: 075-6553055 Urgent buiten kantoortijden: 075-6315112 (w.o. weekend en feestdagen) Telefonische meldingen graag via email bevestigen aan: meldingvkt@erdi.nl, cc aan vezips@amsterdam";"POINT(4.881719,52.364841)";"POINT(52.364841,4.881719)";4.881719;52.364841;
48;"183";"VC34";"";"Stadhouderskade in/uit";2014;"00.00-7.00/11.00-24.00";"Anders";"Regellicht";"V&OR VIS";"Bij calamiteiten bellen: Niet urgente meldingen m.b.t. schade- storing m.b.t. slagboom of pollers (vezips): meldingvkt@erdi.nl, cc aan vezips@amsterdam.nl Urgent tijdens kantoortijden: 075-6553055 Urgent buiten kantoortijden: 075-6315112 (w.o. weekend en feestdagen) Telefonische meldingen graag via email bevestigen aan: meldingvkt@erdi.nl, cc aan vezips@amsterdam";"POINT(4.8820526,52.3619285)";"POINT(52.3619285,4.8820526)";4.8820526;52.3619285;
49;"183";"VC33";"RC660C";"Max Euweplein in/uit";2014;"00.00-24.00";"Anders";"Regellicht";"V&OR VIS";"Bij calamiteiten bellen: Niet urgente meldingen m.b.t. schade- storing m.b.t. slagboom of pollers (vezips): meldingvkt@erdi.nl, cc aan vezips@amsterdam.nl Urgent tijdens kantoortijden: 075-6553055 Urgent buiten kantoortijden: 075-6315112 (w.o. weekend en feestdagen) Telefonische meldingen graag via email bevestigen aan: meldingvkt@erdi.nl, cc aan vezips@amsterdam";"POINT(4.882351,52.3621265)";"POINT(52.3621265,4.882351)";4.882351;52.3621265;
50;"183";"VC35";"RC660C";"Zieniskade inrit";2016;"00.00-7.00/21.00-24.00";"Anders";"Regellicht";"V&OR VIS";"Bij calamiteiten bellen: Niet urgente meldingen m.b.t. schade- storing m.b.t. slagboom of pollers (vezips): meldingvkt@erdi.nl, cc aan vezips@amsterdam.nl Urgent tijdens kantoortijden: 075-6553055 Urgent buiten kantoortijden: 075-6315112 (w.o. weekend en feestdagen) Telefonische meldingen graag via email bevestigen aan: meldingvkt@erdi.nl, cc aan vezips@amsterdam";"POINT(4.886763,52.361501)";"POINT(52.361501,4.886763)";4.886763;52.361501;
51;"183";"VC36";"RC660C";"Leidsekade inrit";2017;"00.00-7.00/21.00-24.00";"Anders";"Regellicht";"V&OR VIS";"Bij calamiteiten bellen: Niet urgente meldingen m.b.t. schade- storing m.b.t. slagboom of pollers (vezips): meldingvkt@erdi.nl, cc aan vezips@amsterdam.nl Urgent tijdens kantoortijden: 075-6553055 Urgent buiten kantoortijden: 075-6315112 (w.o. weekend en feestdagen) Telefonische meldingen graag via email bevestigen aan: meldingvkt@erdi.nl, cc aan vezips@amsterdam";"POINT(4.880102,52.365041)";"POINT(52.365041,4.880102)";4.880102;52.365041;
52;"183";"VZ37";"RC660C";"Tesselschadestraat in";2017;"00.00-7.00/21.00-24.00";"Pasje";"Regellicht";"V&OR VIS";"Bij calamiteiten bellen: Niet urgente meldingen m.b.t. schade- storing m.b.t. slagboom of pollers (vezips): meldingvkt@erdi.nl, cc aan vezips@amsterdam.nl Urgent tijdens kantoortijden: 075-6553055 Urgent buiten kantoortijden: 075-6315112 (w.o. weekend en feestdagen) Telefonische meldingen graag via email bevestigen aan: meldingvkt@erdi.nl, cc aan vezips@amsterdam.nl ";"POINT(4.878594,52.362033)";"POINT(52.362033,4.878594)";4.878594;52.362033;
53;"183";"VZ53";"RC600C";"1e van der Helstraat/G. Flinckstraat, Loc 4";0;"00.00-24.00";"Anders";"";"V&OR VIS";"Bij calamiteiten bellen: Niet urgente meldingen m.b.t. schade- storing m.b.t. slagboom of pollers (vezips): meldingvkt@erdi.nl, cc aan vezips@amsterdam.nl Urgent tijdens kantoortijden: 075-6553055 Urgent buiten kantoortijden: 075-6315112 (w.o. weekend en feestdagen) Telefonische meldingen graag via email bevestigen aan: meldingvkt@erdi.nl, cc aan vezips@amsterdam.nl";"POINT(4.8933568,52.3549804)";"POINT(52.3549804,4.8933568)";4.8933568;52.3549804;
54;"183";"VZ52";"RC600C";"1e van der Helstraat/G. Flinckstraat, Loc 3";0;"00.00-5.00/11.00-16.30/19.30-24.00";"Anders";"";"V&OR VIS";"Bij calamiteiten bellen: Niet urgente meldingen m.b.t. schade- storing m.b.t. slagboom of pollers (vezips): meldingvkt@erdi.nl, cc aan vezips@amsterdam.nl Urgent tijdens kantoortijden: 075-6553055 Urgent buiten kantoortijden: 075-6315112 (w.o. weekend en feestdagen) Telefonische meldingen graag via email bevestigen aan: meldingvkt@erdi.nl, cc aan vezips@amsterdam.nl ";"POINT(4.8933095,52.3551088)";"POINT(52.3551088,4.8933095)";4.8933095;52.3551088;
55;"183";"VZ54";"RC600C";"1e van der Helstraat/Sarphatipark, Loc 5 ";0;"00.00-24.00";"Anders";"";"V&OR VIS";"Bij calamiteiten bellen: Niet urgente meldingen m.b.t. schade- storing m.b.t. slagboom of pollers (vezips): meldingvkt@erdi.nl, cc aan vezips@amsterdam.nl Urgent tijdens kantoortijden: 075-6553055 Urgent buiten kantoortijden: 075-6315112 (w.o. weekend en feestdagen) Telefonische meldingen graag via email bevestigen aan: meldingvkt@erdi.nl, cc aan vezips@amsterdam";"POINT(4.893696,52.35452)";"POINT(52.35452,4.893696)";4.893696;52.35452;
56;"183";"VZ51";"RC600C";"1e van der Helstraat/A. Cuypstraat, Loc 2";0;"00.00-5.00/11.00-16.30/19.30-24.00";"Anders";"";"V&OR VIS";"Bij calamiteiten bellen: Niet urgente meldingen m.b.t. schade- storing m.b.t. slagboom of pollers (vezips): meldingvkt@erdi.nl, cc aan vezips@amsterdam.nl Urgent tijdens kantoortijden: 075-6553055 Urgent buiten kantoortijden: 075-6315112 (w.o. weekend en feestdagen) Telefonische meldingen graag via email bevestigen aan: meldingvkt@erdi.nl, cc aan vezips@amsterdam.nl ";"POINT(4.8931997,52.3553613)";"POINT(52.3553613,4.8931997)";4.8931997;52.3553613;
57;"183";"VZ50";"RC600C";"G. Douplein, Loc 1";0;"11.00-16.30/18.00-22.00";"Anders";"";"V&OR VIS";"Bij calamiteiten bellen: Niet urgente meldingen m.b.t. schade- storing m.b.t. slagboom of pollers (vezips): meldingvkt@erdi.nl, cc aan vezips@amsterdam.nl Urgent tijdens kantoortijden: 075-6553055 Urgent buiten kantoortijden: 075-6315112 (w.o. weekend en feestdagen) Telefonische meldingen graag via email bevestigen aan: meldingvkt@erdi.nl, cc aan vezips@amsterdam.nl ";"POINT(4.8929338,52.3558461)";"POINT(52.3558461,4.8929338)";4.8929338;52.3558461;
58;"183";"VZ55";"RC600C";"F. Bolstraat/A. Cuypstraat, Loc 6";0;"11.00-16.30/18.00-22.00";"Anders";"";"V&OR VIS";"Bij calamiteiten bellen: Niet urgente meldingen m.b.t. schade- storing m.b.t. slagboom of pollers (vezips): meldingvkt@erdi.nl, cc aan vezips@amsterdam.nl Urgent tijdens kantoortijden: 075-6553055 Urgent buiten kantoortijden: 075-6315112 (w.o. weekend en feestdagen) Telefonische meldingen graag via email bevestigen aan: meldingvkt@erdi.nl, cc aan vezips@amsterdam.nl ";"POINT(4.890433,52.354947)";"POINT(52.354947,4.890433)";4.890433;52.354947;
59;"183";"VZ56";"RC600C";"van Woustraat/A. Cuypstraat, Loc 7";0;"11.00-16.30/18.00-22.00";"Anders";"";"V&OR VIS";"Bij calamiteiten bellen: Niet urgente meldingen m.b.t. schade- storing m.b.t. slagboom of pollers (vezips): meldingvkt@erdi.nl, cc aan vezips@amsterdam.nl Urgent tijdens kantoortijden: 075-6553055 Urgent buiten kantoortijden: 075-6315112 (w.o. weekend en feestdagen) Telefonische meldingen graag via email bevestigen aan: meldingvkt@erdi.nl, cc aan vezips@amsterdam.nl ";"POINT(4.899436,52.357123)";"POINT(52.357123,4.899436)";4.899436;52.357123;
60;"183";"VZ59";"RC600C";"1e Sweelinckstraat/G. Flinckstraat, Loc 10";0;"00.00-24.00";"Anders";"";"V&OR VIS";"Bij calamiteiten bellen: Niet urgente meldingen m.b.t. schade- storing m.b.t. slagboom of pollers (vezips): meldingvkt@erdi.nl, cc aan vezips@amsterdam.nl Urgent tijdens kantoortijden: 075-6553055 Urgent buiten kantoortijden: 075-6315112 (w.o. weekend en feestdagen) Telefonische meldingen graag via email bevestigen aan: meldingvkt@erdi.nl, cc aan vezips@amsterdam.nl ";"POINT(4.8977,52.356128)";"POINT(52.356128,4.8977)";4.8977;52.356128;
61;"183";"VZ58";"RC600C";"1e Sweelinckstraat/A. Cuypstraat, Loc 9";0;"00.00-24.00";"Anders";"";"V&OR VIS";"Bij calamiteiten bellen: Niet urgente meldingen m.b.t. schade- storing m.b.t. slagboom of pollers (vezips): meldingvkt@erdi.nl, cc aan vezips@amsterdam.nl Urgent tijdens kantoortijden: 075-6553055 Urgent buiten kantoortijden: 075-6315112 (w.o. weekend en feestdagen) Telefonische meldingen graag via email bevestigen aan: meldingvkt@erdi.nl, cc aan vezips@amsterdam.nl ";"POINT(4.8972874,52.356595)";"POINT(52.356595,4.8972874)";4.8972874;52.356595;
62;"183";"VZ57";"RC600";"1e Sweelinckstraat/G. Doustraat, Loc 8";0;"00.00-6.00/11.00-16.30/18.00-24.00";"Anders";"";"V&OR VIS";"Bij calamiteiten bellen: Niet urgente meldingen m.b.t. schade- storing m.b.t. slagboom of pollers (vezips): meldingvkt@erdi.nl, cc aan vezips@amsterdam.nl Urgent tijdens kantoortijden: 075-6553055 Urgent buiten kantoortijden: 075-6315112 (w.o. weekend en feestdagen) Telefonische meldingen graag via email bevestigen aan: meldingvkt@erdi.nl, cc aan vezips@amsterdam.nl ";"POINT(4.897091,52.356853)";"POINT(52.356853,4.897091)";4.897091;52.356853;
63;"183";"VZ67";"RC600";"Amstelveenseweg/Vondelpark, Loc 40";0;"00.00-24.00";"Anders";"";"V&OR VIS";"Bij calamiteiten bellen: Niet urgente meldingen m.b.t. schade- storing m.b.t. slagboom of pollers (vezips): meldingvkt@erdi.nl, cc aan vezips@amsterdam.nl Urgent tijdens kantoortijden: 075-6553055 Urgent buiten kantoortijden: 075-6315112 (w.o. weekend en feestdagen) Telefonische meldingen graag via email bevestigen aan: meldingvkt@erdi.nl, cc aan vezips@amsterdam.nl ";"POINT(4.855719,52.354913)";"POINT(52.354913,4.855719)";4.855719;52.354913;
64;"183";"VZ70";"RC600";"R. Visserstraat/Vondelpark, Loc 43";0;"00.00-24.00";"Anders";"";"V&OR VIS";"Bij calamiteiten bellen: Niet urgente meldingen m.b.t. schade- storing m.b.t. slagboom of pollers (vezips): meldingvkt@erdi.nl, cc aan vezips@amsterdam.nl Urgent tijdens kantoortijden: 075-6553055 Urgent buiten kantoortijden: 075-6315112 (w.o. weekend en feestdagen) Telefonische meldingen graag via email bevestigen aan: meldingvkt@erdi.nl, cc aan vezips@amsterdam.nl ";"POINT(4.8757156,52.3607689)";"POINT(52.3607689,4.8757156)";4.8757156;52.3607689;
65;"183";"VZ68";"RC600";"Van Eeghenstraat/Vondelpark, Loc 41";0;"00.00-24.00";"Anders";"";"V&OR VIS";"Bij calamiteiten bellen: Niet urgente meldingen m.b.t. schade- storing m.b.t. slagboom of pollers (vezips): meldingvkt@erdi.nl, cc aan vezips@amsterdam.nl Urgent tijdens kantoortijden: 075-6553055 Urgent buiten kantoortijden: 075-6315112 (w.o. weekend en feestdagen) Telefonische meldingen graag via email bevestigen aan: meldingvkt@erdi.nl, cc aan vezips@amsterdam.nl ";"POINT(4.871804,52.357681)";"POINT(52.357681,4.871804)";4.871804;52.357681;
66;"183";"VZ69";"RC600";"Stadhouderskade/Vondelpark, Loc 42";0;"00.00-24.00";"Anders";"";"V&OR VIS";"Bij calamiteiten bellen: Niet urgente meldingen m.b.t. schade- storing m.b.t. slagboom of pollers (vezips): meldingvkt@erdi.nl, cc aan vezips@amsterdam.nl Urgent tijdens kantoortijden: 075-6553055 Urgent buiten kantoortijden: 075-6315112 (w.o. weekend en feestdagen) Telefonische meldingen graag via email bevestigen aan: meldingvkt@erdi.nl, cc aan vezips@amsterdam";"POINT(4.881755,52.361687)";"POINT(52.361687,4.881755)";4.881755;52.361687;
67;"183";"VZ60";"RC600";"De Mirandalaan, Loc 20";0;"00.00-00.00";"Anders";"";"V&OR VIS";"Bij calamiteiten bellen: Niet urgente meldingen m.b.t. schade- storing m.b.t. slagboom of pollers (vezips): meldingvkt@erdi.nl, cc aan vezips@amsterdam.nl Urgent tijdens kantoortijden: 075-6553055 Urgent buiten kantoortijden: 075-6315112 (w.o. weekend en feestdagen) Telefonische meldingen graag via email bevestigen aan: meldingvkt@erdi.nl, cc aan vezips@amsterdam.nl ";"POINT(4.9009232,52.3380824)";"POINT(52.3380824,4.9009232)";4.9009232;52.3380824;
68;"183";"VZ65";"RC600";"Haringvlietstraat, Loc 25";0;"00.00-00.00";"Anders";"";"V&OR VIS";"Bij calamiteiten bellen: Niet urgente meldingen m.b.t. schade- storing m.b.t. slagboom of pollers (vezips): meldingvkt@erdi.nl, cc aan vezips@amsterdam.nl Urgent tijdens kantoortijden: 075-6553055 Urgent buiten kantoortijden: 075-6315112 (w.o. weekend en feestdagen) Telefonische meldingen graag via email bevestigen aan: meldingvkt@erdi.nl, cc aan vezips@amsterdam.nl ";"POINT(4.886454,52.344612)";"POINT(52.344612,4.886454)";4.886454;52.344612;
69;"183";"VZ62";"RC600";"Kennedylaan, Loc 22";0;"00.00-00.00";"Anders";"";"V&OR VIS";"Bij calamiteiten bellen: Niet urgente meldingen m.b.t. schade- storing m.b.t. slagboom of pollers (vezips): meldingvkt@erdi.nl, cc aan vezips@amsterdam.nl Urgent tijdens kantoortijden: 075-6553055 Urgent buiten kantoortijden: 075-6315112 (w.o. weekend en feestdagen) Telefonische meldingen graag via email bevestigen aan: meldingvkt@erdi.nl, cc aan vezips@amsterdam.nl ";"POINT(4.897383,52.340946)";"POINT(52.340946,4.897383)";4.897383;52.340946;
70;"183";"VZ63";"RC600";"Rooseveldlaan, Loc 23";0;"00.00-00.00";"Anders";"";"V&OR VIS";"Bij calamiteiten bellen: Niet urgente meldingen m.b.t. schade- storing m.b.t. slagboom of pollers (vezips): meldingvkt@erdi.nl, cc aan vezips@amsterdam.nl Urgent tijdens kantoortijden: 075-6553055 Urgent buiten kantoortijden: 075-6315112 (w.o. weekend en feestdagen) Telefonische meldingen graag via email bevestigen aan: meldingvkt@erdi.nl, cc aan vezips@amsterdam.nl ";"POINT(4.896615,52.342767)";"POINT(52.342767,4.896615)";4.896615;52.342767;
71;"183";"VZ61";"RC600";"Gelrestraat, Loc 21";0;"00.00-00.00";"Anders";"";"V&OR VIS";"Bij calamiteiten bellen: Niet urgente meldingen m.b.t. schade- storing m.b.t. slagboom of pollers (vezips): meldingvkt@erdi.nl, cc aan vezips@amsterdam.nl Urgent tijdens kantoortijden: 075-6553055 Urgent buiten kantoortijden: 075-6315112 (w.o. weekend en feestdagen) Telefonische meldingen graag via email bevestigen aan: meldingvkt@erdi.nl, cc aan vezips@amsterdam.nl ";"POINT(4.893544,52.340472)";"POINT(52.340472,4.893544)";4.893544;52.340472;
72;"183";"VZ66";"RC600";"T. Vermeulenpad, Loc 26";0;"00.00-24.00";"Anders";"";"V&OR VIS";"Bij calamiteiten bellen: Niet urgente meldingen m.b.t. schade- storing m.b.t. slagboom of pollers (vezips): meldingvkt@erdi.nl, cc aan vezips@amsterdam.nl Urgent tijdens kantoortijden: 075-6553055 Urgent buiten kantoortijden: 075-6315112 (w.o. weekend en feestdagen) Telefonische meldingen graag via email bevestigen aan: meldingvkt@erdi.nl, cc aan vezips@amsterdam.nl ";"POINT(4.8744186,52.3397395)";"POINT(52.3397395,4.8744186)";4.8744186;52.3397395;
73;"183";"VZ73";"RC600";"Honthorstsstraat/Museumplein, Loc 46";0;"00.00-24.00";"Anders";"";"V&OR VIS";"Bij calamiteiten bellen: Niet urgente meldingen m.b.t. schade- storing m.b.t. slagboom of pollers (vezips): meldingvkt@erdi.nl, cc aan vezips@amsterdam.nl Urgent tijdens kantoortijden: 075-6553055 Urgent buiten kantoortijden: 075-6315112 (w.o. weekend en feestdagen) Telefonische meldingen graag via email bevestigen aan: meldingvkt@erdi.nl, cc aan vezips@amsterdam.nl ";"POINT(4.883499,52.358036)";"POINT(52.358036,4.883499)";4.883499;52.358036;
74;"183";"VZ71";"RC600";"P. Potterstraat/Museumplein, Loc 44";0;"00.00-8.00/11.00-24.00";"Anders";"";"V&OR VIS";"Bij calamiteiten bellen: Niet urgente meldingen m.b.t. schade- storing m.b.t. slagboom of pollers (vezips): meldingvkt@erdi.nl, cc aan vezips@amsterdam.nl Urgent tijdens kantoortijden: 075-6553055 Urgent buiten kantoortijden: 075-6315112 (w.o. weekend en feestdagen) Telefonische meldingen graag via email bevestigen aan: meldingvkt@erdi.nl, cc aan vezips@amsterdam.nl ";"POINT(4.882065,52.358965)";"POINT(52.358965,4.882065)";4.882065;52.358965;
75;"183";"VZ72";"RC600";"J. Vermeerstraat/Museumplein, Loc 45";0;"00.00-24.00";"Anders";"";"V&OR VIS";"Bij calamiteiten bellen: Niet urgente meldingen m.b.t. schade- storing m.b.t. slagboom of pollers (vezips): meldingvkt@erdi.nl, cc aan vezips@amsterdam.nl Urgent tijdens kantoortijden: 075-6553055 Urgent buiten kantoortijden: 075-6315112 (w.o. weekend en feestdagen) Telefonische meldingen graag via email bevestigen aan: meldingvkt@erdi.nl, cc aan vezips@amsterdam.nl ";"POINT(4.884382,52.357878)";"POINT(52.357878,4.884382)";4.884382;52.357878;
76;"183";"VNW47";"";"Delftlandplein, Loc 1";0;"00.00-24.00";"Anders";"Regellicht";"V&OR VIS";"Bij calamiteiten bellen Niet urgente melding m.b.t. schade- storing aan m.b.t. slagboom of pollers (vezips): meldingvkt@erdi.nl  , cc aan vezips@amsterdam.nl Urgent tijdens kantoortijden: 075-6553055 Urgent buiten kantoortijden: 075-6315112 (w.o. weekend/feestdagen)  Telefonische meldingen graag via mail bevestigen meldingvkt@erdi.nl  , cc aan vezips@amsterdam.nl ellen: ";"POINT(4.8402475,52.3487032)";"POINT(52.3487032,4.8402475)";4.8402475;52.3487032;
77;"183";"VW49";"RC600";"Gashouder rechts, Loc 2";0;"";"Anders";"Regellicht";"V&OR VIS";"Bij calamiteiten bellen: Niet urgente meldingen m.b.t. schade- storing m.b.t. slagboom of pollers (vezips): meldingvkt@erdi.nl, cc aan vezips@amsterdam.nl Urgent tijdens kantoortijden: 075-6553055 Urgent buiten kantoortijden: 075-6315112 (w.o. weekend en feestdagen) Telefonische meldingen graag via email bevestigen aan: meldingvkt@erdi.nl, cc aan vezips@amsterdam.nl ";"POINT(4.871617,52.386449)";"POINT(52.386449,4.871617)";4.871617;52.386449;
78;"183";"VW48";"RC600";"Gashouder links, Loc 1";0;"";"Anders";"Regellicht";"V&OR VIS";"Bij calamiteiten bellen: Niet urgente meldingen m.b.t. schade- storing m.b.t. slagboom of pollers (vezips): meldingvkt@erdi.nl, cc aan vezips@amsterdam.nl Urgent tijdens kantoortijden: 075-6553055 Urgent buiten kantoortijden: 075-6315112 (w.o. weekend en feestdagen) Telefonische meldingen graag via email bevestigen aan: meldingvkt@erdi.nl, cc aan vezips@amsterdam.nl ";"POINT(4.869781,52.386396)";"POINT(52.386396,4.869781)";4.869781;52.386396;
79;"183";"VN45";"RC600";"Buiksloterdraaibrug, Loc 3 (werkt stand alone)";0;"";"Anders";"Regellicht";"V&OR VIS";"Bij calamiteiten bellen: Niet urgente meldingen m.b.t. schade- storing m.b.t. slagboom of pollers (vezips): meldingvkt@erdi.nl, cc aan vezips@amsterdam.nl Urgent tijdens kantoortijden: 075-6553055 Urgent buiten kantoortijden: 075-6315112 (w.o. weekend en feestdagen) Telefonische meldingen graag via email bevestigen aan: meldingvkt@erdi.nl, cc aan vezips@amsterdam.nl ";"POINT(4.9216015,52.398993)";"POINT(52.398993,4.9216015)";4.9216015;52.398993;
80;"183";"VN44";"RC600C";"Tolhuisweg, Loc 2";2018;"00.00-24.00";"Anders";"Regellicht";"V&OR VIS";"Bij calamiteiten bellen: Niet urgente meldingen m.b.t. schade- storing m.b.t. slagboom of pollers (vezips): meldingvkt@erdi.nl, cc aan vezips@amsterdam.nl Urgent tijdens kantoortijden: 075-6553055 Urgent buiten kantoortijden: 075-6315112 (w.o. weekend en feestdagen) Telefonische meldingen graag via email bevestigen aan: meldingvkt@erdi.nl, cc aan vezips@amsterdam.nl ";"POINT(4.9060827,52.3834663)";"POINT(52.3834663,4.9060827)";4.9060827;52.3834663;
81;"183";"NB geen gemeente";"";"Buikslotermeerplein 120";0;"";"";"";"";"";"POINT(4.937098,52.399631)";"POINT(52.399631,4.937098)";4.937098;52.399631;
82;"183";"NB geen gemeente";"";"Buikslotermeerplein 152";0;"";"";"";"";"";"POINT(4.937512,52.397844)";"POINT(52.397844,4.937512)";4.937512;52.397844;
83;"183";"NB geen gemeente";"";"Buikslotermeerplein 320";0;"";"";"";"";"";"POINT(4.93887,52.39731)";"POINT(52.39731,4.93887)";4.93887;52.39731;
84;"183";"NB geen gemeente";"";"Buikslotermeerplein 301";0;"";"";"";"";"";"POINT(4.93959,52.398669)";"POINT(52.398669,4.93959)";4.93959;52.398669;
85;"183";"NB geen gemeente";"";"Buikslotermeerplein 235";0;"";"";"";"";"";"POINT(4.938587,52.399061)";"POINT(52.399061,4.938587)";4.938587;52.399061;
86;"183";"VC7";"RC600";"Singel west/Blauwburgwal";0;"00.00-24.00";"Anders";"Regellicht";"V&OR VIS";"Bij calamiteiten bellen: Niet urgente meldingen m.b.t. schade- storing m.b.t. slagboom of pollers (vezips): meldingvkt@erdi.nl, cc aan vezips@amsterdam.nl Urgent tijdens kantoortijden: 075-6553055 Urgent buiten kantoortijden: 075-6315112 (w.o. weekend en feestdagen) Telefonische meldingen graag via email bevestigen aan: meldingvkt@erdi.nl, cc aan vezips@amsterdam";"POINT(4.8910356,52.3763882)";"POINT(52.3763882,4.8910356)";4.8910356;52.3763882;
87;"183";"VO87";"nb";"Frankendael, Loc 30";0;"Ma-Vr 7.00-12.00 uur t.b.v. restaurant";"Anders";"";"V&OR VIS";"Bij calamiteiten bellen: Niet urgente meldingen m.b.t. schade- storing m.b.t. slagboom of pollers (vezips): meldingvkt@erdi.nl, cc aan vezips@amsterdam.nl Urgent tijdens kantoortijden: 075-6553055 Urgent buiten kantoortijden: 075-6315112 (w.o. weekend en feestdagen) Telefonische meldingen graag via email bevestigen aan: meldingvkt@erdi.nl, cc aan vezips@amsterdam.nl ";"POINT(4.9288013,52.3516671)";"POINT(52.3516671,4.9288013)";4.9288013;52.3516671;
88;"183";"VN43";"";"Papaverweg, Loc 1";0;"00.00-24.00";"Anders";"Regellicht";"V&OR VIS";"Bij calamiteiten bellen: Niet urgente meldingen m.b.t. schade- storing m.b.t. slagboom of pollers (vezips): meldingvkt@erdi.nl, cc aan vezips@amsterdam.nl Urgent tijdens kantoortijden: 075-6553055 Urgent buiten kantoortijden: 075-6315112 (w.o. weekend en feestdagen) Telefonische meldingen graag via email bevestigen aan: meldingvkt@erdi.nl, cc aan vezips@amsterdam.nl ";"POINT(4.8984182,52.399531)";"POINT(52.399531,4.8984182)";4.8984182;52.399531;
90;"183";"VC88";"RC600";"Raamplein";2019;"Do 22.00-24.00/VR-Za 00.00-6.00/22.00-24.00/Zo 00.00-6.00";"Kentekenherkenning";"Kenteken - Regellicht";"V&OR VIS";"Bij calamiteiten bellen: Niet urgente meldingen m.b.t. schade- storing m.b.t. slagboom of pollers (vezips): meldingvkt@erdi.nl, cc aan vezips@amsterdam.nl Urgent tijdens kantoortijden: 075-6553055 Urgent buiten kantoortijden: 075-6315112 (w.o. weekend en feestdagen) Telefonische meldingen graag via email bevestigen aan: meldingvkt@erdi.nl, cc aan vezips@amsterdam";"POINT(4.8804694,52.3660327)";"POINT(52.3660327,4.8804694)";4.8804694;52.3660327;
91;"183";"VC03";"RC600";"Leidsegracht ";2019;"Do 22.00-24.00/VR-Za 00.00-6.00/22.00-24.00/Zo 00.00-6.00";"Anders";"Regellicht";"V&OR VIS";"Bij calamiteiten bellen: Niet urgente meldingen m.b.t. schade- storing m.b.t. slagboom of pollers (vezips): meldingvkt@erdi.nl, cc aan vezips@amsterdam.nl Urgent tijdens kantoortijden: 075-6553055 Urgent buiten kantoortijden: 075-6315112 (w.o. weekend en feestdagen) Telefonische meldingen graag via email bevestigen aan: meldingvkt@erdi.nl, cc aan vezips@amsterdam";"POINT(4.8823024,52.3660875)";"POINT(52.3660875,4.8823024)";4.8823024;52.3660875;
92;"183";"VC93";"ATM";"Kalverstraat inrit Dam";2019;"07.00-11.00";"Intercom";"Toezicht";"V&OR VIS";"Bij calamiteiten bellen: Niet urgente meldingen m.b.t. schade- storing m.b.t. slagboom of pollers (vezips): meldingvkt@erdi.nl, cc aan vezips@amsterdam.nl Urgent tijdens kantoortijden: 075-6553055 Urgent buiten kantoortijden: 075-6315112 (w.o. weekend en feestdagen) Telefonische meldingen graag via email bevestigen aan: meldingvkt@erdi.nl, cc aan vezips@amsterdam";"POINT(4.8920392,52.3723545)";"POINT(52.3723545,4.8920392)";4.8920392;52.3723545;
93;"183";"VC91";"ATM";"Kalverstraat inrit Spui zuid";2019;"07.00-11.00";"Anders";"Toezicht";"V&OR VIS";"Bij calamiteiten bellen: Niet urgente meldingen m.b.t. schade- storing m.b.t. slagboom of pollers (vezips): meldingvkt@erdi.nl, cc aan vezips@amsterdam.nl Urgent tijdens kantoortijden: 075-6553055 Urgent buiten kantoortijden: 075-6315112 (w.o. weekend en feestdagen) Telefonische meldingen graag via email bevestigen aan: meldingvkt@erdi.nl, cc aan vezips@amsterdam";"POINT(4.8911165,52.3687295)";"POINT(52.3687295,4.8911165)";4.8911165;52.3687295;
94;"183";"VC90";"ATM";"Heilige weg inrit";2019;"07.00-11.00";"Intercom";"Toezicht";"V&OR VIS";"Bij calamiteiten bellen: Niet urgente meldingen m.b.t. schade- storing m.b.t. slagboom of pollers (vezips): meldingvkt@erdi.nl, cc aan vezips@amsterdam.nl Urgent tijdens kantoortijden: 075-6553055 Urgent buiten kantoortijden: 075-6315112 (w.o. weekend en feestdagen) Telefonische meldingen graag via email bevestigen aan: meldingvkt@erdi.nl, cc aan vezips@amsterdam";"POINT(4.8912791,52.3678398)";"POINT(52.3678398,4.8912791)";4.8912791;52.3678398;
95;"183";"VC89";"ATM";"Kalverstraat uitrit Muntplein";2019;"07.00-11.00";"Anders";"Toezicht";"V&OR VIS";"Bij calamiteiten bellen: Niet urgente meldingen m.b.t. schade- storing m.b.t. slagboom of pollers (vezips): meldingvkt@erdi.nl, cc aan vezips@amsterdam.nl Urgent tijdens kantoortijden: 075-6553055 Urgent buiten kantoortijden: 075-6315112 (w.o. weekend en feestdagen) Telefonische meldingen graag via email bevestigen aan: meldingvkt@erdi.nl, cc aan vezips@amsterdam";"POINT(4.8926888,52.3673394)";"POINT(52.3673394,4.8926888)";4.8926888;52.3673394;
96;"183";"VC92";"ATM";"Kalverstraat uitrit Spui noord";2019;"07.00-11.00";"Anders";"Toezicht";"V&OR VIS";"Bij calamiteiten bellen: Niet urgente meldingen m.b.t. schade- storing m.b.t. slagboom of pollers (vezips): meldingvkt@erdi.nl, cc aan vezips@amsterdam.nl Urgent tijdens kantoortijden: 075-6553055 Urgent buiten kantoortijden: 075-6315112 (w.o. weekend en feestdagen) Telefonische meldingen graag via email bevestigen aan: meldingvkt@erdi.nl, cc aan vezips@amsterdam";"POINT(4.8910185,52.3691118)";"POINT(52.3691118,4.8910185)";4.8910185;52.3691118;
97;"183";"VC14";"";"Sint Olofspoort/Zeedijk uit";0;"00.00-7.00/11.30-24.00";"Pasje";"Regellicht";"V&OR VIS";"Bij calamiteiten bellen: Niet urgente meldingen m.b.t. schade- storing m.b.t. slagboom of pollers (vezips): meldingvkt@erdi.nl, cc aan vezips@amsterdam.nl Urgent tijdens kantoortijden: 075-6553055 Urgent buiten kantoortijden: 075-6315112 (w.o. weekend en feestdagen) Telefonische meldingen graag via email bevestigen aan: meldingvkt@erdi.nl, cc aan vezips@amsterdam";"POINT(4.8999363,52.376328)";"POINT(52.376328,4.8999363)";4.8999363;52.376328;
98;"183";"VO84";"RC600";"Myside, Loc 22 Veemkade 1000";0;"00.00-7.00/21.00-24.00";"Pasje";"";"V&OR VIS";"Bij calamiteiten bellen: Niet urgente meldingen m.b.t. schade- storing m.b.t. slagboom of pollers (vezips): meldingvkt@erdi.nl, cc aan vezips@amsterdam.nl Urgent tijdens kantoortijden: 075-6553055 Urgent buiten kantoortijden: 075-6315112 (w.o. weekend en feestdagen) Telefonische meldingen graag via email bevestigen aan: meldingvkt@erdi.nl, cc aan vezips@amsterdam.nl ";"POINT(4.9332995,52.3749727)";"POINT(52.3749727,4.9332995)";4.9332995;52.3749727;
99;"183";"slagboom (onbekend beh";"Slagboom";"Hoekenrodeplein";0;"";"Anders";"";"onbekend";"";"POINT(4.9474047,52.3130446)";"POINT(52.3130446,4.9474047)";4.9474047;52.3130446;
100;"183";"VC94";"ATM";"Nieuwendijk uitrit Dam";2019;"";"Anders";"Toezicht";"V&OR VIS";"Bij calamiteiten bellen: Niet urgente meldingen m.b.t. schade- storing m.b.t. slagboom of pollers (vezips): meldingvkt@erdi.nl, cc aan vezips@amsterdam.nl Urgent tijdens kantoortijden: 075-6553055 Urgent buiten kantoortijden: 075-6315112 (w.o. weekend en feestdagen) Telefonische meldingen graag via email bevestigen aan: meldingvkt@erdi.nl, cc aan vezips@amsterdam";"POINT(4.892561,52.3735083)";"POINT(52.3735083,4.892561)";4.892561;52.3735083;
101;"183";"VC19";"RC600";"Bethanienstraat/Kloverniersburgwal in/uit";0;"00.00-24.00";"Anders";"Regellicht";"V&OR VIS";"Bij calamiteiten bellen: Niet urgente meldingen m.b.t. schade- storing m.b.t. slagboom of pollers (vezips): meldingvkt@erdi.nl, cc aan vezips@amsterdam.nl Urgent tijdens kantoortijden: 075-6553055 Urgent buiten kantoortijden: 075-6315112 (w.o. weekend en feestdagen) Telefonische meldingen graag via email bevestigen aan: meldingvkt@erdi.nl, cc aan vezips@amsterdam.nl ";"POINT(4.8988879,52.3715353)";"POINT(52.3715353,4.8988879)";4.8988879;52.3715353;
102;"183";"VC31";"RC600?";"Oude turfmarkt / Nieuwe Doelenstraat in/uit";0;"00.00-7.00/11.00-24.00";"Anders";"Regellicht";"V&OR VIS";"Bij calamiteiten bellen: Niet urgente meldingen m.b.t. schade- storing m.b.t. slagboom of pollers (vezips): meldingvkt@erdi.nl, cc aan vezips@amsterdam.nl Urgent tijdens kantoortijden: 075-6553055 Urgent buiten kantoortijden: 075-6315112 (w.o. weekend en feestdagen) Telefonische meldingen graag via email bevestigen aan: meldingvkt@erdi.nl, cc aan vezips@amsterdam.nl ";"POINT(4.8939158,52.3678007)";"POINT(52.3678007,4.8939158)";4.8939158;52.3678007;
103;"183";"VC38";"RC600";"Dijksgracht West";2019;"Omhoog 17.00-Omlaag 7.00";"Anders";"Regellicht";"V&OR VIS";"Bij calamiteiten bellen: Niet urgente meldingen m.b.t. schade- storing m.b.t. slagboom of pollers (vezips): meldingvkt@erdi.nl, cc aan vezips@amsterdam.nl Urgent tijdens kantoortijden: 075-6553055 Urgent buiten kantoortijden: 075-6315112 (w.o. weekend en feestdagen) Telefonische meldingen graag via email bevestigen aan: meldingvkt@erdi.nl, cc aan vezips@amsterdam.nl ";"POINT(4.9203772,52.3755924)";"POINT(52.3755924,4.9203772)";4.9203772;52.3755924;
104;"183";"VZ64";"RC600";"Europaplein, Loc 24";2019;"00.00-00.00";"Anders";"Regellicht";"V&OR VIS";"Bij calamiteiten bellen: Niet urgente meldingen m.b.t. schade- storing m.b.t. slagboom of pollers (vezips): meldingvkt@erdi.nl, cc aan vezips@amsterdam.nl Urgent tijdens kantoortijden: 075-6553055 Urgent buiten kantoortijden: 075-6315112 (w.o. weekend en feestdagen) Telefonische meldingen graag via email bevestigen aan: meldingvkt@erdi.nl, cc aan vezips@amsterdam.nl ";"POINT(4.8937254,52.3417814)";"POINT(52.3417814,4.8937254)";4.8937254;52.3417814;
105;"183";"SZO13";"Slagboom";"Anton de Komplein, Loc 10 ";0;"00.00-24.00";"Anders";"";"V&OR VIS";"Bij calamiteiten bellen: Niet urgente meldingen m.b.t. schade- storing m.b.t. slagboom of pollers (vezips): meldingvkt@erdi.nl, cc aan vezips@amsterdam.nl Urgent tijdens kantoortijden: 075-6553055 Urgent buiten kantoortijden: 075-6315112 (w.o. weekend en feestdagen) Telefonische meldingen graag via email bevestigen aan: meldingvkt@erdi.nl, cc aan vezips@amsterdam.nl ";"POINT(4.955732,52.3157043)";"POINT(52.3157043,4.955732)";4.955732;52.3157043;
106;"183";"SW16";"Slagboom";"Slingerlandbrug, Loc 3";0;"";"Anders";"";"V&OR VIS";"Bij calamiteiten bellen: Niet urgente meldingen m.b.t. schade- storing m.b.t. slagboom of pollers (vezips): meldingvkt@erdi.nl, cc aan vezips@amsterdam.nl Urgent tijdens kantoortijden: 075-6553055 Urgent buiten kantoortijden: 075-6315112 (w.o. weekend en feestdagen) Telefonische meldingen graag via email bevestigen aan: meldingvkt@erdi.nl, cc aan vezips@amsterdam.nl ";"POINT(4.8654319,52.3857133)";"POINT(52.3857133,4.8654319)";4.8654319;52.3857133;
107;"183";"SW17  per juni 2020 ve";"Slagboom";"Inrit portiersloge, Loc 4";0;"";"Anders";"";"V&OR VIS";"Per juni 2020 verwijderd  Bij calamiteiten bellen: Niet urgente meldingen m.b.t. schade- storing m.b.t. slagboom of pollers (vezips): meldingvkt@erdi.nl, cc aan vezips@amsterdam.nl Urgent tijdens kantoortijden: 075-6553055 Urgent buiten kantoortijden: 075-6315112 (w.o. weekend en feestdagen) Telefonische meldingen graag via email bevestigen aan: meldingvkt@erdi.nl, cc aan vezips@amsterdam.nl ";"POINT(4.8751745,52.38588)";"POINT(52.38588,4.8751745)";4.8751745;52.38588;
108;"183";"SW18 per juni 2020 vew";"Slagboom";"Uitrit portiersloge, Loc 5";0;"";"Anders";"";"V&OR VIS";"Per juni 2020 verwijderd   Bij calamiteiten bellen: Niet urgente meldingen m.b.t. schade- storing m.b.t. slagboom of pollers (vezips): meldingvkt@erdi.nl, cc aan vezips@amsterdam.nl Urgent tijdens kantoortijden: 075-6553055 Urgent buiten kantoortijden: 075-6315112 (w.o. weekend en feestdagen) Telefonische meldingen graag via email bevestigen aan: meldingvkt@erdi.nl, cc aan vezips@amsterdam.nl ";"POINT(4.8751729,52.3859116)";"POINT(52.3859116,4.8751729)";4.8751729;52.3859116;
109;"183";"SW19 per juni 2020 vew";"Slagboom";"Zij ingang portiersloge, Loc 6";0;"";"Anders";"";"V&OR VIS";"Per juni 2020 verwijderd   Bij calamiteiten bellen: Niet urgente meldingen m.b.t. schade- storing m.b.t. slagboom of pollers (vezips): meldingvkt@erdi.nl, cc aan vezips@amsterdam.nl Urgent tijdens kantoortijden: 075-6553055 Urgent buiten kantoortijden: 075-6315112 (w.o. weekend en feestdagen) Telefonische meldingen graag via email bevestigen aan: meldingvkt@erdi.nl, cc aan vezips@amsterdam.nl ";"POINT(4.875182,52.3859423)";"POINT(52.3859423,4.875182)";4.875182;52.3859423;
110;"183";"SZO15 ";"Slagboom";"Remmerdenplein, Loc 20";0;"00.00-24.00";"Anders";"";"V&OR VIS";"Bij calamiteiten bellen: Niet urgente meldingen m.b.t. schade- storing m.b.t. slagboom of pollers (vezips): meldingvkt@erdi.nl, cc aan vezips@amsterdam.nl Urgent tijdens kantoortijden: 075-6553055 Urgent buiten kantoortijden: 075-6315112 (w.o. weekend en feestdagen) Telefonische meldingen graag via email bevestigen aan: meldingvkt@erdi.nl, cc aan vezips@amsterdam.nl ";"POINT(4.9748873,52.2975117)";"POINT(52.2975117,4.9748873)";4.9748873;52.2975117;
111;"183";"SZO11 lo5 ZO";"Slagboom";"Hoekenrodeplein";0;"00.00-24.00";"Anders";"";"V&OR VIS";"Bij calamiteiten bellen: Niet urgente meldingen m.b.t. schade- storing m.b.t. slagboom of pollers (vezips): meldingvkt@erdi.nl, cc aan vezips@amsterdam.nl Urgent tijdens kantoortijden: 075-6553055 Urgent buiten kantoortijden: 075-6315112 (w.o. weekend en feestdagen) Telefonische meldingen graag via email bevestigen aan: meldingvkt@erdi.nl, cc aan vezips@amsterdam.nl ";"POINT(4.9482501,52.3118678)";"POINT(52.3118678,4.9482501)";4.9482501;52.3118678;
112;"183";"SO21 (Niet in beheer)";"Slagboom";"Cruquiusweg, Loc 32 (Niet in beheer)";0;"";"Anders";"";"Werf";"";"POINT(4.9496805,52.3679245)";"POINT(52.3679245,4.9496805)";4.9496805;52.3679245;
113;"183";"SO20 (Niet in beheer)";"Slagboom";"Rozenburglaan, Loc 31 (Niet in beheer)";0;"";"Anders";"";"Werf";"";"POINT(4.9376598,52.3385793)";"POINT(52.3385793,4.9376598)";4.9376598;52.3385793;
114;"183";"SZO9";"Slagboom";"Arena Entree inrit, Loc 3 ";0;"00.00-24.00";"Anders";"Kenteken";"V&OR Stedelijk Beheer-VIS";"";"POINT(4.941571,52.3117959)";"POINT(52.3117959,4.941571)";4.941571;52.3117959;
115;"183";"SZO10";"Slagboom";"Arena Entree uitrit, Loc 4";0;"00.00-24.00";"Anders";"";"V&OR Stedelijk Beheer-VIS";"";"POINT(4.9414439,52.3118106)";"POINT(52.3118106,4.9414439)";4.9414439;52.3118106;
116;"183";"SZ08 LOC 2 ZO";"slagboom";"Arena P-risk uitrit";0;"nvt";"Pasje";"";"V&OR Stedelijk Beheer-VIS";"";"POINT(4.9385356,52.3162514)";"POINT(52.3162514,4.9385356)";4.9385356;52.3162514;
117;"183";"SZ07 loc1 ZO";"slagboom";"Arena P risk Inrit";0;"nvt";"Pasje";"";"V&OR Stedelijk Beheer-VIS";"";"POINT(4.9384472,52.3162354)";"POINT(52.3162354,4.9384472)";4.9384472;52.3162354;
118;"183";"SZ012 loc6 ZO";"Slagboom";"Bijlmerdreef";0;"6-11 uur";"Anders";"";"V&OR Stedelijk Beheer-VIS";"";"POINT(4.9467697,52.3133652)";"POINT(52.3133652,4.9467697)";4.9467697;52.3133652;
119;"183";"SZ014 loc 11 ZO";"Slagboom";"Hoogoorddreef";0;"06.00-11.00 uur";"Anders";"";"V&OR Stedelijk Beheer-VIS";"";"POINT(4.9532031,52.3128739)";"POINT(52.3128739,4.9532031)";4.9532031;52.3128739;
120;"183";"VC04";"RC600";"Blauwburgwal  thv 1";2020;"NVT";"Anders";"Regellicht";"Project /V&OR Stedelijk Beheer";"In oplevering  Betreft automatische uitrit ";"POINT(4.8909046,52.3763551)";"POINT(52.3763551,4.8909046)";4.8909046;52.3763551;
121;"183";"VN46";"RC600";"Overhoeksplein/Bercylaan";2020;"NNB";"Anders";"";"project /V&OR SB VIs";"2 pollers, 1 installatie, in aanleg";"POINT(4.9022896,52.38452)";"POINT(52.38452,4.9022896)";4.9022896;52.38452;

