OBJECTNUMMER;Banknummer;Huidig_type;Definitief_type;Definitief_foto;Geadopteerd;Tekstplaat;Rotatie;Categorie;WKT_LNG_LAT;WKT_LAT_LNG;LNG;LAT;
1;"04.01";"Parkietenbank";"Parkietenbank";"parkietenbank.jpg";"Beschikbaar";"";14;"Zitbank";"POINT(4.856252,52.354662)";"POINT(52.354662,4.856252)";4.856252;52.354662;
2;"04.02";"Parkietenbank";"Parkietenbank";"parkietenbank.jpg";"Beschikbaar";"";355;"Zitbank";"POINT(4.856311,52.354658)";"POINT(52.354658,4.856311)";4.856311;52.354658;
3;"04.03";"Parkietenbank";"Parkietenbank";"parkietenbank.jpg";"Beschikbaar";"";340;"Zitbank";"POINT(4.856363,52.354664)";"POINT(52.354664,4.856363)";4.856363;52.354664;
4;"04.04";"Parkietenbank";"Parkietenbank";"parkietenbank.jpg";"Ja";"TP-04-04.jpg";319;"Zitbank";"POINT(4.856417,52.354684)";"POINT(52.354684,4.856417)";4.856417;52.354684;
5;"04.05";"Parkietenbank";"Parkietenbank";"parkietenbank.jpg";"Ja";"TP-04-05.jpg";300;"Zitbank";"POINT(4.856457,52.354711)";"POINT(52.354711,4.856457)";4.856457;52.354711;
6;"04.06";"Parkietenbank";"Parkietenbank";"parkietenbank.jpg";"Ja";"TP-04-06.jpg";286;"Zitbank";"POINT(4.856478,52.35474)";"POINT(52.35474,4.856478)";4.856478;52.35474;
7;"04.08";"Parkietenbank";"Parkietenbank";"parkietenbank.jpg";"Ja";"TP-04-08.jpg";227;"Zitbank";"POINT(4.856436,52.354848)";"POINT(52.354848,4.856436)";4.856436;52.354848;
8;"04.09";"Parkietenbank";"Parkietenbank";"parkietenbank.jpg";"Ja";"TP-04-09.jpg";208;"Zitbank";"POINT(4.856392,52.354869)";"POINT(52.354869,4.856392)";4.856392;52.354869;
9;"04.10";"Parkietenbank";"Parkietenbank";"parkietenbank.jpg";"Ja";"TP-04-10.jpg";192;"Zitbank";"POINT(4.856337,52.354882)";"POINT(52.354882,4.856337)";4.856337;52.354882;
10;"10.01";"Platanenbank";"Platanenbank";"platanenbank.jpg";"Beschikbaar";"";210;"Zitbank";"POINT(4.856163,52.355465)";"POINT(52.355465,4.856163)";4.856163;52.355465;
11;"10.06";"Platanenbank";"Platanenbank";"platanenbank.jpg";"Beschikbaar";"";130;"Zitbank";"POINT(4.855727,52.356247)";"POINT(52.356247,4.855727)";4.855727;52.356247;
12;"10.07";"Platanenbank";"Platanenbank";"platanenbank.jpg";"Beschikbaar";"";130;"Zitbank";"POINT(4.855756,52.356269)";"POINT(52.356269,4.855756)";4.855756;52.356269;
13;"10.13";"Platanenbank";"Platanenbank";"platanenbank.jpg";"Ja";"TP-10-13.jpg";186;"Zitbank";"POINT(4.858408,52.356627)";"POINT(52.356627,4.858408)";4.858408;52.356627;
14;"10.14";"Platanenbank";"Platanenbank";"platanenbank.jpg";"Ja";"TP-10-14.jpg";186;"Zitbank";"POINT(4.858457,52.356624)";"POINT(52.356624,4.858457)";4.858457;52.356624;
15;"10.17";"Platanenbank";"Platanenbank";"platanenbank.jpg";"Ja";"TP-10-17.jpg";177;"Zitbank";"POINT(4.858852,52.356629)";"POINT(52.356629,4.858852)";4.858852;52.356629;
16;"10.18";"Platanenbank";"Platanenbank";"platanenbank.jpg";"Ja";"TP-10-18.jpg";177;"Zitbank";"POINT(4.8589,52.356631)";"POINT(52.356631,4.8589)";4.8589;52.356631;
17;"10.20";"Canapé";"Platanenbank";"platanenbank.jpg";"Beschikbaar";"";157;"Zitbank";"POINT(4.858844,52.357105)";"POINT(52.357105,4.858844)";4.858844;52.357105;
18;"10.21";"Canapé";"Platanenbank";"platanenbank.jpg";"Beschikbaar";"";158;"Zitbank";"POINT(4.858957,52.357132)";"POINT(52.357132,4.858957)";4.858957;52.357132;
19;"10.22";"Canapé";"Platanenbank";"platanenbank.jpg";"Beschikbaar";"";158;"Zitbank";"POINT(4.859067,52.357161)";"POINT(52.357161,4.859067)";4.859067;52.357161;
20;"10.19";"Platanenbank";"Platanenbank";"platanenbank.jpg";"Ja";"TP-10-19.jpg";109;"Zitbank";"POINT(4.859309,52.357006)";"POINT(52.357006,4.859309)";4.859309;52.357006;
21;"10.23";"Canapé";"Platanenbank";"platanenbank.jpg";"Beschikbaar";"";159;"Zitbank";"POINT(4.860148,52.357432)";"POINT(52.357432,4.860148)";4.860148;52.357432;
22;"10.24";"Canapé";"Platanenbank";"platanenbank.jpg";"Beschikbaar";"";159;"Zitbank";"POINT(4.860257,52.357458)";"POINT(52.357458,4.860257)";4.860257;52.357458;
23;"10.26";"Platanenbank";"Platanenbank";"platanenbank.jpg";"Beschikbaar";"";126;"Zitbank";"POINT(4.860864,52.357361)";"POINT(52.357361,4.860864)";4.860864;52.357361;
24;"10.27";"Platanenbank";"Platanenbank";"platanenbank.jpg";"Ja";"TP-10-27.jpg";122;"Zitbank";"POINT(4.860889,52.357384)";"POINT(52.357384,4.860889)";4.860889;52.357384;
25;"10.28";"Platanenbank";"Platanenbank";"platanenbank.jpg";"Beschikbaar";"";157;"Zitbank";"POINT(4.861779,52.35784)";"POINT(52.35784,4.861779)";4.861779;52.35784;
26;"10.29";"Platanenbank";"Platanenbank";"platanenbank.jpg";"Ja";"TP-10-29.jpg";157;"Zitbank";"POINT(4.861889,52.357866)";"POINT(52.357866,4.861889)";4.861889;52.357866;
27;"10.30";"Platanenbank";"Platanenbank";"platanenbank.jpg";"Ja";"TP-10-30.jpg";157;"Zitbank";"POINT(4.861998,52.357895)";"POINT(52.357895,4.861998)";4.861998;52.357895;
28;"05.20";"Parkietenbank";"Reigerbank";"reigerbank.jpg";"Ja";"TP-05-20.jpg";110;"Zitbank";"POINT(4.856345,52.356217)";"POINT(52.356217,4.856345)";4.856345;52.356217;
29;"05.30";"Reigerbank";"Reigerbank";"reigerbank.jpg";"Beschikbaar";"";72;"Zitbank";"POINT(4.856322,52.355772)";"POINT(52.355772,4.856322)";4.856322;52.355772;
30;"05.18";"Reigerbank";"Reigerbank";"reigerbank.jpg";"Beschikbaar";"";72;"Zitbank";"POINT(4.856382,52.355676)";"POINT(52.355676,4.856382)";4.856382;52.355676;
31;"05.17";"Nog niet geplaatst";"Reigerbank";"reigerbank.jpg";"Beschikbaar, nog niet geplaatst";"";46;"Zitbank";"POINT(4.856578,52.355514)";"POINT(52.355514,4.856578)";4.856578;52.355514;
32;"09.11";"Canapé";"Vleugelnootbank";"vleugelnootbank.jpg";"Beschikbaar";"";182;"Zitbank";"POINT(4.857946,52.355168)";"POINT(52.355168,4.857946)";4.857946;52.355168;
33;"09.12";"Canapé";"Vleugelnootbank";"vleugelnootbank.jpg";"Beschikbaar";"";181;"Zitbank";"POINT(4.857997,52.355166)";"POINT(52.355166,4.857997)";4.857997;52.355166;
34;"09.09";"Canapé";"Vleugelnootbank";"vleugelnootbank.jpg";"Beschikbaar";"";1;"Zitbank";"POINT(4.858096,52.355149)";"POINT(52.355149,4.858096)";4.858096;52.355149;
35;"09.10";"Canapé";"Vleugelnootbank";"vleugelnootbank.jpg";"Beschikbaar";"";1;"Zitbank";"POINT(4.85814,52.355149)";"POINT(52.355149,4.85814)";4.85814;52.355149;
36;"06.01";"Eekhoornbank";"Eekhoornbank";"eekhoornbank.jpg";"Beschikbaar";"";205;"Zitbank";"POINT(4.858269,52.354793)";"POINT(52.354793,4.858269)";4.858269;52.354793;
37;"06.02";"Eekhoornbank";"Eekhoornbank";"eekhoornbank.jpg";"Beschikbaar";"";205;"Zitbank";"POINT(4.858305,52.354783)";"POINT(52.354783,4.858305)";4.858305;52.354783;
38;"09.13";"Vleugelnootbank";"Vleugelnootbank";"vleugelnootbank.jpg";"Beschikbaar";"";347;"Zitbank";"POINT(4.859059,52.355102)";"POINT(52.355102,4.859059)";4.859059;52.355102;
39;"09.14";"Vleugelnootbank";"Vleugelnootbank";"vleugelnootbank.jpg";"Beschikbaar";"";345;"Zitbank";"POINT(4.859195,52.355126)";"POINT(52.355126,4.859195)";4.859195;52.355126;
40;"06.04";"Eekhoornbank";"Eekhoornbank";"eekhoornbank.jpg";"Ja";"TP-06-04.jpg";158;"Zitbank";"POINT(4.859501,52.354806)";"POINT(52.354806,4.859501)";4.859501;52.354806;
41;"09.15";"Vleugelnootbank";"Vleugelnootbank";"vleugelnootbank.jpg";"Beschikbaar";"";336;"Zitbank";"POINT(4.859645,52.355358)";"POINT(52.355358,4.859645)";4.859645;52.355358;
42;"09.16";"Vleugelnootbank";"Vleugelnootbank";"vleugelnootbank.jpg";"Beschikbaar";"";336;"Zitbank";"POINT(4.859722,52.355379)";"POINT(52.355379,4.859722)";4.859722;52.355379;
43;"09.17";"Vleugelnootbank";"Vleugelnootbank";"vleugelnootbank.jpg";"Beschikbaar";"";336;"Zitbank";"POINT(4.859769,52.355392)";"POINT(52.355392,4.859769)";4.859769;52.355392;
44;"06.07";"Eekhoornbank";"Eekhoornbank";"eekhoornbank.jpg";"Beschikbaar";"";296;"Zitbank";"POINT(4.86032,52.355251)";"POINT(52.355251,4.86032)";4.86032;52.355251;
45;"06.06";"Eekhoornbank";"Eekhoornbank";"eekhoornbank.jpg";"Beschikbaar";"";297;"Zitbank";"POINT(4.860301,52.355227)";"POINT(52.355227,4.860301)";4.860301;52.355227;
46;"05.15";"Reigerbank";"Reigerbank";"reigerbank.jpg";"Beschikbaar";"";162;"Zitbank";"POINT(4.860005,52.356501)";"POINT(52.356501,4.860005)";4.860005;52.356501;
47;"05.14";"Reigerbank";"Reigerbank";"reigerbank.jpg";"Beschikbaar";"";160;"Zitbank";"POINT(4.860052,52.356512)";"POINT(52.356512,4.860052)";4.860052;52.356512;
48;"05.16";"Parkietenbank";"Reigerbank";"reigerbank.jpg";"Ja";"TP-05-16.jpg";45;"Zitbank";"POINT(4.859796,52.356201)";"POINT(52.356201,4.859796)";4.859796;52.356201;
49;"09.21";"Vleugelnootbank";"Vleugelnootbank";"vleugelnootbank.jpg";"Ja";"TP-09-21.jpg";349;"Zitbank";"POINT(4.862546,52.355995)";"POINT(52.355995,4.862546)";4.862546;52.355995;
50;"09.22";"Vleugelnootbank";"Vleugelnootbank";"vleugelnootbank.jpg";"Beschikbaar";"";350;"Zitbank";"POINT(4.862612,52.356003)";"POINT(52.356003,4.862612)";4.862612;52.356003;
51;"09.23";"Canapé";"Vleugelnootbank";"vleugelnootbank.jpg";"Beschikbaar";"";351;"Zitbank";"POINT(4.86302,52.356134)";"POINT(52.356134,4.86302)";4.86302;52.356134;
52;"09.24";"Canapé";"Vleugelnootbank";"vleugelnootbank.jpg";"Beschikbaar";"";354;"Zitbank";"POINT(4.863482,52.356168)";"POINT(52.356168,4.863482)";4.863482;52.356168;
53;"09.25";"Canapé";"Vleugelnootbank";"vleugelnootbank.jpg";"Beschikbaar";"";354;"Zitbank";"POINT(4.863529,52.356171)";"POINT(52.356171,4.863529)";4.863529;52.356171;
54;"09.27";"Vleugelnootbank";"Vleugelnootbank";"vleugelnootbank.jpg";"Ja";"TP-09-27.jpg";176;"Zitbank";"POINT(4.863825,52.356088)";"POINT(52.356088,4.863825)";4.863825;52.356088;
55;"09.26";"Vleugelnootbank";"Vleugelnootbank";"vleugelnootbank.jpg";"Beschikbaar";"";176;"Zitbank";"POINT(4.863774,52.356086)";"POINT(52.356086,4.863774)";4.863774;52.356086;
56;"09.28";"Vleugelnootbank";"Vleugelnootbank";"vleugelnootbank.jpg";"Beschikbaar";"";354;"Zitbank";"POINT(4.865018,52.356103)";"POINT(52.356103,4.865018)";4.865018;52.356103;
57;"09.29";"Vleugelnootbank";"Vleugelnootbank";"vleugelnootbank.jpg";"Beschikbaar";"";354;"Zitbank";"POINT(4.865067,52.356108)";"POINT(52.356108,4.865067)";4.865067;52.356108;
58;"09.30";"Vleugelnootbank";"Vleugelnootbank";"vleugelnootbank.jpg";"Ja";"TP-09-30.jpg";351;"Zitbank";"POINT(4.865098,52.35624)";"POINT(52.35624,4.865098)";4.865098;52.35624;
59;"09.31";"Nog niet geplaatst";"Vleugelnootbank";"vleugelnootbank.jpg";"Beschikbaar, nog niet geplaatst";"";350;"Zitbank";"POINT(4.865397,52.356267)";"POINT(52.356267,4.865397)";4.865397;52.356267;
60;"09.32";"Nog niet geplaatst";"Vleugelnootbank";"vleugelnootbank.jpg";"Beschikbaar, nog niet geplaatst";"";169;"Zitbank";"POINT(4.865534,52.356188)";"POINT(52.356188,4.865534)";4.865534;52.356188;
61;"06.10";"Reigerbank";"Eekhoornbank";"eekhoornbank.jpg";"Ja";"TP-06-10v2.jpg";158;"Zitbank";"POINT(4.86552,52.355624)";"POINT(52.355624,4.86552)";4.86552;52.355624;
62;"06.11";"Eekhoornbank";"Eekhoornbank";"eekhoornbank.jpg";"Ja";"TP-06-10.jpg";152;"Zitbank";"POINT(4.865762,52.355689)";"POINT(52.355689,4.865762)";4.865762;52.355689;
63;"06.12";"Canapé";"Eekhoornbank";"eekhoornbank.jpg";"Ja";"TP-06-12.jpg";153;"Zitbank";"POINT(4.865806,52.355703)";"POINT(52.355703,4.865806)";4.865806;52.355703;
64;"06.08";"Nog niet geplaatst";"Eekhoornbank";"eekhoornbank.jpg";"Beschikbaar, nog niet geplaatst";"";223;"Zitbank";"POINT(4.86478,52.355647)";"POINT(52.355647,4.86478)";4.86478;52.355647;
65;"06.09";"Eekhoornbank";"Eekhoornbank";"eekhoornbank.jpg";"Ja";"TP-06-09.jpg";219;"Zitbank";"POINT(4.864816,52.355629)";"POINT(52.355629,4.864816)";4.864816;52.355629;
66;"06.13";"Eekhoornbank";"Eekhoornbank";"eekhoornbank.jpg";"Ja";"TP-06-13.jpg";143;"Zitbank";"POINT(4.866034,52.355785)";"POINT(52.355785,4.866034)";4.866034;52.355785;
67;"05.26";"Nog niet geplaatst";"Reigerbank";"reigerbank.jpg";"Beschikbaar, nog niet geplaatst";"";310;"Zitbank";"POINT(4.867009,52.354749)";"POINT(52.354749,4.867009)";4.867009;52.354749;
68;"05.27";"Reigerbank";"Reigerbank";"reigerbank.jpg";"Ja";"TP-05-27.jpg";297;"Zitbank";"POINT(4.867112,52.354856)";"POINT(52.354856,4.867112)";4.867112;52.354856;
69;"05.28";"Nog niet geplaatst";"Reigerbank";"reigerbank.jpg";"Beschikbaar, nog niet geplaatst";"";290;"Zitbank";"POINT(4.867181,52.354969)";"POINT(52.354969,4.867181)";4.867181;52.354969;
70;"08.01";"Lindebank";"Lindebank";"lindebank.jpg";"Beschikbaar";"";163;"Zitbank";"POINT(4.866115,52.356384)";"POINT(52.356384,4.866115)";4.866115;52.356384;
71;"08.02";"Lindebank";"Lindebank";"lindebank.jpg";"Beschikbaar";"";160;"Zitbank";"POINT(4.866527,52.35648)";"POINT(52.35648,4.866527)";4.866527;52.35648;
72;"08.03";"Lindebank";"Lindebank";"lindebank.jpg";"Beschikbaar";"";334;"Zitbank";"POINT(4.867192,52.356523)";"POINT(52.356523,4.867192)";4.867192;52.356523;
73;"12.01";"Rondom boom";"Rondom boom";"rondom boom.jpg";"Niet beschikbaar";"";180;"Bijzonder";"POINT(4.866225,52.35625)";"POINT(52.35625,4.866225)";4.866225;52.35625;
74;"08.04";"Lindebank";"Lindebank";"lindebank.jpg";"Beschikbaar";"";330;"Zitbank";"POINT(4.867704,52.356688)";"POINT(52.356688,4.867704)";4.867704;52.356688;
75;"08.05";"Lindebank";"Lindebank";"lindebank.jpg";"Beschikbaar";"";329;"Zitbank";"POINT(4.868066,52.356825)";"POINT(52.356825,4.868066)";4.868066;52.356825;
76;"08.06";"Lindebank";"Lindebank";"lindebank.jpg";"Beschikbaar";"";326;"Zitbank";"POINT(4.868561,52.357027)";"POINT(52.357027,4.868561)";4.868561;52.357027;
77;"12.02";"Rondom boom";"Rondom boom";"rondom boom.jpg";"Niet beschikbaar";"";180;"Bijzonder";"POINT(4.869237,52.357519)";"POINT(52.357519,4.869237)";4.869237;52.357519;
78;"08.07";"Lindebank";"Lindebank";"lindebank.jpg";"Ja";"TP-08-07.jpg";7;"Zitbank";"POINT(4.869651,52.357402)";"POINT(52.357402,4.869651)";4.869651;52.357402;
79;"08.08";"Lindebank";"Lindebank";"lindebank.jpg";"Ja";"TP-08-08.jpg";353;"Zitbank";"POINT(4.870176,52.357398)";"POINT(52.357398,4.870176)";4.870176;52.357398;
80;"04.18";"Nog niet geplaatst";"Parkietenbank";"parkietenbank.jpg";"Beschikbaar, nog niet geplaatst";"";184;"Zitbank";"POINT(4.869826,52.357485)";"POINT(52.357485,4.869826)";4.869826;52.357485;
81;"04.19";"Nog niet geplaatst";"Parkietenbank";"parkietenbank.jpg";"Beschikbaar, nog niet geplaatst";"";180;"Zitbank";"POINT(4.869934,52.357485)";"POINT(52.357485,4.869934)";4.869934;52.357485;
82;"04.20";"Parkietenbank";"Parkietenbank";"parkietenbank.jpg";"Ja";"TP-04-20.jpg";162;"Zitbank";"POINT(4.870458,52.357545)";"POINT(52.357545,4.870458)";4.870458;52.357545;
83;"04.21";"Parkietenbank";"Parkietenbank";"parkietenbank.jpg";"Ja";"TP-04-21.jpg";159;"Zitbank";"POINT(4.870524,52.357559)";"POINT(52.357559,4.870524)";4.870524;52.357559;
84;"08.09";"Lindebank";"Lindebank";"lindebank.jpg";"Ja";"TP-08-09.jpg";335;"Zitbank";"POINT(4.87075,52.357503)";"POINT(52.357503,4.87075)";4.87075;52.357503;
85;"04.22";"Parkietenbank";"Parkietenbank";"parkietenbank.jpg";"Ja";"TP-04-22.jpg";147;"Zitbank";"POINT(4.871116,52.357756)";"POINT(52.357756,4.871116)";4.871116;52.357756;
86;"04.23";"Parkietenbank";"Parkietenbank";"parkietenbank.jpg";"Ja";"TP-04-23.jpg";143;"Zitbank";"POINT(4.871158,52.357777)";"POINT(52.357777,4.871158)";4.871158;52.357777;
87;"08.13";"Nog niet geplaatst";"Lindebank";"lindebank.jpg";"Beschikbaar, nog niet geplaatst";"";303;"Zitbank";"POINT(4.871648,52.358061)";"POINT(52.358061,4.871648)";4.871648;52.358061;
88;"08.10";"Nog niet geplaatst";"Lindebank";"lindebank.jpg";"Beschikbaar, nog niet geplaatst";"";303;"Zitbank";"POINT(4.871676,52.35809)";"POINT(52.35809,4.871676)";4.871676;52.35809;
89;"08.15";"Lindebank";"Lindebank";"lindebank.jpg";"Beschikbaar";"";347;"Zitbank";"POINT(4.872351,52.358001)";"POINT(52.358001,4.872351)";4.872351;52.358001;
90;"08.11";"Reigerbank";"Lindebank";"lindebank.jpg";"Ja";"TP-08-11.jpg";314;"Zitbank";"POINT(4.87189,52.35825)";"POINT(52.35825,4.87189)";4.87189;52.35825;
91;"08.12";"Canapé";"Lindebank";"lindebank.jpg";"Beschikbaar";"";315;"Zitbank";"POINT(4.87193,52.358275)";"POINT(52.358275,4.87193)";4.87193;52.358275;
92;"08.18";"Lindebank";"Lindebank";"lindebank.jpg";"Beschikbaar";"";343;"Zitbank";"POINT(4.872926,52.358089)";"POINT(52.358089,4.872926)";4.872926;52.358089;
93;"08.20";"Lindebank";"Lindebank";"lindebank.jpg";"Ja";"TP-08-20.jpg";339;"Zitbank";"POINT(4.873173,52.358255)";"POINT(52.358255,4.873173)";4.873173;52.358255;
94;"08.21";"Lindebank";"Lindebank";"lindebank.jpg";"Beschikbaar";"";334;"Zitbank";"POINT(4.873424,52.358209)";"POINT(52.358209,4.873424)";4.873424;52.358209;
95;"08.22";"Nog niet geplaatst";"Lindebank";"lindebank.jpg";"Beschikbaar, nog niet geplaatst";"";351;"Zitbank";"POINT(4.873285,52.358461)";"POINT(52.358461,4.873285)";4.873285;52.358461;
96;"08.23";"Nog niet geplaatst";"Lindebank";"lindebank.jpg";"Beschikbaar, nog niet geplaatst";"";351;"Zitbank";"POINT(4.873332,52.358465)";"POINT(52.358465,4.873332)";4.873332;52.358465;
97;"08.24";"Nog niet geplaatst";"Lindebank";"lindebank.jpg";"Beschikbaar, nog niet geplaatst";"";342;"Zitbank";"POINT(4.87355,52.358492)";"POINT(52.358492,4.87355)";4.87355;52.358492;
98;"08.25";"Nog niet geplaatst";"Lindebank";"lindebank.jpg";"Beschikbaar, nog niet geplaatst";"";341;"Zitbank";"POINT(4.873592,52.358499)";"POINT(52.358499,4.873592)";4.873592;52.358499;
99;"08.26";"Nog niet geplaatst";"Lindebank";"lindebank.jpg";"Beschikbaar, nog niet geplaatst";"";329;"Zitbank";"POINT(4.873866,52.358577)";"POINT(52.358577,4.873866)";4.873866;52.358577;
100;"08.27";"Nog niet geplaatst";"Lindebank";"lindebank.jpg";"Beschikbaar, nog niet geplaatst";"";325;"Zitbank";"POINT(4.87391,52.358593)";"POINT(52.358593,4.87391)";4.87391;52.358593;
101;"08.28";"Nog niet geplaatst";"Lindebank";"lindebank.jpg";"Beschikbaar, nog niet geplaatst";"";319;"Zitbank";"POINT(4.874094,52.358679)";"POINT(52.358679,4.874094)";4.874094;52.358679;
102;"08.29";"Nog niet geplaatst";"Lindebank";"lindebank.jpg";"Beschikbaar, nog niet geplaatst";"";308;"Zitbank";"POINT(4.87413,52.358704)";"POINT(52.358704,4.87413)";4.87413;52.358704;
103;"08.30";"Lindebank";"Lindebank";"lindebank.jpg";"Beschikbaar";"";315;"Zitbank";"POINT(4.874173,52.358528)";"POINT(52.358528,4.874173)";4.874173;52.358528;
104;"08.31";"Lindebank";"Lindebank";"lindebank.jpg";"Beschikbaar";"";315;"Zitbank";"POINT(4.874208,52.358552)";"POINT(52.358552,4.874208)";4.874208;52.358552;
105;"08.32";"Canapé";"Lindebank";"lindebank.jpg";"Beschikbaar";"";330;"Zitbank";"POINT(4.874382,52.358664)";"POINT(52.358664,4.874382)";4.874382;52.358664;
106;"08.33";"Canapé";"Lindebank";"lindebank.jpg";"Beschikbaar";"";5;"Zitbank";"POINT(4.874579,52.358651)";"POINT(52.358651,4.874579)";4.874579;52.358651;
107;"08.34";"Canapé";"Lindebank";"lindebank.jpg";"Beschikbaar";"";179;"Zitbank";"POINT(4.874777,52.358745)";"POINT(52.358745,4.874777)";4.874777;52.358745;
108;"06.16";"Eekhoornbank";"Eekhoornbank";"eekhoornbank.jpg";"Beschikbaar";"";136;"Zitbank";"POINT(4.861109,52.357052)";"POINT(52.357052,4.861109)";4.861109;52.357052;
109;"06.18";"Eekhoornbank";"Eekhoornbank";"eekhoornbank.jpg";"Beschikbaar";"";140;"Zitbank";"POINT(4.861184,52.357093)";"POINT(52.357093,4.861184)";4.861184;52.357093;
110;"06.25";"Eekhoornbank";"Eekhoornbank";"eekhoornbank.jpg";"Ja";"TP-06-25.jpg";40;"Zitbank";"POINT(4.86232,52.357229)";"POINT(52.357229,4.86232)";4.86232;52.357229;
111;"06.20";"Eekhoornbank";"Eekhoornbank";"eekhoornbank.jpg";"Beschikbaar";"";137;"Zitbank";"POINT(4.86251,52.356874)";"POINT(52.356874,4.86251)";4.86251;52.356874;
112;"02.01";"Rozenbank";"Rozenbank";"rozenbank.jpg";"Ja";"TP-02-01.jpg";179;"Zitbank";"POINT(4.863175,52.357941)";"POINT(52.357941,4.863175)";4.863175;52.357941;
113;"02.02";"Rozenbank";"Rozenbank";"rozenbank.jpg";"Ja";"TP-02-02.jpg";236;"Zitbank";"POINT(4.863244,52.35792)";"POINT(52.35792,4.863244)";4.863244;52.35792;
114;"02.03";"Rozenbank";"Rozenbank";"rozenbank.jpg";"Ja";"TP-02-03.jpg";120;"Zitbank";"POINT(4.863299,52.357926)";"POINT(52.357926,4.863299)";4.863299;52.357926;
115;"02.04";"Rozenbank";"Rozenbank";"rozenbank.jpg";"Ja";"TP-02-04.jpg";176;"Zitbank";"POINT(4.863345,52.357945)";"POINT(52.357945,4.863345)";4.863345;52.357945;
116;"02.05";"Rozenbank";"Rozenbank";"rozenbank.jpg";"Ja";"TP-02-05.jpg";233;"Zitbank";"POINT(4.863447,52.357926)";"POINT(52.357926,4.863447)";4.863447;52.357926;
117;"00.01";"Oprichtersbank";"Oprichtersbank";"oprichtersbank.jpg";"Niet beschikbaar";"";180;"Bijzonder";"POINT(4.8630635,52.3579794)";"POINT(52.3579794,4.8630635)";4.8630635;52.3579794;
118;"02.06";"Rozenbank";"Rozenbank";"rozenbank.jpg";"Ja";"TP-02-10.jpg";180;"Zitbank";"POINT(4.863803,52.357817)";"POINT(52.357817,4.863803)";4.863803;52.357817;
119;"02.07";"Rozenbank";"Rozenbank";"rozenbank.jpg";"Ja";"TP-01-35.jpg";236;"Zitbank";"POINT(4.863867,52.357795)";"POINT(52.357795,4.863867)";4.863867;52.357795;
120;"02.08";"Rozenbank";"Rozenbank";"rozenbank.jpg";"Ja";"TP-02-08.jpg";178;"Zitbank";"POINT(4.863911,52.357783)";"POINT(52.357783,4.863911)";4.863911;52.357783;
121;"02.09";"Rozenbank";"Rozenbank";"rozenbank.jpg";"Ja";"TP-02-09.jpg";238;"Zitbank";"POINT(4.86398,52.357753)";"POINT(52.357753,4.86398)";4.86398;52.357753;
122;"02.10";"Rozenbank";"Rozenbank";"rozenbank.jpg";"Ja";"TP-02-10.jpg";295;"Zitbank";"POINT(4.863987,52.357704)";"POINT(52.357704,4.863987)";4.863987;52.357704;
123;"02.11";"Rozenbank";"Rozenbank";"rozenbank.jpg";"Ja";"";178;"Zitbank";"POINT(4.864021,52.357678)";"POINT(52.357678,4.864021)";4.864021;52.357678;
124;"02.12";"Rozenbank";"Rozenbank";"rozenbank.jpg";"Ja";"";235;"Zitbank";"POINT(4.864086,52.357653)";"POINT(52.357653,4.864086)";4.864086;52.357653;
125;"02.13";"Rozenbank";"Rozenbank";"rozenbank.jpg";"Ja";"TP-02-13.jpg";179;"Zitbank";"POINT(4.864324,52.357651)";"POINT(52.357651,4.864324)";4.864324;52.357651;
126;"02.14";"Rozenbank";"Rozenbank";"rozenbank.jpg";"Ja";"TP-02-14a.jpg";234;"Zitbank";"POINT(4.86439,52.357631)";"POINT(52.357631,4.86439)";4.86439;52.357631;
127;"02.15";"Rozenbank";"Rozenbank";"rozenbank.jpg";"Ja";"";179;"Zitbank";"POINT(4.864435,52.35762)";"POINT(52.35762,4.864435)";4.864435;52.35762;
128;"02.16";"Rozenbank";"Rozenbank";"rozenbank.jpg";"Ja";"";237;"Zitbank";"POINT(4.864497,52.357595)";"POINT(52.357595,4.864497)";4.864497;52.357595;
129;"02.17";"Rozenbank";"Rozenbank";"rozenbank.jpg";"Ja";"TP-02-14.jpg";238;"Zitbank";"POINT(4.864417,52.357402)";"POINT(52.357402,4.864417)";4.864417;52.357402;
130;"02.18";"Rozenbank";"Rozenbank";"rozenbank.jpg";"Ja";"TP-02-18.jpg";296;"Zitbank";"POINT(4.864412,52.357349)";"POINT(52.357349,4.864412)";4.864412;52.357349;
131;"02.19";"Rozenbank";"Rozenbank";"rozenbank.jpg";"Ja";"TP-02-19.jpg";356;"Zitbank";"POINT(4.864348,52.35732)";"POINT(52.35732,4.864348)";4.864348;52.35732;
132;"02.20";"Rozenbank";"Rozenbank";"rozenbank.jpg";"Ja";"TP-02-20.jpg";299;"Zitbank";"POINT(4.864304,52.357299)";"POINT(52.357299,4.864304)";4.864304;52.357299;
133;"02.21";"Rozenbank";"Rozenbank";"rozenbank.jpg";"Ja";"TP-02-21.jpg";356;"Zitbank";"POINT(4.864247,52.35728)";"POINT(52.35728,4.864247)";4.864247;52.35728;
134;"02.22";"Rozenbank";"Rozenbank";"rozenbank.jpg";"Ja";"TP-02-22.jpg";300;"Zitbank";"POINT(4.864208,52.357259)";"POINT(52.357259,4.864208)";4.864208;52.357259;
135;"02.28";"Rozenbank";"Rozenbank";"rozenbank.jpg";"Ja";"TP-02-28.jpg";355;"Zitbank";"POINT(4.864157,52.357241)";"POINT(52.357241,4.864157)";4.864157;52.357241;
136;"02.29";"Rozenbank";"Rozenbank";"rozenbank.jpg";"Beschikbaar";"";297;"Zitbank";"POINT(4.864114,52.357224)";"POINT(52.357224,4.864114)";4.864114;52.357224;
137;"02.30";"Rozenbank";"Rozenbank";"rozenbank.jpg";"Ja";"TP-02-30.jpg";356;"Zitbank";"POINT(4.86406,52.357201)";"POINT(52.357201,4.86406)";4.86406;52.357201;
138;"02.31";"Rozenbank";"Rozenbank";"rozenbank.jpg";"Ja";"TP-02-30.jpg";298;"Zitbank";"POINT(4.864018,52.357188)";"POINT(52.357188,4.864018)";4.864018;52.357188;
139;"02.32";"Rozenbank";"Rozenbank";"rozenbank.jpg";"Beschikbaar";"";356;"Zitbank";"POINT(4.863968,52.35717)";"POINT(52.35717,4.863968)";4.863968;52.35717;
140;"02.26";"Rozenbank";"Rozenbank";"rozenbank.jpg";"Beschikbaar";"";134;"Zitbank";"POINT(4.864248,52.357176)";"POINT(52.357176,4.864248)";4.864248;52.357176;
141;"02.25";"Rozenbank";"Rozenbank";"rozenbank.jpg";"Ja";"TP-02-25.jpg";138;"Zitbank";"POINT(4.864418,52.357274)";"POINT(52.357274,4.864418)";4.864418;52.357274;
142;"02.24";"Rozenbank";"Rozenbank";"rozenbank.jpg";"Ja";"TP-02-24.jpg";138;"Zitbank";"POINT(4.864499,52.35732)";"POINT(52.35732,4.864499)";4.864499;52.35732;
143;"02.23";"Rozenbank";"Rozenbank";"rozenbank.jpg";"Ja";"";138;"Zitbank";"POINT(4.864572,52.357361)";"POINT(52.357361,4.864572)";4.864572;52.357361;
144;"02.27";"Rozenbank";"Rozenbank";"rozenbank.jpg";"Beschikbaar";"";146;"Zitbank";"POINT(4.863956,52.357033)";"POINT(52.357033,4.863956)";4.863956;52.357033;
145;"10.32";"Nog niet geplaatst";"Platanenbank";"platanenbank.jpg";"Beschikbaar, nog niet geplaatst";"";225;"Zitbank";"POINT(4.866729,52.35834)";"POINT(52.35834,4.866729)";4.866729;52.35834;
146;"01.43";"Mussenbank";"Mussenbank";"mussenbank.jpg";"Beschikbaar";"";149;"Zitbank";"POINT(4.864598,52.358381)";"POINT(52.358381,4.864598)";4.864598;52.358381;
147;"01.42";"Mussenbank";"Mussenbank";"mussenbank.jpg";"Beschikbaar";"";159;"Zitbank";"POINT(4.864649,52.358397)";"POINT(52.358397,4.864649)";4.864649;52.358397;
148;"01.36";"Mussenbank";"Mussenbank";"mussenbank.jpg";"Ja";"TP-01-36.jpg";26;"Zitbank";"POINT(4.864633,52.358132)";"POINT(52.358132,4.864633)";4.864633;52.358132;
149;"01.37";"Mussenbank";"Mussenbank";"mussenbank.jpg";"Beschikbaar";"";14;"Zitbank";"POINT(4.864691,52.358116)";"POINT(52.358116,4.864691)";4.864691;52.358116;
150;"01.38";"Mussenbank";"Mussenbank";"mussenbank.jpg";"Ja";"TP-01-32.jpg";0;"Zitbank";"POINT(4.864751,52.358112)";"POINT(52.358112,4.864751)";4.864751;52.358112;
151;"01.39";"Mussenbank";"Mussenbank";"mussenbank.jpg";"Beschikbaar";"";261;"Zitbank";"POINT(4.864972,52.358278)";"POINT(52.358278,4.864972)";4.864972;52.358278;
152;"01.40";"Mussenbank";"Mussenbank";"mussenbank.jpg";"Beschikbaar";"";245;"Zitbank";"POINT(4.864951,52.358316)";"POINT(52.358316,4.864951)";4.864951;52.358316;
153;"01.41";"Mussenbank";"Mussenbank";"mussenbank.jpg";"Beschikbaar";"";231;"Zitbank";"POINT(4.864922,52.358345)";"POINT(52.358345,4.864922)";4.864922;52.358345;
154;"01.51";"Mussenbank";"Mussenbank";"mussenbank.jpg";"Ja";"TP-01-51.jpg";140;"Zitbank";"POINT(4.8653907,52.3583131)";"POINT(52.3583131,4.8653907)";4.8653907;52.3583131;
155;"01.50";"Mussenbank";"Mussenbank";"mussenbank.jpg";"Beschikbaar";"";135;"Zitbank";"POINT(4.865345,52.3582894)";"POINT(52.3582894,4.865345)";4.865345;52.3582894;
156;"01.35";"Mussenbank";"Mussenbank";"mussenbank.jpg";"Ja";"TP-01-35.jpg";80;"Zitbank";"POINT(4.8653403,52.358135)";"POINT(52.358135,4.8653403)";4.8653403;52.358135;
157;"01.34";"Mussenbank";"Mussenbank";"mussenbank.jpg";"Ja";"TP-01-34.jpg";65;"Zitbank";"POINT(4.86536,52.358103)";"POINT(52.358103,4.86536)";4.86536;52.358103;
158;"01.33";"Mussenbank";"Mussenbank";"mussenbank.jpg";"Ja";"TP-01-33.jpg";55;"Zitbank";"POINT(4.8653943,52.3580716)";"POINT(52.3580716,4.8653943)";4.8653943;52.3580716;
159;"01.32";"Mussenbank";"Mussenbank";"mussenbank.jpg";"Ja";"TP-01-32.jpg";40;"Zitbank";"POINT(4.8654323,52.3580475)";"POINT(52.3580475,4.8654323)";4.8654323;52.3580475;
160;"01.28";"Mussenbank";"Mussenbank";"mussenbank.jpg";"Ja";"TP-01-28.jpg";197;"Zitbank";"POINT(4.865653,52.358318)";"POINT(52.358318,4.865653)";4.865653;52.358318;
161;"01.29";"Mussenbank";"Mussenbank";"mussenbank.jpg";"Beschikbaar";"";210;"Zitbank";"POINT(4.865709,52.358304)";"POINT(52.358304,4.865709)";4.865709;52.358304;
162;"01.30";"Mussenbank";"Mussenbank";"mussenbank.jpg";"Ja";"TP-01-30.jpg";222;"Zitbank";"POINT(4.865755,52.358283)";"POINT(52.358283,4.865755)";4.865755;52.358283;
163;"01.31";"Mussenbank";"Mussenbank";"mussenbank.jpg";"Ja";"TP-01-31.jpg";232;"Zitbank";"POINT(4.8657923,52.3582564)";"POINT(52.3582564,4.8657923)";4.8657923;52.3582564;
164;"05.01";"Canapé";"Reigerbank";"reigerbank.jpg";"Beschikbaar";"";70;"Zitbank";"POINT(4.865112,52.357506)";"POINT(52.357506,4.865112)";4.865112;52.357506;
165;"05.02";"Canapé";"Reigerbank";"reigerbank.jpg";"Beschikbaar";"";70;"Zitbank";"POINT(4.865126,52.357483)";"POINT(52.357483,4.865126)";4.865126;52.357483;
166;"05.03";"Canapé";"Reigerbank";"reigerbank.jpg";"Beschikbaar";"";250;"Zitbank";"POINT(4.865267,52.35754)";"POINT(52.35754,4.865267)";4.865267;52.35754;
167;"05.04";"Canapé";"Reigerbank";"reigerbank.jpg";"Beschikbaar";"";250;"Zitbank";"POINT(4.865279,52.357519)";"POINT(52.357519,4.865279)";4.865279;52.357519;
168;"05.05";"Canapé";"Reigerbank";"reigerbank.jpg";"Ja";"TP-05-05.jpg";163;"Zitbank";"POINT(4.865769,52.357668)";"POINT(52.357668,4.865769)";4.865769;52.357668;
169;"05.06";"Reigerbank";"Reigerbank";"reigerbank.jpg";"Ja";"TP-05-06.jpg";331;"Zitbank";"POINT(4.866126,52.357755)";"POINT(52.357755,4.866126)";4.866126;52.357755;
170;"05.07";"Reigerbank";"Reigerbank";"reigerbank.jpg";"Ja";"TP-05-07.jpg";142;"Zitbank";"POINT(4.866385,52.357863)";"POINT(52.357863,4.866385)";4.866385;52.357863;
171;"05.08";"Reigerbank";"Reigerbank";"reigerbank.jpg";"Ja";"TP-05-08.jpg";322;"Zitbank";"POINT(4.86654,52.357939)";"POINT(52.357939,4.86654)";4.86654;52.357939;
172;"05.09";"Reigerbank";"Reigerbank";"reigerbank.jpg";"Ja";"TP-05-09.jpg";211;"Zitbank";"POINT(4.86706,52.357652)";"POINT(52.357652,4.86706)";4.86706;52.357652;
173;"05.11";"Reigerbank";"Reigerbank";"reigerbank.jpg";"Ja";"TP-05-11.jpg";81;"Zitbank";"POINT(4.867194,52.357462)";"POINT(52.357462,4.867194)";4.867194;52.357462;
174;"05.12";"Reigerbank";"Reigerbank";"reigerbank.jpg";"Beschikbaar";"";63;"Zitbank";"POINT(4.867341,52.357204)";"POINT(52.357204,4.867341)";4.867341;52.357204;
175;"05.13";"Reigerbank";"Reigerbank";"reigerbank.jpg";"Ja";"TP-05-13.jpg";65;"Zitbank";"POINT(4.867381,52.357158)";"POINT(52.357158,4.867381)";4.867381;52.357158;
176;"06.33";"Canapé";"Eekhoornbank";"eekhoornbank.jpg";"Beschikbaar";"";330;"Zitbank";"POINT(4.868089,52.357908)";"POINT(52.357908,4.868089)";4.868089;52.357908;
177;"06.32";"Canapé";"Eekhoornbank";"eekhoornbank.jpg";"Beschikbaar";"";327;"Zitbank";"POINT(4.868146,52.357928)";"POINT(52.357928,4.868146)";4.868146;52.357928;
178;"06.31";"Canapé";"Eekhoornbank";"eekhoornbank.jpg";"Beschikbaar";"";330;"Zitbank";"POINT(4.868184,52.357941)";"POINT(52.357941,4.868184)";4.868184;52.357941;
179;"06.30";"Eekhoornbank";"Eekhoornbank";"eekhoornbank.jpg";"Ja";"TP-06-30.jpg";81;"Zitbank";"POINT(4.869006,52.357782)";"POINT(52.357782,4.869006)";4.869006;52.357782;
180;"06.29";"Eekhoornbank";"Eekhoornbank";"eekhoornbank.jpg";"Ja";"TP-06-29.jpg";81;"Zitbank";"POINT(4.869015,52.357748)";"POINT(52.357748,4.869015)";4.869015;52.357748;
181;"06.28";"Eekhoornbank";"Eekhoornbank";"eekhoornbank.jpg";"Ja";"TP-06-28.jpg";81;"Zitbank";"POINT(4.869026,52.357713)";"POINT(52.357713,4.869026)";4.869026;52.357713;
182;"04.17";"Nog niet geplaatst";"Parkietenbank";"parkietenbank.jpg";"Beschikbaar, nog niet geplaatst";"";63;"Zitbank";"POINT(4.869241,52.357688)";"POINT(52.357688,4.869241)";4.869241;52.357688;
183;"06.34";"Nog niet geplaatst";"Eekhoornbank";"eekhoornbank.jpg";"Beschikbaar, nog niet geplaatst";"";146;"Zitbank";"POINT(4.866194,52.359098)";"POINT(52.359098,4.866194)";4.866194;52.359098;
184;"06.36";"Nog niet geplaatst";"Eekhoornbank";"eekhoornbank.jpg";"Beschikbaar, nog niet geplaatst";"";180;"Zitbank";"POINT(4.867107,52.359253)";"POINT(52.359253,4.867107)";4.867107;52.359253;
185;"07.03";"Nog niet geplaatst";"Kastanjebank";"kastanjebank.jpg";"Beschikbaar, nog niet geplaatst";"";115;"Zitbank";"POINT(4.868547,52.359623)";"POINT(52.359623,4.868547)";4.868547;52.359623;
186;"07.05";"Nog niet geplaatst";"Kastanjebank";"kastanjebank.jpg";"Beschikbaar, nog niet geplaatst";"";155;"Zitbank";"POINT(4.869098,52.359818)";"POINT(52.359818,4.869098)";4.869098;52.359818;
187;"07.06";"Nog niet geplaatst";"Kastanjebank";"kastanjebank.jpg";"Beschikbaar, nog niet geplaatst";"";199;"Zitbank";"POINT(4.869717,52.359853)";"POINT(52.359853,4.869717)";4.869717;52.359853;
188;"07.07";"Nog niet geplaatst";"Kastanjebank";"kastanjebank.jpg";"Beschikbaar, nog niet geplaatst";"";230;"Zitbank";"POINT(4.870063,52.359687)";"POINT(52.359687,4.870063)";4.870063;52.359687;
189;"07.13";"Nog niet geplaatst";"Kastanjebank";"kastanjebank.jpg";"Beschikbaar, nog niet geplaatst";"";120;"Zitbank";"POINT(4.870376,52.359883)";"POINT(52.359883,4.870376)";4.870376;52.359883;
190;"07.09";"Kastanjebank";"Kastanjebank";"kastanjebank.jpg";"Beschikbaar";"";174;"Zitbank";"POINT(4.870046,52.359105)";"POINT(52.359105,4.870046)";4.870046;52.359105;
191;"07.10";"Kastanjebank";"Kastanjebank";"kastanjebank.jpg";"Ja";"TP-07-10.jpg";148;"Zitbank";"POINT(4.870484,52.359195)";"POINT(52.359195,4.870484)";4.870484;52.359195;
192;"07.11";"Kastanjebank";"Kastanjebank";"kastanjebank.jpg";"Beschikbaar";"";144;"Zitbank";"POINT(4.870542,52.359221)";"POINT(52.359221,4.870542)";4.870542;52.359221;
193;"07.12";"Kastanjebank";"Kastanjebank";"kastanjebank.jpg";"Beschikbaar";"";141;"Zitbank";"POINT(4.870597,52.359246)";"POINT(52.359246,4.870597)";4.870597;52.359246;
194;"07.29";"Kastanjebank";"Kastanjebank";"kastanjebank.jpg";"Beschikbaar";"";162;"Zitbank";"POINT(4.869941,52.358968)";"POINT(52.358968,4.869941)";4.869941;52.358968;
195;"07.01";"Kastanjebank";"Kastanjebank";"kastanjebank.jpg";"Beschikbaar";"";118;"Zitbank";"POINT(4.868771,52.35852)";"POINT(52.35852,4.868771)";4.868771;52.35852;
196;"07.02";"Kastanjebank";"Kastanjebank";"kastanjebank.jpg";"Beschikbaar";"";128;"Zitbank";"POINT(4.868873,52.358611)";"POINT(52.358611,4.868873)";4.868873;52.358611;
197;"11.02";"Plankenbank";"Plankenbank";"plankenbank.jpg";"Niet beschikbaar";"";91;"Zitbank";"POINT(4.871146,52.359295)";"POINT(52.359295,4.871146)";4.871146;52.359295;
198;"11.01";"Plankenbank";"Plankenbank";"plankenbank.jpg";"Niet beschikbaar";"";61;"Zitbank";"POINT(4.871156,52.359266)";"POINT(52.359266,4.871156)";4.871156;52.359266;
199;"11.03";"Plankenbank";"Plankenbank";"plankenbank.jpg";"Niet beschikbaar";"";141;"Zitbank";"POINT(4.871267,52.359428)";"POINT(52.359428,4.871267)";4.871267;52.359428;
200;"11.04";"Plankenbank";"Plankenbank";"plankenbank.jpg";"Niet beschikbaar";"";146;"Zitbank";"POINT(4.871306,52.359449)";"POINT(52.359449,4.871306)";4.871306;52.359449;
201;"11.05";"Plankenbank";"Plankenbank";"plankenbank.jpg";"Niet beschikbaar";"";155;"Zitbank";"POINT(4.871351,52.359465)";"POINT(52.359465,4.871351)";4.871351;52.359465;
202;"11.06";"Plankenbank";"Plankenbank";"plankenbank.jpg";"Niet beschikbaar";"";160;"Zitbank";"POINT(4.871397,52.359477)";"POINT(52.359477,4.871397)";4.871397;52.359477;
203;"11.07";"Plankenbank";"Plankenbank";"plankenbank.jpg";"Niet beschikbaar";"";262;"Zitbank";"POINT(4.87156,52.359432)";"POINT(52.359432,4.87156)";4.87156;52.359432;
204;"07.17";"Kastanjebank";"Kastanjebank";"kastanjebank.jpg";"Beschikbaar";"";162;"Zitbank";"POINT(4.871899,52.360103)";"POINT(52.360103,4.871899)";4.871899;52.360103;
205;"07.18";"Kastanjebank";"Kastanjebank";"kastanjebank.jpg";"Beschikbaar";"";155;"Zitbank";"POINT(4.872212,52.360181)";"POINT(52.360181,4.872212)";4.872212;52.360181;
206;"07.19";"Kastanjebank";"Kastanjebank";"kastanjebank.jpg";"Beschikbaar";"";196;"Zitbank";"POINT(4.871903,52.359857)";"POINT(52.359857,4.871903)";4.871903;52.359857;
207;"07.20";"Kastanjebank";"Kastanjebank";"kastanjebank.jpg";"Beschikbaar";"";217;"Zitbank";"POINT(4.872532,52.359709)";"POINT(52.359709,4.872532)";4.872532;52.359709;
208;"07.21";"Kastanjebank";"Kastanjebank";"kastanjebank.jpg";"Beschikbaar";"";200;"Zitbank";"POINT(4.87267,52.359662)";"POINT(52.359662,4.87267)";4.87267;52.359662;
209;"07.25";"Kastanjebank";"Kastanjebank";"kastanjebank.jpg";"Beschikbaar";"";73;"Zitbank";"POINT(4.872869,52.360089)";"POINT(52.360089,4.872869)";4.872869;52.360089;
210;"07.24";"Nog niet geplaatst";"Kastanjebank";"kastanjebank.jpg";"Beschikbaar, nog niet geplaatst";"";73;"Zitbank";"POINT(4.872893,52.360047)";"POINT(52.360047,4.872893)";4.872893;52.360047;
211;"07.23";"Nog niet geplaatst";"Kastanjebank";"kastanjebank.jpg";"Beschikbaar, nog niet geplaatst";"";73;"Zitbank";"POINT(4.872923,52.359992)";"POINT(52.359992,4.872923)";4.872923;52.359992;
212;"07.22";"Kastanjebank";"Kastanjebank";"kastanjebank.jpg";"Beschikbaar";"";252;"Zitbank";"POINT(4.873027,52.359895)";"POINT(52.359895,4.873027)";4.873027;52.359895;
213;"07.26";"Kastanjebank";"Kastanjebank";"kastanjebank.jpg";"Beschikbaar";"";136;"Zitbank";"POINT(4.872582,52.360347)";"POINT(52.360347,4.872582)";4.872582;52.360347;
214;"07.27";"Kastanjebank";"Kastanjebank";"kastanjebank.jpg";"Beschikbaar";"";158;"Zitbank";"POINT(4.873108,52.360538)";"POINT(52.360538,4.873108)";4.873108;52.360538;
215;"07.28";"Kastanjebank";"Kastanjebank";"kastanjebank.jpg";"Ja";"TP-07-28.jpg";162;"Zitbank";"POINT(4.873941,52.360707)";"POINT(52.360707,4.873941)";4.873941;52.360707;
216;"03.01";"Beukenbank";"Beukenbank";"beukenbank.jpg";"Ja";"TP-03-01.jpg";287;"Zitbank";"POINT(4.874308,52.360336)";"POINT(52.360336,4.874308)";4.874308;52.360336;
217;"03.02";"Beukenbank";"Beukenbank";"beukenbank.jpg";"Ja";"TP-03-02.jpg";253;"Zitbank";"POINT(4.874297,52.360284)";"POINT(52.360284,4.874297)";4.874297;52.360284;
219;"03.06";"Beukenbank";"Beukenbank";"beukenbank.jpg";"Beschikbaar";"";146;"Zitbank";"POINT(4.874384,52.360262)";"POINT(52.360262,4.874384)";4.874384;52.360262;
220;"03.07";"Beukenbank";"Beukenbank";"beukenbank.jpg";"Ja";"TP-03-07.jpg";129;"Zitbank";"POINT(4.874417,52.360283)";"POINT(52.360283,4.874417)";4.874417;52.360283;
221;"03.10";"Beukenbank";"Beukenbank";"beukenbank.jpg";"Ja";"TP-03-10.jpg";53;"Zitbank";"POINT(4.87464,52.359868)";"POINT(52.359868,4.87464)";4.87464;52.359868;
222;"03.11";"Beukenbank";"Beukenbank";"beukenbank.jpg";"Ja";"TP-03-11.jpg";30;"Zitbank";"POINT(4.87473,52.359813)";"POINT(52.359813,4.87473)";4.87473;52.359813;
223;"03.13";"Nog niet geplaatst";"Beukenbank";"beukenbank.jpg";"Beschikbaar, nog niet geplaatst";"";30;"Zitbank";"POINT(4.874798,52.35978)";"POINT(52.35978,4.874798)";4.874798;52.35978;
224;"03.12";"Beukenbank";"Beukenbank";"beukenbank.jpg";"Ja";"TP-03-12.jpg";26;"Zitbank";"POINT(4.874871,52.359767)";"POINT(52.359767,4.874871)";4.874871;52.359767;
225;"01.48";"Mussenbank";"Mussenbank";"mussenbank.jpg";"Ja";"TP-01-48.jpg";317;"Zitbank";"POINT(4.875043,52.35974)";"POINT(52.35974,4.875043)";4.875043;52.35974;
226;"01.47";"Mussenbank";"Mussenbank";"mussenbank.jpg";"Ja";"TP-01-47.jpg";330;"Zitbank";"POINT(4.875211,52.359811)";"POINT(52.359811,4.875211)";4.875211;52.359811;
227;"01.46";"Mussenbank";"Mussenbank";"mussenbank.jpg";"Beschikbaar";"";333;"Zitbank";"POINT(4.875283,52.359836)";"POINT(52.359836,4.875283)";4.875283;52.359836;
228;"03.08";"Beukenbank";"Beukenbank";"beukenbank.jpg";"Ja";"TP-03-08.jpg";332;"Zitbank";"POINT(4.873641,52.359412)";"POINT(52.359412,4.873641)";4.873641;52.359412;
229;"03.19";"Beukenbank";"Beukenbank";"beukenbank.jpg";"Ja";"TP-03-19.jpg";166;"Zitbank";"POINT(4.873651,52.359241)";"POINT(52.359241,4.873651)";4.873651;52.359241;
230;"03.20";"Beukenbank";"Beukenbank";"beukenbank.jpg";"Beschikbaar";"";169;"Zitbank";"POINT(4.8737,52.359246)";"POINT(52.359246,4.8737)";4.8737;52.359246;
231;"03.24";"Beukenbank";"Beukenbank";"beukenbank.jpg";"Ja";"TP-02-01.jpg";211;"Zitbank";"POINT(4.874155,52.359197)";"POINT(52.359197,4.874155)";4.874155;52.359197;
232;"03.21";"Beukenbank";"Beukenbank";"beukenbank.jpg";"Ja";"TP-03-19.jpg";206;"Zitbank";"POINT(4.874008,52.35924)";"POINT(52.35924,4.874008)";4.874008;52.35924;
233;"03.22";"Beukenbank";"Beukenbank";"beukenbank.jpg";"Ja";"TP-03-07.jpg";210;"Zitbank";"POINT(4.874058,52.359227)";"POINT(52.359227,4.874058)";4.874058;52.359227;
234;"03.23";"Beukenbank";"Beukenbank";"beukenbank.jpg";"Ja";"TP-02-30.jpg";206;"Zitbank";"POINT(4.874111,52.359212)";"POINT(52.359212,4.874111)";4.874111;52.359212;
235;"03.09";"Beukenbank";"Beukenbank";"beukenbank.jpg";"Ja";"";358;"Zitbank";"POINT(4.874152,52.359521)";"POINT(52.359521,4.874152)";4.874152;52.359521;
236;"03.25";"Beukenbank";"Beukenbank";"beukenbank.jpg";"Ja";"TP-02-30.jpg";224;"Zitbank";"POINT(4.874217,52.359167)";"POINT(52.359167,4.874217)";4.874217;52.359167;
237;"03.26";"Beukenbank";"Beukenbank";"beukenbank.jpg";"Ja";"TP-02-12.jpg";228;"Zitbank";"POINT(4.874265,52.359136)";"POINT(52.359136,4.874265)";4.874265;52.359136;
238;"03.27";"Beukenbank";"Beukenbank";"beukenbank.jpg";"Ja";"TP-03-19.jpg";242;"Zitbank";"POINT(4.874317,52.359093)";"POINT(52.359093,4.874317)";4.874317;52.359093;
239;"04.28";"Parkietenbank";"Parkietenbank";"parkietenbank.jpg";"Beschikbaar";"";90;"Zitbank";"POINT(4.872268,52.359411)";"POINT(52.359411,4.872268)";4.872268;52.359411;
240;"04.27";"Parkietenbank";"Parkietenbank";"parkietenbank.jpg";"Beschikbaar";"";90;"Zitbank";"POINT(4.872267,52.359383)";"POINT(52.359383,4.872267)";4.872267;52.359383;
241;"04.26";"Parkietenbank";"Parkietenbank";"parkietenbank.jpg";"Beschikbaar";"";90;"Zitbank";"POINT(4.872269,52.359357)";"POINT(52.359357,4.872269)";4.872269;52.359357;
242;"04.29";"Parkietenbank";"Parkietenbank";"parkietenbank.jpg";"Beschikbaar";"";269;"Zitbank";"POINT(4.871897,52.359251)";"POINT(52.359251,4.871897)";4.871897;52.359251;
243;"04.30";"Parkietenbank";"Parkietenbank";"parkietenbank.jpg";"Beschikbaar";"";265;"Zitbank";"POINT(4.8719,52.359224)";"POINT(52.359224,4.8719)";4.8719;52.359224;
244;"04.31";"Parkietenbank";"Parkietenbank";"parkietenbank.jpg";"Ja";"TP-04-31.jpg";265;"Zitbank";"POINT(4.871913,52.359156)";"POINT(52.359156,4.871913)";4.871913;52.359156;
245;"04.36";"Canapé";"Parkietenbank";"parkietenbank.jpg";"Beschikbaar";"";338;"Zitbank";"POINT(4.871527,52.358601)";"POINT(52.358601,4.871527)";4.871527;52.358601;
246;"04.16";"Canapé";"Parkietenbank";"parkietenbank.jpg";"Beschikbaar";"";285;"Zitbank";"POINT(4.869018,52.358304)";"POINT(52.358304,4.869018)";4.869018;52.358304;
247;"04.11";"Parkietenbank";"Parkietenbank";"parkietenbank.jpg";"Ja";"TP-04-11.jpg";39;"Zitbank";"POINT(4.869713,52.358459)";"POINT(52.358459,4.869713)";4.869713;52.358459;
248;"04.12";"Parkietenbank";"Parkietenbank";"parkietenbank.jpg";"Ja";"TP-04-12.jpg";41;"Zitbank";"POINT(4.86975,52.358439)";"POINT(52.358439,4.86975)";4.86975;52.358439;
249;"04.15";"Parkietenbank";"Parkietenbank";"parkietenbank.jpg";"Ja";"TP-04-15.jpg";168;"Zitbank";"POINT(4.869588,52.358146)";"POINT(52.358146,4.869588)";4.869588;52.358146;
250;"04.14";"Parkietenbank";"Parkietenbank";"parkietenbank.jpg";"Beschikbaar";"";165;"Zitbank";"POINT(4.869636,52.358153)";"POINT(52.358153,4.869636)";4.869636;52.358153;
251;"04.13";"Parkietenbank";"Parkietenbank";"parkietenbank.jpg";"Ja";"TP-04-13.jpg";163;"Zitbank";"POINT(4.869681,52.35816)";"POINT(52.35816,4.869681)";4.869681;52.35816;
252;"04.35";"Parkietenbank";"Parkietenbank";"parkietenbank.jpg";"Beschikbaar";"";226;"Zitbank";"POINT(4.870279,52.358308)";"POINT(52.358308,4.870279)";4.870279;52.358308;
253;"04.34";"Parkietenbank";"Parkietenbank";"parkietenbank.jpg";"Ja";"TP-04-34.jpg";223;"Zitbank";"POINT(4.870321,52.358281)";"POINT(52.358281,4.870321)";4.870321;52.358281;
254;"04.32";"Parkietenbank";"Parkietenbank";"parkietenbank.jpg";"Ja";"TP-04-32.jpg";219;"Zitbank";"POINT(4.870432,52.358243)";"POINT(52.358243,4.870432)";4.870432;52.358243;
255;"01.00";"Mussenbank";"Mussenbank";"mussenbank.jpg";"Ja";"TP-01-00.jpg";321;"Zitbank";"POINT(4.87531,52.360303)";"POINT(52.360303,4.87531)";4.87531;52.360303;
256;"01.17";"Nog niet geplaatst";"Mussenbank";"mussenbank.jpg";"Beschikbaar, nog niet geplaatst";"";180;"Zitbank";"POINT(4.875265,52.360395)";"POINT(52.360395,4.875265)";4.875265;52.360395;
257;"12.03";"Nog niet geplaatst";"Rondom boom";"rondom boom.jpg";"Niet beschikbaar";"";180;"Bijzonder";"POINT(4.875467,52.360536)";"POINT(52.360536,4.875467)";4.875467;52.360536;
258;"01.16";"Mussenbank";"Mussenbank";"mussenbank.jpg";"Beschikbaar";"";341;"Zitbank";"POINT(4.876119,52.36038)";"POINT(52.36038,4.876119)";4.876119;52.36038;
259;"01.15";"Mussenbank";"Mussenbank";"mussenbank.jpg";"Beschikbaar";"";337;"Zitbank";"POINT(4.876336,52.360438)";"POINT(52.360438,4.876336)";4.876336;52.360438;
260;"01.14";"Mussenbank";"Mussenbank";"mussenbank.jpg";"Beschikbaar";"";339;"Zitbank";"POINT(4.87652,52.360484)";"POINT(52.360484,4.87652)";4.87652;52.360484;
261;"01.20";"Mussenbank";"Mussenbank";"mussenbank.jpg";"Ja";"TP-01-20.jpg";321;"Zitbank";"POINT(4.875848,52.360052)";"POINT(52.360052,4.875848)";4.875848;52.360052;
262;"01.13";"Mussenbank";"Mussenbank";"mussenbank.jpg";"Beschikbaar";"";124;"Zitbank";"POINT(4.877006,52.360913)";"POINT(52.360913,4.877006)";4.877006;52.360913;
263;"01.12";"Mussenbank";"Mussenbank";"mussenbank.jpg";"Beschikbaar";"";152;"Zitbank";"POINT(4.877049,52.360938)";"POINT(52.360938,4.877049)";4.877049;52.360938;
264;"01.10";"Mussenbank";"Mussenbank";"mussenbank.jpg";"Beschikbaar";"";259;"Zitbank";"POINT(4.877204,52.360883)";"POINT(52.360883,4.877204)";4.877204;52.360883;
265;"01.09";"Mussenbank";"Mussenbank";"mussenbank.jpg";"Beschikbaar";"";344;"Zitbank";"POINT(4.87919,52.360937)";"POINT(52.360937,4.87919)";4.87919;52.360937;
266;"01.06";"Mussenbank";"Mussenbank";"mussenbank.jpg";"Beschikbaar";"";336;"Zitbank";"POINT(4.879438,52.360781)";"POINT(52.360781,4.879438)";4.879438;52.360781;
267;"01.05";"Mussenbank";"Mussenbank";"mussenbank.jpg";"Beschikbaar";"";336;"Zitbank";"POINT(4.879485,52.360796)";"POINT(52.360796,4.879485)";4.879485;52.360796;
268;"01.08";"Mussenbank";"Mussenbank";"mussenbank.jpg";"Ja";"TP-01-08.jpg";159;"Zitbank";"POINT(4.879624,52.361069)";"POINT(52.361069,4.879624)";4.879624;52.361069;
269;"01.07";"Mussenbank";"Mussenbank";"mussenbank.jpg";"Ja";"TP-01-07.jpg";155;"Zitbank";"POINT(4.879689,52.361086)";"POINT(52.361086,4.879689)";4.879689;52.361086;
270;"01.04";"Mussenbank";"Mussenbank";"mussenbank.jpg";"Ja";"TP-01-04.jpg";329;"Zitbank";"POINT(4.879783,52.3609)";"POINT(52.3609,4.879783)";4.879783;52.3609;
271;"01.03";"Mussenbank";"Mussenbank";"mussenbank.jpg";"Beschikbaar";"";331;"Zitbank";"POINT(4.879824,52.360915)";"POINT(52.360915,4.879824)";4.879824;52.360915;
272;"01.49";"Mussenbank";"Mussenbank";"mussenbank.jpg";"Ja";"TP-01-49.jpg";148;"Zitbank";"POINT(4.88011,52.361207)";"POINT(52.361207,4.88011)";4.88011;52.361207;
273;"01.01";"Mussenbank";"Mussenbank";"mussenbank.jpg";"Beschikbaar";"";327;"Zitbank";"POINT(4.880299,52.361103)";"POINT(52.361103,4.880299)";4.880299;52.361103;
274;"01.02";"Mussenbank";"Mussenbank";"mussenbank.jpg";"Beschikbaar";"";327;"Zitbank";"POINT(4.880251,52.361084)";"POINT(52.361084,4.880251)";4.880251;52.361084;
275;"05.19";"Reigerbank";"Reigerbank";"reigerbank.jpg";"Beschikbaar";"";72;"Zitbank";"POINT(4.856355,52.355719)";"POINT(52.355719,4.856355)";4.856355;52.355719;
276;"05.31";"Nog niet geplaatst";"Reigerbank";"reigerbank.jpg";"Beschikbaar, nog niet geplaatst";"";110;"Zitbank";"POINT(4.856328,52.356186)";"POINT(52.356186,4.856328)";4.856328;52.356186;
277;"06.24";"Eekhoornbank";"Eekhoornbank";"eekhoornbank.jpg";"Beschikbaar";"";130;"Zitbank";"POINT(4.862349,52.356708)";"POINT(52.356708,4.862349)";4.862349;52.356708;
278;"06.23";"Eekhoornbank";"Eekhoornbank";"eekhoornbank.jpg";"Beschikbaar";"";315;"Zitbank";"POINT(4.862444,52.356716)";"POINT(52.356716,4.862444)";4.862444;52.356716;
279;"06.27";"Eekhoornbank";"Eekhoornbank";"eekhoornbank.jpg";"Ja";"TP-06-27.jpg";242;"Zitbank";"POINT(4.862699,52.356628)";"POINT(52.356628,4.862699)";4.862699;52.356628;
280;"06.26";"Eekhoornbank";"Eekhoornbank";"6-eekhoornbank.jpg";"Ja";"TP-06-26.jpg";49;"Zitbank";"POINT(4.862766,52.356515)";"POINT(52.356515,4.862766)";4.862766;52.356515;
281;"09.18";"Nog niet geplaatst";"Vleugelnootbank";"vleugelnootbank.jpg";"Beschikbaar, nog niet geplaatst";"";342;"Zitbank";"POINT(4.861423,52.355901)";"POINT(52.355901,4.861423)";4.861423;52.355901;
282;"09.19";"Nog niet geplaatst";"Vleugelnootbank";"vleugelnootbank.jpg";"Beschikbaar, nog niet geplaatst";"";342;"Zitbank";"POINT(4.861479,52.355916)";"POINT(52.355916,4.861479)";4.861479;52.355916;
283;"09.20";"Nog niet geplaatst";"Vleugelnootbank";"vleugelnootbank.jpg";"Beschikbaar, nog niet geplaatst";"";157;"Zitbank";"POINT(4.861577,52.355935)";"POINT(52.355935,4.861577)";4.861577;52.355935;
284;"10.31";"Nog niet geplaatst";"Platanenbank";"platanenbank.jpg";"Beschikbaar, nog niet geplaatst";"";173;"Zitbank";"POINT(4.865132,52.35881)";"POINT(52.35881,4.865132)";4.865132;52.35881;
285;"06.03";"Eekhoornbank";"Eekhoornbank";"eekhoornbank.jpg";"Ja";"TP-06-03.jpg";163;"Zitbank";"POINT(4.859582,52.354828)";"POINT(52.354828,4.859582)";4.859582;52.354828;
286;"07.08";"Kastanjebank";"Kastanjebank";"kastanjebank.jpg";"Beschikbaar";"";141;"Zitbank";"POINT(4.870649,52.359273)";"POINT(52.359273,4.870649)";4.870649;52.359273;
287;"07.29";"Canapé";"Kastanjebank";"kastanjebank.jpg";"Beschikbaar";"";162;"Zitbank";"POINT(4.873896,52.360698)";"POINT(52.360698,4.873896)";4.873896;52.360698;
288;"01.18";"Mussenbank";"Mussenbank";"mussenbank.jpg";"Beschikbaar";"TP-01-18.jpg";218;"Zitbank";"POINT(4.875304,52.360387)";"POINT(52.360387,4.875304)";4.875304;52.360387;
289;"01.19";"Mussenbank";"Mussenbank";"mussenbank.jpg";"Ja";"TP-01-19.jpg";246;"Zitbank";"POINT(4.87533,52.360368)";"POINT(52.360368,4.87533)";4.87533;52.360368;
290;"03.03";"Beukenbank";"Beukenbank";"beukenbank.jpg";"Ja";"TP-03-03.jpg";180;"Zitbank";"POINT(4.8743453,52.3602527)";"POINT(52.3602527,4.8743453)";4.8743453;52.3602527;

