OBJECTNUMMER;Naam_locatie;Categorie;WKT_LNG_LAT;WKT_LAT_LNG;LNG;LAT;
43;"Sloterstrand";"Zwemplek";"POINT(4.8223588,52.3716399)";"POINT(52.3716399,4.8223588)";4.8223588;52.3716399;
52;"Brediusbad";"Buitenzwembad";"POINT(4.869488,52.392182)";"POINT(52.392182,4.869488)";4.869488;52.392182;
53;"Noorderparkbad";"Buitenzwembad";"POINT(4.9188168,52.3979117)";"POINT(52.3979117,4.9188168)";4.9188168;52.3979117;
54;"Flevoparkbad";"Buitenzwembad";"POINT(4.952564,52.3644568)";"POINT(52.3644568,4.952564)";4.952564;52.3644568;
55;"De Mirandabad";"Buitenzwembad";"POINT(4.903898,52.3388869)";"POINT(52.3388869,4.903898)";4.903898;52.3388869;
56;"Sloterparkbad";"Buitenzwembad";"POINT(4.8176491,52.369435)";"POINT(52.369435,4.8176491)";4.8176491;52.369435;
57;"Diemerpark";"Zwemplek";"POINT(4.9864891,52.3542601)";"POINT(52.3542601,4.9864891)";4.9864891;52.3542601;
59;"Gaasperplas";"Zwemplek";"POINT(4.9966061,52.3033682)";"POINT(52.3033682,4.9966061)";4.9966061;52.3033682;
60;"Zandstrand, Ouderkerkerplas";"Zwemplek";"POINT(4.929497,52.2950102)";"POINT(52.2950102,4.929497)";4.929497;52.2950102;
61;"Gibraltarbadje";"Pierenbadje";"POINT(4.8535831,52.3833548)";"POINT(52.3833548,4.8535831)";4.8535831;52.3833548;
62;"Beatrixpark";"Pierenbadje";"POINT(4.884042,52.3432852)";"POINT(52.3432852,4.884042)";4.884042;52.3432852;
63;"Vondelpark";"Pierenbadje";"POINT(4.8652451,52.3581931)";"POINT(52.3581931,4.8652451)";4.8652451;52.3581931;
64;"Westerpark";"Pierenbadje";"POINT(4.87238,52.3878905)";"POINT(52.3878905,4.87238)";4.87238;52.3878905;
65;"Bellamyplein";"Pierenbadje";"POINT(4.8673999,52.368199)";"POINT(52.368199,4.8673999)";4.8673999;52.368199;
66;"Plejadenplein";"Pierenbadje";"POINT(4.8856432,52.413819)";"POINT(52.413819,4.8856432)";4.8856432;52.413819;
67;"Adelaarsweg";"Pierenbadje";"POINT(4.9225242,52.3903929)";"POINT(52.3903929,4.9225242)";4.9225242;52.3903929;
110;"Piet Wiedijkpark";"Pierenbadje";"POINT(4.8174512,52.3550345)";"POINT(52.3550345,4.8174512)";4.8174512;52.3550345;
111;"Gerbrandypark";"Pierenbadje";"POINT(4.828428,52.3780715)";"POINT(52.3780715,4.828428)";4.828428;52.3780715;
112;"Eendrachtspark";"Pierenbadje";"POINT(4.8091981,52.3825194)";"POINT(52.3825194,4.8091981)";4.8091981;52.3825194;
128;"Zuiderbad";"Binnenzwembad";"POINT(4.8859599,52.3585288)";"POINT(52.3585288,4.8859599)";4.8859599;52.3585288;
129;"Sportfondsenbad Oost";"Binnenzwembad";"POINT(4.928693,52.3566672)";"POINT(52.3566672,4.928693)";4.928693;52.3566672;
130;"Blijburg";"Zwemplek";"POINT(5.0175378,52.3538672)";"POINT(52.3538672,5.0175378)";5.0175378;52.3538672;
131;"Nieuwe Meer, Noordoever";"Zwemplek";"POINT(4.8158791,52.3348586)";"POINT(52.3348586,4.8158791)";4.8158791;52.3348586;
132;"Nieuwe Meer Westzijde, oeverlanden";"Zwemplek";"POINT(4.811588,52.3327605)";"POINT(52.3327605,4.811588)";4.811588;52.3327605;
133;"De Grote Speelweide, Amsterdamse Bos";"Zwemplek";"POINT(4.827852,52.3197714)";"POINT(52.3197714,4.827852)";4.827852;52.3197714;
135;"Groenstrand, Ouderkerkerplas";"Zwemplek";"POINT(4.925142,52.294274)";"POINT(52.294274,4.925142)";4.925142;52.294274;
136;"Strand de Hoge Dijk";"Zwemplek";"POINT(4.965997,52.2861106)";"POINT(52.2861106,4.965997)";4.965997;52.2861106;
137;"Speelsloot (De Hoge Dijk)";"Zwemplek";"POINT(4.9651172,52.2866561)";"POINT(52.2866561,4.9651172)";4.9651172;52.2866561;
138;"Speelvijver-Noord, Gaasperplas";"Zwemplek";"POINT(4.9884422,52.3095862)";"POINT(52.3095862,4.9884422)";4.9884422;52.3095862;
139;"Het Twiske, Doesstrand";"Zwemplek";"POINT(4.8938129,52.4383208)";"POINT(52.4383208,4.8938129)";4.8938129;52.4383208;
140;"Het Twiske, Vennegatstrand";"Zwemplek";"POINT(4.8938129,52.4415137)";"POINT(52.4415137,4.8938129)";4.8938129;52.4415137;
141;"J.J. Cremerplein";"Pierenbadje";"POINT(4.8587511,52.3594252)";"POINT(52.3594252,4.8587511)";4.8587511;52.3594252;
142;"Oosterpark";"Pierenbadje";"POINT(4.9214718,52.361756)";"POINT(52.361756,4.9214718)";4.9214718;52.361756;
143;"Kleine kinderbad, Amsterdamse Bos";"Pierenbadje";"POINT(4.8492892,52.3245017)";"POINT(52.3245017,4.8492892)";4.8492892;52.3245017;
144;"Grote kinderbad, Amsterdamse Bos";"Pierenbadje";"POINT(4.8233888,52.3169333)";"POINT(52.3169333,4.8233888)";4.8233888;52.3169333;
146;"De Mirandabad";"Binnenzwembad";"POINT(4.9027178,52.3386885)";"POINT(52.3386885,4.9027178)";4.9027178;52.3386885;
147;"Sloterparkbad";"Binnenzwembad";"POINT(4.8181431,52.3703276)";"POINT(52.3703276,4.8181431)";4.8181431;52.3703276;
148;"Sportplaza Mercator";"Binnenzwembad";"POINT(4.846607,52.3717925)";"POINT(52.3717925,4.846607)";4.846607;52.3717925;
149;"Sportplaza Mercator";"Buitenzwembad";"POINT(4.8465311,52.3712241)";"POINT(52.3712241,4.8465311)";4.8465311;52.3712241;
150;"Noorderparkbad";"Binnenzwembad";"POINT(4.917835,52.3980986)";"POINT(52.3980986,4.917835)";4.917835;52.3980986;
151;"Marnixbad";"Binnenzwembad";"POINT(4.878299,52.3778998)";"POINT(52.3778998,4.878299)";4.878299;52.3778998;
152;"Bijlmer Sportcentrum";"Binnenzwembad";"POINT(4.9578111,52.3154952)";"POINT(52.3154952,4.9578111)";4.9578111;52.3154952;
156;"Het Woeste Westen";"Waterspeeltuin";"POINT(4.8658431,52.3900649)";"POINT(52.3900649,4.8658431)";4.8658431;52.3900649;
157;"De Natureluur";"Waterspeeltuin";"POINT(4.8132021,52.3709189)";"POINT(52.3709189,4.8132021)";4.8132021;52.3709189;
158;"Jeugdland";"Waterspeeltuin";"POINT(4.9558308,52.358998)";"POINT(52.358998,4.9558308)";4.9558308;52.358998;

